Tipo de Incidencia,Clave de incidencia,ID de la incidencia,Resumen,Persona asignada,ID de la persona asignada,Informador,ID del informador,Prioridad,Estado,Resolución,Creada,Actualizada,Fecha de vencimiento
Incidente,INC-45,21242,Usuarios de la sucursal punta arenas no pueden conectarse a SAP con el wifi corporativo,Italo Hernan Pinto Montoya,712020:2f3e1c92-5fc9-40db-a408-9c532c1b54b5,Jair Mendez,712020:22ffd4f6-d064-47c3-9759-330c4c41fa9d,Alta,Validación del usuario,,06/abr/26 00:09,10/abr/26 00:38,
Incidente S4,IS4-62,21244,.Acceso (visualización ) UKM_BP,,,Francisco Javier Atala Muñoz,712020:de68c72b-b243-471b-8d9c-2c2056c829cb,Alta,Equipo Resolutor Asignado,,06/abr/26 00:22,14/ago/26 16:31,
Incidente S4,IS4-65,21248,Sin conectar por cable red,,,Alejandro Esteban Palma Font de la Vall,712020:541a96e9-f3c9-44c1-93bf-afd8ee3e3391,Alta,Equipo Resolutor Asignado,,06/abr/26 00:36,22/abr/26 10:14,
Incidente S4,IS4-120,21327,Bloqueo en S4 ,,,Leidy Tatiana Leon L,712020:9f01b0e9-6c3e-4f87-a273-6cdcf9715ad2,Alta,Equipo Resolutor Asignado,,06/abr/26 05:23,21/abr/26 11:42,
Incidente S4,IS4-124,21333,Bloqueo en BDC,Jorge Andres Perez Saez,712020:5584c1ba-2f69-4291-b750-558fd5e49056,Leidy Tatiana Leon L,712020:9f01b0e9-6c3e-4f87-a273-6cdcf9715ad2,Alta,Validación del usuario,,06/abr/26 05:32,25/ago/26 17:32,
Incidente S4,IS4-128,21351,usuario solicita desbloqueo de clave de VM ,,,Leidy Tatiana Leon L,712020:9f01b0e9-6c3e-4f87-a273-6cdcf9715ad2,Alta,Equipo Resolutor Asignado,,06/abr/26 06:31,21/abr/26 12:00,
Incidente S4,IS4-140,21373,Error al ingresar al portal de Reportes de cumplimiento,Jorge Andres Perez Saez,712020:5584c1ba-2f69-4291-b750-558fd5e49056,Franco Guiñez,712020:6936b4fa-b95c-4f96-a4e9-3701f624831f,Alta,Validación del usuario,,06/abr/26 07:17,25/ago/26 18:22,
Incidente S4,IS4-147,21385,usuario solicita clave de SPR,,,Leidy Tatiana Leon L,712020:9f01b0e9-6c3e-4f87-a273-6cdcf9715ad2,Alta,Equipo Resolutor Asignado,,06/abr/26 07:34,16/abr/26 12:08,
Incidente S4,IS4-150,21392,Problemas en credenciales en SAP BDC,Jorge Andres Perez Saez,712020:5584c1ba-2f69-4291-b750-558fd5e49056,Franco Guiñez,712020:6936b4fa-b95c-4f96-a4e9-3701f624831f,Alta,Validación del usuario,,06/abr/26 07:49,25/ago/26 18:23,
Incidente S4,IS4-159,21411,SMENDOZA,,,Sergio Andres Mendoza Bustos,712020:ae409eb4-e45d-4096-b0dd-6b385c0c7145,Alta,Equipo Resolutor Asignado,,06/abr/26 08:12,10/abr/26 00:38,
Incidente,INC-130,21449,Acceso a SAP SPR,Kevin Alexis Maldonado Muñoz,712020:c8eacfb5-650a-4c88-857f-2414a8f12044,Leidy Tatiana Leon L,712020:9f01b0e9-6c3e-4f87-a273-6cdcf9715ad2,Alta,Validación del usuario,,06/abr/26 08:54,10/abr/26 00:38,
Incidente,INC-150,21481,VPN Externa ,Alexis Andres Diaz Gutierrez,712020:3be679ea-af26-441b-8bb6-d0d2262df709,Marisel Edith Vergara Norambuena,712020:656a14e4-2420-468d-9903-a996e0185924,Alta,Resuelto,,06/abr/26 09:20,08/abr/26 15:50,
Incidente S4,IS4-193,21493,no se contabiliza la liberación masiva de cheques al dia,Fernando Figueroa,712020:303c680c-e052-41bd-9f0c-186fea1b0bb5,Abigail Alejandra Relh Gonzalez,712020:95ad596f-17c2-43de-9d3c-e239990eb978,Alta,Equipo Resolutor Asignado,,06/abr/26 09:26,17/abr/26 17:35,
Incidente S4,IS4-202,21503,Usuaria no puede ingresar a SAP,,,Leonardo Javier Barahona Gaete,712020:838e14a0-01fc-400e-993f-1fdf5257b90d,Alta,Equipo Resolutor Asignado,,06/abr/26 09:31,21/abr/26 11:38,
Incidente S4,IS4-216,21526,Usuaria no puede ingresar a SAP,,,Leonardo Javier Barahona Gaete,712020:838e14a0-01fc-400e-993f-1fdf5257b90d,Alta,Equipo Resolutor Asignado,,06/abr/26 09:45,21/abr/26 11:32,
Incidente,INC-171,21539,ERROR INGRESO A SAP,Aldo Rodrigo Gonzalez Contreras,712020:444ef87b-e384-47e4-b76a-52abffc021d9,IVETTE SEPULVEDA BANDA,712020:9dfaa318-53af-4e38-8ce7-5fc0cd7e1ae8,Alta,Validación del usuario,,06/abr/26 09:59,10/abr/26 00:38,
Incidente S4,IS4-233,21548,Solicitud de Homologación por REMPLAZO de Jefe administrativo a Jefe de Zona,,,Constanza Belen Inarejo Aceiton,712020:1be367bb-c6b1-417b-9113-48a21b48c606,Alta,Equipo Resolutor Asignado,,06/abr/26 10:07,21/abr/26 11:30,
Incidente S4,IS4-251,21581,Usuario no puede ingresar a SAP Payroll,,,Leonardo Javier Barahona Gaete,712020:838e14a0-01fc-400e-993f-1fdf5257b90d,Alta,Equipo Resolutor Asignado,,06/abr/26 10:33,17/abr/26 17:35,
Incidente S4,IS4-265,21604,Usuario tiene problemas con credenciales SPR,,,Erik Antonio Avello Muñoz,712020:869c9d33-067b-414c-8475-811f73e1934e,Alta,Equipo Resolutor Asignado,,06/abr/26 10:45,21/abr/26 12:05,
Incidente S4,IS4-266,21605,Usuario FSALINAS sin acceso a SAP HANA,,,Luis Jonathan Navarrete Jimenez,712020:7324bbc3-6e19-4df6-b86e-659b2635ae7d,Alta,Equipo Resolutor Asignado,,06/abr/26 10:46,21/abr/26 12:02,
Incidente S4,IS4-272,21615,Usuario solicita nueva clave de SAP BW,,,Leidy Tatiana Leon L,712020:9f01b0e9-6c3e-4f87-a273-6cdcf9715ad2,Alta,Equipo Resolutor Asignado,,06/abr/26 10:58,13/abr/26 21:32,
Incidente S4,IS4-276,21621,Usuario no puede ingresar a SAP Netweaver,Jorge Andres Perez Saez,712020:5584c1ba-2f69-4291-b750-558fd5e49056,Leonardo Javier Barahona Gaete,712020:838e14a0-01fc-400e-993f-1fdf5257b90d,Alta,Validación del usuario,,06/abr/26 11:02,25/ago/26 18:24,
Incidente S4,IS4-286,21650,Clave SAP BW,Leidy Tatiana Leon L,712020:9f01b0e9-6c3e-4f87-a273-6cdcf9715ad2,Leidy Tatiana Leon L,712020:9f01b0e9-6c3e-4f87-a273-6cdcf9715ad2,Alta,Documentación Incidente,,06/abr/26 11:26,24/jul/26 13:07,
Incidente S4,IS4-303,21690,Nueva clave de SAP BW,,,Leidy Tatiana Leon L,712020:9f01b0e9-6c3e-4f87-a273-6cdcf9715ad2,Alta,Equipo Resolutor Asignado,,06/abr/26 12:03,17/abr/26 17:35,
Incidente S4,IS4-306,21693,ABIGAIL TAMARIN AQUEVEQUE CONTRERAS,,,"Aqueveque Contreras, Abigail Tamarin",712020:463ae0cb-97d0-4261-a4b8-fd67378cc7c9,Alta,Equipo Resolutor Asignado,,06/abr/26 12:06,04/jun/26 11:07,
Incidente S4,IS4-315,21713,Clave SAP Hana,,,Ignacio Alonso Cortes Valenzuela,712020:61c1cef8-ab0d-438a-b6b6-4e58418d2c93,Alta,Equipo Resolutor Asignado,,06/abr/26 12:25,17/abr/26 17:35,
Incidente S4,IS4-317,21715,Acceso denegado : Access denied sy-subrc: 15,,,Maria De Los Angeles Lillo Luchsinger,712020:05d0971a-43d4-46d6-b354-d9f66a75cee3,Alta,Equipo Resolutor Asignado,,06/abr/26 12:27,17/abr/26 09:38,
Incidente S4,IS4-330,21732,Error NETWORK problem,,,Daniela Shirley Gonzalez Gonzalez,712020:afb51161-49f3-426e-9607-3ee6e15b5655,Alta,Equipo Resolutor Asignado,,06/abr/26 12:45,14/abr/26 11:48,
Incidente S4,IS4-334,21737,Centralización contable de remuneraciones,,,Pedro Luis Norambuena Cornejo,712020:79be35a6-925f-4f3b-962a-42db9be3349c,Alta,Equipo Resolutor Asignado,,06/abr/26 12:54,11/may/26 09:16,
Incidente S4,IS4-348,21762,No carga centro de costos,Juan Antonio Rivas Orellana,712020:6782a435-3ddc-4cdd-82a0-a042d36e7d27,Leonardo Javier Barahona Gaete,712020:838e14a0-01fc-400e-993f-1fdf5257b90d,Alta,Equipo Resolutor Asignado,,06/abr/26 13:31,11/may/26 09:19,
Incidente S4,IS4-350,21767,Usuario BW analisis,,,Leonardo Javier Barahona Gaete,712020:838e14a0-01fc-400e-993f-1fdf5257b90d,Alta,Equipo Resolutor Asignado,,06/abr/26 13:45,17/abr/26 17:35,
Incidente S4,IS4-351,21774,SAP SPR PROBLEMAS DE VALIDEZ,,,IVETTE SEPULVEDA BANDA,712020:9dfaa318-53af-4e38-8ce7-5fc0cd7e1ae8,Alta,Equipo Resolutor Asignado,,06/abr/26 14:01,17/abr/26 17:35,
Incidente S4,IS4-358,21795,"SAP Fiori, no puede acceder",,,Leonardo Javier Barahona Gaete,712020:838e14a0-01fc-400e-993f-1fdf5257b90d,Alta,Equipo Resolutor Asignado,,06/abr/26 14:34,21/abr/26 14:19,
Incidente S4,IS4-368,21817,impendimento de generar pedidos en prog. nacional,Jose Manuel Salazar,712020:bc332ccf-615a-443e-832c-e886d3d8a9cc,Javiera Francisca Allendes Castillo,712020:e4390b38-2d23-4612-8890-e5b6001f10d2,Alta,Diagnostico/Validación Inicial,,06/abr/26 14:59,02/sep/26 18:20,
Incidente,INC-290,21820,Problemas en genesys,,,Leidy Tatiana Leon L,712020:9f01b0e9-6c3e-4f87-a273-6cdcf9715ad2,Alta,Equipo Asignado,,06/abr/26 15:02,10/abr/26 00:38,
Incidente S4,IS4-370,21822,Usuario Bloqueado en venta Movil,,,karol Dayanna palomino Serrano,712020:b785cc91-2b6c-4072-b6fb-75aeccdc267d,Alta,Equipo Resolutor Asignado,,06/abr/26 15:09,13/abr/26 21:34,
Incidente S4,IS4-376,21830,ERROR AL INTENTAR HACER UNA SALIDA DE MERCANCIA POR UN ACTIVO FIJO.,Victor Lara Basaez,5fdfbb813b5e4701384e348c,Alejandro Enrique Gonzalez Bracho,712020:5d49ed79-edcd-4f14-9eca-e80ad03364f9,Alta,Equipo Resolutor Asignado,,06/abr/26 15:21,20/abr/26 13:25,
Incidente S4,IS4-386,21843,Solicita homologacion,,,Cristian Gonzalez,712020:19982e45-c8ec-48ed-a1b1-82c03a22c486,Alta,Equipo Resolutor Asignado,,06/abr/26 15:33,21/abr/26 14:26,
Incidente S4,IS4-393,21855,Acceso a SAP,,,Leidy Tatiana Leon L,712020:9f01b0e9-6c3e-4f87-a273-6cdcf9715ad2,Alta,Equipo Resolutor Asignado,,06/abr/26 15:54,11/may/26 09:22,
Incidente S4,IS4-404,21874,Carga de lotes de manera automática calidad bodega,Emilio Esteban Rivera Nieto,712020:d1294f36-a376-4d29-b192-6de230e86426,Milton Horacio Rivas Villagra,712020:8336b48a-c18d-48e7-9928-437cccc84012,Alta,Equipo Resolutor Asignado,,06/abr/26 16:22,10/abr/26 22:38,
Incidente S4,IS4-409,21885,Cambio credenciales BDC,,,Erik Antonio Avello Muñoz,712020:869c9d33-067b-414c-8475-811f73e1934e,Alta,Equipo Resolutor Asignado,,06/abr/26 16:33,17/abr/26 17:35,
Incidente S4,IS4-421,21902,Jefe administrativo no puede anular los comprobantes de pago,Victor Lara Basaez,5fdfbb813b5e4701384e348c,Nelson Enrique Ojeda Rondon,712020:1775658e-7268-4f9d-bec9-fe0601e7fa18,Alta,Equipo Resolutor Asignado,,06/abr/26 16:45,13/abr/26 11:38,
Incidente S4,IS4-428,21914,Desbloqueo sap BDC,,,Erik Antonio Avello Muñoz,712020:869c9d33-067b-414c-8475-811f73e1934e,Alta,Equipo Resolutor Asignado,,06/abr/26 16:53,17/abr/26 17:35,
Incidente,INC-328,21923,DESBLOQUEO CUENTA AD USUARIO: ACADIZ,Evelyn Escarleth Pozo Mardones,712020:8b960cfb-b110-4045-923f-c9094ff363d0,Evelyn Escarleth Pozo Mardones,712020:8b960cfb-b110-4045-923f-c9094ff363d0,Alta,Resuelto,,06/abr/26 17:06,10/abr/26 00:38,
Incidente S4,IS4-454,21975,Porblema con el filtro de la TX  S_ALR87012209 Diario Anal.cartera ampl. List Viewer,Wiston Urbaez,712020:f374585a-6331-4630-8b00-4d57154a9cbe,Diego Ignacio Carvajal Carrasco,712020:8acc2299-b4bc-4914-be54-fb7b970e6663,Alta,Diagnostico/Validación Inicial,,06/abr/26 18:08,02/sep/26 18:27,
Incidente S4,IS4-456,21978,Problema de acceso a CRM,,,Alejandro Enrique Gonzalez Bracho,712020:5d49ed79-edcd-4f14-9eca-e80ad03364f9,Alta,Equipo Resolutor Asignado,,06/abr/26 18:23,20/abr/26 13:25,
Incidente S4,IS4-487,22056,Desbloqueo BDC janunezr,,,Sebastián Latife Gaete,712020:c429cbf6-2afb-4d08-9eaf-ca37c605f862,Alta,Equipo Resolutor Asignado,,06/abr/26 23:29,13/abr/26 21:54,
Incidente S4,IS4-505,22107,Desbloqueo sap BDC,,,Erik Antonio Avello Muñoz,712020:869c9d33-067b-414c-8475-811f73e1934e,Alta,Equipo Resolutor Asignado,,07/abr/26 07:41,13/abr/26 21:59,
Incidente S4,IS4-510,22132,RE: IS4-497 impresión guías  CDK,Fernando Figueroa,712020:303c680c-e052-41bd-9f0c-186fea1b0bb5,Fabian Andres Gatica Albornoz,712020:71dbca5e-364a-4acd-aa26-fbf8d1d3d2fd,Alta,Validación del usuario,,07/abr/26 08:34,20/jul/26 10:28,
Incidente S4,IS4-514,22141,Ajuste estadístico ZA // Anticipo proveedor extranjero,Carlos Fabian Meneses  Bravo,70121:3c0e5c45-be78-463d-a651-77d98e6f081f,Paula Andrea San Martin Tapia,712020:3bd4518f-0f3d-4679-ba26-5fa64e8fa291,Alta,Documentación Incidente,,07/abr/26 08:40,17/abr/26 09:06,
Incidente S4,IS4-523,22160,Cuenta bloqueada para contabilizaciones,,,Alexis Fernando Vergara Cerda,712020:142780f9-aa4c-405c-abfe-32facd0e3a0c,Alta,Equipo Resolutor Asignado,,07/abr/26 09:02,17/abr/26 17:35,
Incidente S4,IS4-531,22178,No logra ingresar a sap,,,Cristian Gonzalez,712020:19982e45-c8ec-48ed-a1b1-82c03a22c486,Alta,Equipo Resolutor Asignado,,07/abr/26 09:26,17/abr/26 17:35,
Incidente S4,IS4-533,22184,Glosa erronea por migracion,Luis Alejandro Araya Cornejo,70121:6968c2a5-786f-48d7-ae88-63bfd0ab0f3b,Paola Andrea Lizana Lizana,712020:266b8402-2abb-4f3e-b997-211c912eae66,Alta,Equipo Resolutor Asignado,,07/abr/26 09:34,08/may/26 10:30,
Incidente S4,IS4-550,22226,Whatsapp proveedores con error en respuestas,Marco Alberto Zuñiga Miranda,712020:540a2f24-14fd-4f9a-8518-bbcd96502ac6,Paola Andrea Lizana Lizana,712020:266b8402-2abb-4f3e-b997-211c912eae66,Alta,Resolución del Incidente,,07/abr/26 10:09,16/abr/26 15:34,
Incidente S4,IS4-559,22246,Datos maestros no se refrejan en la plataforma,,,Roger Alexander Parada Blanco,712020:234b0d24-cbaa-46ea-8569-871c27298fa9,Alta,Equipo Resolutor Asignado,,07/abr/26 10:27,21/abr/26 14:31,
Incidente S4,IS4-566,22260,Asignación Cartolas Bancarias,,,Ivan Andres Ortega Gacitua,712020:f529ce09-f7a9-4ac2-8097-5fa433978c2c,Alta,Equipo Resolutor Asignado,,07/abr/26 10:44,23/abr/26 09:00,
Incidente S4,IS4-567,22264,RE: Información adicional Incidente IS4-487,,,Javiera Francisca Nuñez Roman,712020:d472adce-0a51-4df5-96ca-526f77588c5f,Alta,Validación del usuario,,07/abr/26 10:49,12/may/26 12:07,
Incidente,INC-536,22310,Reset autentificador,Camila Constanza Diaz-muñoz Alvarado,6387a6062acfad92d7b429dc,Leonardo Javier Barahona Gaete,712020:838e14a0-01fc-400e-993f-1fdf5257b90d,Alta,Validación del usuario,,07/abr/26 11:44,10/abr/26 00:22,
Incidente S4,IS4-597,22344,Solicitud de Transacciones,,,Eladio Millon,712020:a8a15da1-b501-4dc5-851e-e27493ddcff4,Alta,Equipo Resolutor Asignado,,07/abr/26 12:58,16/abr/26 09:57,
Incidente S4,IS4-602,22353,problema apertura spr y rafgui estacion incubadora lo miranda 1,,,Benjamin Alejandro Cortes Alarcon,712020:36bac7a4-2589-4124-8171-b3265b6e65c3,Alta,Equipo Resolutor Asignado,,07/abr/26 13:20,21/abr/26 14:57,
Incidente S4,IS4-608,22372,Caída de SAP Meatline,,,Erik Antonio Avello Muñoz,712020:869c9d33-067b-414c-8475-811f73e1934e,Alta,Equipo Resolutor Asignado,,07/abr/26 14:01,21/abr/26 14:59,
Incidente,INC-580,22384,PROBLEMAS INTERNET ,Victor Mauricio Vera Nuñez,712020:46155656-0657-4144-9fa4-ba01a5c2fdf8,IVETTE SEPULVEDA BANDA,712020:9dfaa318-53af-4e38-8ce7-5fc0cd7e1ae8,Alta,Validación del usuario,,07/abr/26 14:28,10/abr/26 00:22,
Incidente S4,IS4-626,22421,Accesos transaccion SAP,,,IVETTE SEPULVEDA BANDA,712020:9dfaa318-53af-4e38-8ce7-5fc0cd7e1ae8,Alta,Equipo Resolutor Asignado,,07/abr/26 15:19,21/abr/26 15:09,
Incidente S4,IS4-653,22493,autorizacion ZSDRP015_V2 ,,,Lorenzo Francisco Campos Quiroz,712020:6a55b690-c28c-4d8f-8822-832b0b0bcba4,Alta,Equipo Resolutor Asignado,,07/abr/26 16:39,17/abr/26 17:35,
Incidente S4,IS4-672,22532,Usuario solicita cambio de clave y desbloqueo de cuenta BDC USUARIO: GSTAUDTF,,,Evelyn Escarleth Pozo Mardones,712020:8b960cfb-b110-4045-923f-c9094ff363d0,Alta,Equipo Resolutor Asignado,,07/abr/26 18:10,17/abr/26 17:35,
Incidente,INC-658,22541,Revisión de fibra óptica en faenadora la calera,Victor Mauricio Vera Nuñez,712020:46155656-0657-4144-9fa4-ba01a5c2fdf8,Sebastián Latife Gaete,712020:c429cbf6-2afb-4d08-9eaf-ca37c605f862,Alta,Validación del usuario,,07/abr/26 18:33,03/ago/26 11:14,
Incidente S4,IS4-679,22567,Demora en transacciones de stock,Angy Mejias,712020:cb98f187-3c35-4504-918b-4ea04da76ca4,Emilio Alejandro Ruiz Correa,712020:140fca0e-5eed-48ae-a9aa-4abecf1321b8,Media,Resolución del Incidente,,07/abr/26 21:29,31/ago/26 15:25,
Incidente,INC-713,22617,ERROR DE DISTRIBUCION SAP SPR,Nivaldo Damian Farias Cornejo,712020:b0d13dab-a32c-4cb0-96c6-898a73162599,IVETTE SEPULVEDA BANDA,712020:9dfaa318-53af-4e38-8ce7-5fc0cd7e1ae8,Alta,Validación del usuario,,08/abr/26 07:49,10/abr/26 00:22,
Incidente,INC-724,22633,fallo en distribución de carga en SAP,Kevin Alexis Maldonado Muñoz,712020:c8eacfb5-650a-4c88-857f-2414a8f12044,Franco Guiñez,712020:6936b4fa-b95c-4f96-a4e9-3701f624831f,Alta,Validación del usuario,,08/abr/26 08:19,31/jul/26 11:24,
Incidente AMS,AMS-37,22716,Error 1060 Legacy,Brayan Dario Guarnizo Celis,712020:3e04b4d9-d3d5-460e-8c1e-71260f00b901,Erik Antonio Avello Muñoz,712020:869c9d33-067b-414c-8475-811f73e1934e,Alta,Cancelado,,08/abr/26 10:19,14/abr/26 16:30,
Incidente S4,IS4-727,22720,RE: IS4-327 Entrada de Mercancía a centro agua con lotes productivos en reemplazo del lote de venta,,,Paola Belen Marchant Marchant,712020:75a26d2e-9f2d-4418-a3cc-0096689a4a87,Alta,Creado,,08/abr/26 10:27,31/jul/26 09:03,
Incidente S4,IS4-736,22747,Inconsistencia en contratos Marcos por pedidos de compras no migrados,,,Paula Andrea San Martin Tapia,712020:3bd4518f-0f3d-4679-ba26-5fa64e8fa291,Alta,Equipo Resolutor Asignado,,08/abr/26 10:53,03/jul/26 15:41,
Incidente,INC-792,22758,No puede conectar a SQL mediante Excel,,,Leonardo Javier Barahona Gaete,712020:838e14a0-01fc-400e-993f-1fdf5257b90d,Alta,Equipo Asignado,,08/abr/26 11:03,10/abr/26 00:38,
Incidente S4,IS4-758,22797,Problemas agrosuper ventas,Romina Margarita Gonzalez Diaz,712020:d4bb0959-42fe-4fb5-9610-e65ad152bc8b,Erik Antonio Avello Muñoz,712020:869c9d33-067b-414c-8475-811f73e1934e,Alta,Resolución del Incidente,,08/abr/26 11:53,20/abr/26 10:38,
Incidente S4,IS4-760,22803,Homologación de cuentas SAP,,,Leonardo Javier Barahona Gaete,712020:838e14a0-01fc-400e-993f-1fdf5257b90d,Alta,Equipo Resolutor Asignado,,08/abr/26 12:00,17/abr/26 17:35,
Incidente S4,IS4-770,22827,Incidente de acceso a SAP BW – Usuario desbloqueado le arroja error,Jorge Andres Perez Saez,712020:5584c1ba-2f69-4291-b750-558fd5e49056,karol Dayanna palomino Serrano,712020:b785cc91-2b6c-4072-b6fb-75aeccdc267d,Alta,Validación del usuario,,08/abr/26 12:32,25/ago/26 18:28,
Incidente S4,IS4-777,22849,Cambio de Clave SAP BW ,Jorge Andres Perez Saez,712020:5584c1ba-2f69-4291-b750-558fd5e49056,karol Dayanna palomino Serrano,712020:b785cc91-2b6c-4072-b6fb-75aeccdc267d,Alta,Validación del usuario,,08/abr/26 12:59,26/ago/26 10:16,
Incidente S4,IS4-781,22867,Usuario no puede acceder a ningun marcador que tenia guardado en la pagina web de BDC,Jorge Andres Perez Saez,712020:5584c1ba-2f69-4291-b750-558fd5e49056,Jair Mendez,712020:22ffd4f6-d064-47c3-9759-330c4c41fa9d,Alta,Validación del usuario,,08/abr/26 13:26,25/ago/26 18:31,
Incidente S4,IS4-784,22875,Error en transaccion,,,Leidy Tatiana Leon L,712020:9f01b0e9-6c3e-4f87-a273-6cdcf9715ad2,Alta,Equipo Resolutor Asignado,,08/abr/26 13:38,17/abr/26 17:35,
Incidente S4,IS4-790,22903,RE: Información adicional Incidente IS4-742. Pistoleo factura,Patricio Eduardo Araya Morales,70121:7947768f-537c-49c1-9463-446622645091,Alex Adolfo Lopez Perez,712020:f943cc9c-bfef-4d93-9d6b-f039bf747414,Alta,Validación del usuario,,08/abr/26 14:21,10/ago/26 17:00,
Incidente S4,IS4-807,22953,Intermitencia en los HMI,,,Roger Alexander Parada Blanco,712020:234b0d24-cbaa-46ea-8569-871c27298fa9,Alta,Equipo Resolutor Asignado,,08/abr/26 15:28,17/abr/26 17:35,
Incidente S4,IS4-819,23001,Probemas acceso link BDC,Jorge Andres Perez Saez,712020:5584c1ba-2f69-4291-b750-558fd5e49056,Erik Antonio Avello Muñoz,712020:869c9d33-067b-414c-8475-811f73e1934e,Alta,Validación del usuario,,08/abr/26 16:26,25/ago/26 18:32,
Incidente S4,IS4-820,23012,Guías en SAP no están cayendo en legacy y conéctate,Esteban Segundo Osorio Carrasco,712020:e4ab0175-4def-4599-92d9-8efa08a91fb7,Bastián Andrés González Muñoz,712020:efb72a65-08eb-4c37-b4d9-419704558128,Alta,Validación del usuario,,08/abr/26 16:39,25/ago/26 13:26,
Incidente S4,IS4-825,23046,Transacción ZZLE_DE02  no permite exportar la data en excel,Eric Apablaza,712020:09f16cf8-de4f-4303-8a6a-843375f09759,Cintya Andrea Cabello Jimenez,712020:ed5480a9-5f09-4bf6-a56a-3bbee7d74b06,Alta,Resolución del Incidente,,08/abr/26 17:05,30/ago/26 23:38,
Incidente,INC-978,23050,"No le permite usar documentos excel alojados en shearepoint con las actualizaciones mas recientes, solo actualizaciones de meses anteriores",Guillermo Andres Benavides  Farias,712020:fb05db58-0e87-4d5f-b8ef-019907a66fdc,Jair Mendez,712020:22ffd4f6-d064-47c3-9759-330c4c41fa9d,Alta,Validación del usuario,,08/abr/26 17:11,14/ago/26 16:39,
Incidente S4,IS4-829,23070,Poblema en toma de pedidos,,,Alejandro Enrique Gonzalez Bracho,712020:5d49ed79-edcd-4f14-9eca-e80ad03364f9,Alta,Equipo Resolutor Asignado,,08/abr/26 17:42,17/abr/26 17:32,
Incidente S4,IS4-847,23134,Se repiten ordenes de vara caliente ,Victor Manuel Acuña Caballero,712020:b1b7bbb9-be1a-4665-8069-cb1d1eaa2795,Veronica Adriana Verdugo Arias,712020:41f9eb44-1571-41ba-bc42-a572fefb1a50,Alta,Validación del usuario,,09/abr/26 00:53,25/ago/26 15:03,
Incidente S4,IS4-853,23152,INTERMITENCIA EN SAP,,,IVETTE SEPULVEDA BANDA,712020:9dfaa318-53af-4e38-8ce7-5fc0cd7e1ae8,Alta,Equipo Resolutor Asignado,,09/abr/26 06:26,17/abr/26 17:32,
Incidente S4,IS4-856,23162,RE: IS4-204 Error en pago masivo TX ZPR_FI_TR009_PAGMASC,,,Alex Adolfo Lopez Perez,712020:f943cc9c-bfef-4d93-9d6b-f039bf747414,Alta,Equipo Resolutor Asignado,,09/abr/26 08:00,13/abr/26 23:08,
Incidente S4,IS4-857,23179,CAMBIO DE LOTE ,,,Diego Ignacio Bizama Inostroza,712020:1e1dbbe8-9cad-46a5-baf5-566dda913e31,Alta,Equipo Resolutor Asignado,,09/abr/26 08:37,17/abr/26 17:32,
Incidente S4,IS4-860,23189,cuenta sap bloqueada,,,Jhonny Torres Neira,712020:998dbbe3-43d9-4095-a614-7949ae4f7e24,Alta,Equipo Resolutor Asignado,,09/abr/26 08:46,07/may/26 12:21,
Incidente S4,IS4-863,23207,RE: Información adicional Incidente IS4-803,,,Constanza Nicole Abarzua Fuentes,712020:30f68157-5098-4659-885c-5d9c137c8c81,Alta,Validación del usuario,,09/abr/26 09:08,12/may/26 12:17,
Incidente S4,IS4-865,23212,Catalogos de sintomas y fallas ,,,Vicente Javier Saborido Pantoja,712020:18218138-9546-46f9-9f09-bb1d3a0c0a62,Alta,Equipo Resolutor Asignado,,09/abr/26 09:10,17/abr/26 17:32,
Incidente S4,IS4-872,23236,restablecer credenciales sandbox,Victor Lara Basaez,5fdfbb813b5e4701384e348c,karol Dayanna palomino Serrano,712020:b785cc91-2b6c-4072-b6fb-75aeccdc267d,Alta,Diagnostico/Validación Inicial,,09/abr/26 09:33,17/abr/26 17:32,
Incidente S4,IS4-882,23283,RE: IS4-327 Entrada de Mercancía a centro agua con lotes productivos en reemplazo del lote de venta,,,Diego De Juliis .,712020:878a7d1a-2e41-4439-9be5-dc79232105d0,Alta,Creado,,09/abr/26 10:11,31/jul/26 09:03,
Incidente S4,IS4-884,23288,RE: Información adicional Incidente IS4-716,,,Richard Alejandro Rojas Caceres,712020:45f975b7-f468-4220-932c-f07c930160bc,Alta,Equipo Resolutor Asignado,,09/abr/26 10:16,31/jul/26 09:52,
Incidente,INC-1144,23291,Alerta Monitor HMI Completo,,,Luis Nibaldo Bustos Arriagada,712020:164a2568-3825-4854-b34b-12934469c8eb,Alta,Creado,,09/abr/26 10:19,09/abr/26 10:19,
Incidente,INC-1146,23293,Alerta Monitor HMI Completo,,,Luis Nibaldo Bustos Arriagada,712020:164a2568-3825-4854-b34b-12934469c8eb,Alta,Creado,,09/abr/26 10:20,09/abr/26 10:20,
Incidente S4,IS4-886,23297,Problema con la recepción de OC,,,Cristian Rodrigo Lopez Arevalo,712020:073e439b-8797-433a-b358-6acc8084442d,Alta,Equipo Resolutor Asignado,,09/abr/26 10:24,17/abr/26 17:32,
Incidente S4,IS4-892,23314,Acceso a transación,,,Leonardo Javier Barahona Gaete,712020:838e14a0-01fc-400e-993f-1fdf5257b90d,Alta,Equipo Resolutor Asignado,,09/abr/26 10:38,17/abr/26 17:32,
Incidente S4,IS4-895,23322,RE: IS4-327 Entrada de Mercancía a centro agua con lotes productivos en reemplazo del lote de venta,,,Diego De Juliis .,712020:878a7d1a-2e41-4439-9be5-dc79232105d0,Alta,Validación del usuario,,09/abr/26 10:46,12/may/26 12:19,
Incidente S4,IS4-909,23359,credenciales fiori,,,Matias Donoso,712020:a7340a87-8962-4ca5-85ba-c09ea08a4333,Alta,Equipo Resolutor Asignado,,09/abr/26 11:21,17/abr/26 17:32,
Incidente S4,IS4-916,23370,el dato visualizado en la cartola no es el correcto ,Tyrone Francisco Mendez Ortiz,712020:5f7ffc9d-bbc9-4c28-ae28-dc5ffaf98809,Laurita Noemi Urra Orellana,712020:e5d5c248-3f7b-4b34-8ec3-2be117dbf079,Alta,Validación del usuario,,09/abr/26 11:40,25/ago/26 14:34,
Incidente S4,IS4-922,23388,Falta acceso para poder cerrar inventarios en la transacción ZMI20,,,Carolina Andrea Escarate Camilla,712020:7c60c3eb-c88e-44a2-859b-6228d1fb397c,Alta,Equipo Resolutor Asignado,,09/abr/26 11:56,17/abr/26 17:32,
Incidente S4,IS4-933,23416,problemas interfaz sap,Jorge Andres Perez Saez,712020:5584c1ba-2f69-4291-b750-558fd5e49056,Matias Donoso,712020:a7340a87-8962-4ca5-85ba-c09ea08a4333,Alta,Validación del usuario,,09/abr/26 12:24,25/ago/26 18:38,
Incidente AMS,AMS-50,23450,Eliminar de Guias en legacy ,,,Bastián Andrés González Muñoz,712020:efb72a65-08eb-4c37-b4d9-419704558128,Alta,Cancelado,,09/abr/26 13:09,10/abr/26 01:57,
Incidente S4,IS4-945,23458,Usuario reporta que se hizo una homologacion del usuario NCAMPOSV con el usuario de referencia LBARRUETOV pero no funcionan varias transacciones,,,Jair Mendez,712020:22ffd4f6-d064-47c3-9759-330c4c41fa9d,Alta,Equipo Resolutor Asignado,,09/abr/26 13:31,17/abr/26 17:32,
Incidente S4,IS4-950,23481,Eliminación de Guias en legacy,,,Alejandro Enrique Gonzalez Bracho,712020:5d49ed79-edcd-4f14-9eca-e80ad03364f9,Alta,Equipo Resolutor Asignado,,09/abr/26 14:42,17/abr/26 17:32,
Incidente S4,IS4-954,23519,Odata S_ALR_87012215set  no carga datos en columnas de archivo en Datalake,Alberto Javier Marchan Agudo,712020:c716b889-90d2-4324-a2f6-9f70470a7b66,Boris Javier Ortiz Lopez,712020:3e38d978-0eeb-49c3-900a-7b4ebe630ca4,Alta,Equipo Resolutor Asignado,,09/abr/26 15:30,17/abr/26 17:32,
Incidente S4,IS4-960,23540,Falta de acceso ,,,Pedro Pablo Riquelme Gutierrez,712020:2068cf66-7251-43a2-9c6f-7b109fe30168,Alta,Equipo Resolutor Asignado,,09/abr/26 15:58,17/abr/26 17:32,
Incidente,INC-1318,23575,Bloqueo DGC por FortiEDR- Imcubadora Lo MIranda LM1,Alexis Andres Diaz Gutierrez,712020:3be679ea-af26-441b-8bb6-d0d2262df709,Victor Manuel Currieco Marillan,712020:6499dafd-420b-45b4-8f3a-35c37c05a5c8,Alta,Resuelto,,09/abr/26 16:50,10/abr/26 13:28,
Incidente S4,IS4-972,23612,No guarda los cambio al momento de generar SP,,,Bernardo Arredondo,712020:6d856a09-998a-48d9-8d75-c84d025210da,Alta,Equipo Resolutor Asignado,,09/abr/26 17:51,15/abr/26 17:08,
Incidente,INC-1345,23616,Prueba Frank,Franco Guiñez,712020:6936b4fa-b95c-4f96-a4e9-3701f624831f,Jorge Arnaldo Quiroz Olmos,712020:4e6376c9-f6d2-4bc4-b833-100074be9526,Alta,Resolución del Incidente,,09/abr/26 17:59,10/abr/26 12:20,
Incidente S4,IS4-985,23644,Odatas con lentitud de ejecución en carga de datos a datalake  (Trx_VL06FSet   y Trx_ZOEMB52Set),Alberto Javier Marchan Agudo,712020:c716b889-90d2-4324-a2f6-9f70470a7b66,Boris Javier Ortiz Lopez,712020:3e38d978-0eeb-49c3-900a-7b4ebe630ca4,Alta,Equipo Resolutor Asignado,,09/abr/26 22:40,10/abr/26 17:09,
Incidente S4,IS4-991,23675,fallo sap bdc (links),Jorge Andres Perez Saez,712020:5584c1ba-2f69-4291-b750-558fd5e49056,Erik Antonio Avello Muñoz,712020:869c9d33-067b-414c-8475-811f73e1934e,Alta,Validación del usuario,,10/abr/26 07:32,25/ago/26 18:40,
Incidente S4,IS4-1003,23726,asistencia sap BDC,,,Erik Antonio Avello Muñoz,712020:869c9d33-067b-414c-8475-811f73e1934e,Alta,Equipo Resolutor Asignado,,10/abr/26 09:32,17/abr/26 17:32,
Incidente,INC-1426,23739,Enlaces Proveedor CS caídos,Kevin Alexis Maldonado Muñoz,712020:c8eacfb5-650a-4c88-857f-2414a8f12044,Jonathan Ivo Milenko Carrasco Piña,712020:5ac2a5cf-ca53-47f2-9c59-4d37b2d42f65,Alta,Validación del usuario,,10/abr/26 09:45,13/abr/26 10:25,
Incidente S4,IS4-1014,23777,No contabiliza movimientos en PDAON   ,Victor Manuel Acuña Caballero,712020:b1b7bbb9-be1a-4665-8069-cb1d1eaa2795,Daniela Shirley Gonzalez Gonzalez,712020:afb51161-49f3-426e-9607-3ee6e15b5655,Alta,Validación del usuario,,10/abr/26 10:19,25/ago/26 15:02,
Incidente,INC-1453,23787,Presenta caída masiva de internet,Victor Mauricio Vera Nuñez,712020:46155656-0657-4144-9fa4-ba01a5c2fdf8,Alejandro Enrique Gonzalez Bracho,712020:5d49ed79-edcd-4f14-9eca-e80ad03364f9,Alta,Validación del usuario,,10/abr/26 10:30,03/ago/26 11:14,
Incidente S4,IS4-1020,23792,Acceso a BDC,,,Karen Yecenia Briceño Quijanes,712020:cbe835e6-9d16-401c-86aa-65d9bf6dc3c3,Alta,Equipo Resolutor Asignado,,10/abr/26 10:37,17/abr/26 17:32,
Incidente,INC-1475,23821,SIN INTERNET SECTOR LOS TATAS,Javier Esteban Castillo Jara,712020:1cf8bc7f-946e-4e1e-84b6-962e0924cd76,IVETTE SEPULVEDA BANDA,712020:9dfaa318-53af-4e38-8ce7-5fc0cd7e1ae8,Alta,Validación del usuario,,10/abr/26 11:10,03/ago/26 11:09,
Incidente S4,IS4-1033,23836,Error en Odata Trx_ZPR_SD_RP52Set  al ejecutar canalizador Synapse,Alberto Javier Marchan Agudo,712020:c716b889-90d2-4324-a2f6-9f70470a7b66,Boris Javier Ortiz Lopez,712020:3e38d978-0eeb-49c3-900a-7b4ebe630ca4,Alta,Equipo Resolutor Asignado,,10/abr/26 11:24,17/abr/26 17:32,
Incidente S4,IS4-1040,23854,RE: Información adicional Incidente IS4-798,Crismadd Andreina Hernandez Bolsegui,712020:682ab24e-baf4-4d06-a4c7-f28daa79285e,Constanza Nicole Abarzua Fuentes,712020:30f68157-5098-4659-885c-5d9c137c8c81,Alta,Validación del usuario,,10/abr/26 11:42,26/may/26 13:52,
Incidente S4,IS4-1048,23872,LENTITUD LEGACY,,,IVETTE SEPULVEDA BANDA,712020:9dfaa318-53af-4e38-8ce7-5fc0cd7e1ae8,Alta,Equipo Resolutor Asignado,,10/abr/26 12:06,14/abr/26 15:20,
Incidente S4,IS4-1056,23895,Acceso a transacciones ,,,Catalina Belen Sandoval Caro,712020:c7d9c2bf-418c-4b9f-8342-9df62124dce3,Alta,Equipo Resolutor Asignado,,10/abr/26 12:39,17/abr/26 17:32,
Incidente S4,IS4-1059,23906,GREGARIO NO SE ACTUALIZA ,,,Catalina Constanza Diaz Herrera,712020:222ccb91-bc48-4606-a1a9-3b149a145d4d,Alta,Equipo Resolutor Asignado,,10/abr/26 12:59,23/jul/26 13:45,
Incidente S4,IS4-1066,23944,Acceso reporte de Stock ZTX_STOCK_PT - Stock Productos Terminados,,,Nicolas Fernando Letelier Menares,712020:11066e06-8dc3-48f7-a7fa-af6907c9511a,Alta,Equipo Resolutor Asignado,,10/abr/26 14:31,17/abr/26 17:32,
Incidente S4,IS4-1067,23948,Problemas para enlaces BDC,Jorge Andres Perez Saez,712020:5584c1ba-2f69-4291-b750-558fd5e49056,Erik Antonio Avello Muñoz,712020:869c9d33-067b-414c-8475-811f73e1934e,Alta,Validación del usuario,,10/abr/26 14:40,25/ago/26 18:43,
Incidente S4,IS4-1071,23959,RE: Información adicional Incidente IS4-995,Viviana Alfonsina Toro Moya,712020:c23fec15-433c-4024-8b17-4c1284a03654,Maria Fernanda Paredes Gonzalez,712020:626888d4-c78c-4d38-b83d-0bb55bd8eabf,Alta,Validación del usuario,,10/abr/26 15:02,14/abr/26 07:08,
Incidente S4,IS4-1072,23963,ERROR EXPORTAR EXCEL EN TX  ZVM_RP_GESTRUTA1 ,,,Catalina Constanza Diaz Herrera,712020:222ccb91-bc48-4606-a1a9-3b149a145d4d,Alta,Equipo Resolutor Asignado,,10/abr/26 15:12,04/may/26 10:12,
Incidente S4,IS4-1086,23996,Acceso SAP para Homologación de Transacciones,,,karol Dayanna palomino Serrano,712020:b785cc91-2b6c-4072-b6fb-75aeccdc267d,Alta,Equipo Resolutor Asignado,,10/abr/26 15:55,17/abr/26 17:32,
Incidente S4,IS4-1087,23997,PROBLEMAS SAP TRANSACCION,Tyrone Francisco Mendez Ortiz,712020:5f7ffc9d-bbc9-4c28-ae28-dc5ffaf98809,IVETTE SEPULVEDA BANDA,712020:9dfaa318-53af-4e38-8ce7-5fc0cd7e1ae8,Alta,Validación del usuario,,10/abr/26 15:55,25/ago/26 14:26,
Incidente S4,IS4-1092,24016,Inconvenientes en carga de clientes y envío de información a Drivin – Sucursal Rancagua,,,Nicolas Francisco Orellana Ramirez,712020:a90afa0f-86a4-4a34-8591-12912fcdd17c,Alta,Equipo Resolutor Asignado,,10/abr/26 16:24,17/abr/26 17:32,
Incidente,INC-1604,24061,etiquetas mal decomisadas,,,Daniel Antonio Cabezas Escobar,712020:73efe986-8d0e-4ee2-beef-f4974a7762e2,Alta,Creado,,10/abr/26 18:37,10/abr/26 18:38,
Incidente S4,IS4-1113,24089,FALTA DE ACCESO A TRANSACCIONES DE ROMANA - ,,,Luis Gerardo Contreras Correa,712020:10d5e5a9-605f-40ff-93f0-e37d4f298a3e,Alta,Equipo Resolutor Asignado,,11/abr/26 00:35,06/may/26 17:37,
Incidente S4,IS4-1137,24162,Solicitud de autorización para transacción VT70‑SPRC,,,Karol Dayanna Palomino Serrano,712020:e4df31f3-cc17-4db7-b128-efd436a7f3c9,Alta,Equipo Resolutor Asignado,,11/abr/26 15:55,13/abr/26 22:35,
Incidente S4,IS4-1168,24287,Falta privilegios,,,Carlos Alexander Mora Andrade,712020:a0814fa5-9386-4f51-9dae-e7a494f40c36,Alta,Equipo Resolutor Asignado,,13/abr/26 09:39,14/abr/26 11:21,
Incidente S4,IS4-1169,24292,REACTIVACIÓN DE LICENCIA SAP SPR,,,Karol Dayanna Palomino Serrano,712020:e4df31f3-cc17-4db7-b128-efd436a7f3c9,Alta,Equipo Resolutor Asignado,,13/abr/26 09:46,14/abr/26 14:51,
Incidente S4,IS4-1178,24337,Solicitud transacciónes y tablas SAP,,,Paulina Andrea Sotomayor Droguett,60ca457294692800708f5be1,Alta,Resolución del Incidente,,13/abr/26 10:45,27/jul/26 13:54,
Incidente S4,IS4-1181,24349,"RE: IS4-1115 sacando la exportación les arroja la guía, pero no paking",,,Exportaciones Fdra San Vicente,712020:4eba58dd-b443-4ab5-baf1-31773e25c877,Alta,Equipo Resolutor Asignado,,13/abr/26 10:56,03/ago/26 14:27,
Incidente S4,IS4-1182,24351,Problemas con cliente en agrosuper ventas. ,,,Evelyn Escarleth Pozo Mardones,712020:8b960cfb-b110-4045-923f-c9094ff363d0,Alta,Equipo Resolutor Asignado,,13/abr/26 11:00,13/abr/26 16:38,
Incidente S4,IS4-1184,24359,Contingencia pedidos con error,,,Evelyn Escarleth Pozo Mardones,712020:8b960cfb-b110-4045-923f-c9094ff363d0,Alta,Equipo Resolutor Asignado,,13/abr/26 11:08,17/abr/26 09:37,
Incidente S4,IS4-1186,24364,RE: Información adicional Incidente IS4-967,Jorge Palma,712020:08afe28c-cfc2-4643-b362-d0d8928b0049,Carolaine Fernanda Andrea Abrigo Toro,712020:77d9b2ae-63df-4cfa-be12-52bafd2eddc0,Alta,Validación del usuario,,13/abr/26 11:15,22/abr/26 20:25,
Incidente S4,IS4-1187,24365,PDA'S en estatus D,Victor Manuel Acuña Caballero,712020:b1b7bbb9-be1a-4665-8069-cb1d1eaa2795,Sebastián Latife Gaete,712020:c429cbf6-2afb-4d08-9eaf-ca37c605f862,Alta,Validación del usuario,,13/abr/26 11:15,25/ago/26 15:01,
Incidente,INC-1805,24380,error al ingresar nuevos cliente.,,,Roger Alexander Parada Blanco,712020:234b0d24-cbaa-46ea-8569-871c27298fa9,Alta,Equipo Asignado,,13/abr/26 11:32,14/abr/26 15:43,
Incidente S4,IS4-1191,24383,No permite generación de HES,Alessia Injoque,712020:f81be1ac-26ca-45b1-b7d9-c31d5ced2aae,Emmanuel Jesus Pichun Orellana,712020:0452958b-543b-44cb-98fb-0e35fa6bcded,Alta,Creado,,13/abr/26 11:34,31/ago/26 13:36,
Incidente S4,IS4-1197,24401,RE: Información adicional Incidente IS4-803,,,Constanza Nicole Abarzua Fuentes,712020:30f68157-5098-4659-885c-5d9c137c8c81,Alta,Equipo Resolutor Asignado,,13/abr/26 12:01,31/jul/26 12:35,
Incidente S4,IS4-1206,24426,Re: IS4-548 Error ComercioNet Material 1040494 Tottus,,,Rodrigo Alfonso Navarro Garcia,712020:a7437b7a-e4ec-423b-8371-17fd76d091bf,Alta,Creado,,13/abr/26 12:51,31/jul/26 09:06,
Incidente,INC-1833,24429,problemas AFO,,,Matias Donoso,712020:a7340a87-8962-4ca5-85ba-c09ea08a4333,Alta,Equipo Asignado,,13/abr/26 12:55,14/abr/26 16:49,
Incidente S4,IS4-1221,24476,No existe campo de búsqueda número de tanque y número de inventario de los camiones,Jorge Palma,712020:08afe28c-cfc2-4643-b362-d0d8928b0049,Luis Da Silva Ramirez,712020:33e07704-d3e6-4416-9d07-247ecb2b0c4f,Alta,Validación del usuario,,13/abr/26 15:10,16/abr/26 22:11,
Incidente S4,IS4-1222,24478,Error puesto de Trabajo OT,,,Marcos Andres Pino Pavez,712020:01b970ec-37f6-47c5-88bc-93d565337053,Alta,Equipo Resolutor Asignado,,13/abr/26 15:17,21/abr/26 11:38,
Incidente S4,IS4-1225,24487,Error en Query.,,,Benjamín Marcelo Reyes Aravena,712020:97e5b13c-6c39-450d-8e29-3cc934cf28fb,Alta,Equipo Resolutor Asignado,,13/abr/26 15:23,13/abr/26 16:38,
Incidente,INC-1872,24493,Fallo con la VPN ,Alexis Andres Diaz Gutierrez,712020:3be679ea-af26-441b-8bb6-d0d2262df709,Stefany Medina,712020:bdf7a478-711c-4257-a3df-cb0a23d5943a,Alta,Resuelto,,13/abr/26 15:28,13/abr/26 17:41,
Incidente S4,IS4-1229,24494,Crear código supervisor foodservice,,,Ana Karina De Lo Vasquez Cortes Rodriguez,712020:e3d0a0b9-5bd6-4972-9f94-dfc64e50c422,Alta,Equipo Resolutor Asignado,,13/abr/26 15:30,13/abr/26 22:31,
Incidente S4,IS4-1249,24570,RE: Información adicional Incidente IS4-1237,,,Maria Jose Perez Carquin,712020:04da1def-7183-4ef0-87dc-24e57a0b3419,Alta,Creado,,13/abr/26 17:20,31/jul/26 09:05,
Incidente S4,IS4-1251,24573,RE: Información adicional Incidente IS4-967,,,Carolaine Fernanda Andrea Abrigo Toro,712020:77d9b2ae-63df-4cfa-be12-52bafd2eddc0,Alta,Creado,,13/abr/26 17:32,31/jul/26 09:05,
Incidente S4,IS4-1253,24580,"RE: IS4-1193 Transporte 6662579  quality  al momento de genera guia de despacho  entrega dos guia  y una con tipo de traslado que no corresponde "" no constituye venta""",Eric Apablaza,712020:09f16cf8-de4f-4303-8a6a-843375f09759,Luis Guillermo Araya Olave,712020:da8fc56c-3cb2-4c05-9e26-3e1970d7310b,Alta,Validación del usuario,,13/abr/26 17:46,28/may/26 11:47,
Incidente S4,IS4-1259,24602,bajar de legado guia,Tyrone Francisco Mendez Ortiz,712020:5f7ffc9d-bbc9-4c28-ae28-dc5ffaf98809,Gadiel Gonzalez,712020:515d9b01-dfa2-4fd2-8451-74e7382988f7,Alta,Validación del usuario,,13/abr/26 19:39,25/ago/26 14:21,
Incidente S4,IS4-1268,24657,RE: IS4-825 Transacción ZZLE_DE02  no permite exportar la data en excel,,,Jose Luis Carrera Iglesias,712020:90467d20-267a-499b-81d7-7da4ec17d248,Alta,Creado,,14/abr/26 08:40,31/jul/26 09:04,
Incidente S4,IS4-1271,24665,Cambio de nombre Responsable de la estrategia de liberación.,,,Roger Alexander Parada Blanco,712020:234b0d24-cbaa-46ea-8569-871c27298fa9,Alta,Equipo Resolutor Asignado,,14/abr/26 08:52,22/jun/26 23:53,
Incidente S4,IS4-1273,24678,RE: Información adicional Incidente IS4-967,,,Carolaine Fernanda Andrea Abrigo Toro,712020:77d9b2ae-63df-4cfa-be12-52bafd2eddc0,Alta,Equipo Resolutor Asignado,,14/abr/26 09:08,31/jul/26 09:43,
Incidente S4,IS4-1280,24696,RE: IS4-1237 Facturación : Partición de facturas de venta de exportación,Ruby del Carmen Troncoso Paillaleo,70121:b734ef72-dcc1-4ae2-a85b-464c97fad9e6,Diego Ignacio Carvajal Carrasco,712020:8acc2299-b4bc-4914-be54-fb7b970e6663,Alta,Validación del usuario,,14/abr/26 09:29,08/jul/26 16:17,
Incidente S4,IS4-1296,24746,asignacion control folios,Ignacio Andres Miranda Monsalva,712020:d59a6cc8-817a-4233-9473-368ad90f5854,Gonzalo Eduardo Wilson Valin,712020:2a1f9389-85be-4800-b06f-04f7ee861456,Alta,Creado,,14/abr/26 10:50,25/ago/26 15:43,
Incidente,INC-2035,24765,Usuario reporta robo de su equipo PC corporativo que sucedio el dia de ayer 13/04/2026 a las 22:00pm (noche),Alexis Andres Diaz Gutierrez,712020:3be679ea-af26-441b-8bb6-d0d2262df709,Jair Mendez,712020:22ffd4f6-d064-47c3-9759-330c4c41fa9d,Alta,Resuelto,,14/abr/26 11:10,14/abr/26 12:22,
Incidente S4,IS4-1304,24770,Problemas correlativos de reserva de cecinas y empaque,,,Bastián Andrés González Muñoz,712020:efb72a65-08eb-4c37-b4d9-419704558128,Alta,Equipo Resolutor Asignado,,14/abr/26 11:14,03/jul/26 15:42,
Incidente S4,IS4-1305,24771,Lentitud Legacy ,,,Bastián Andrés González Muñoz,712020:efb72a65-08eb-4c37-b4d9-419704558128,Alta,Equipo Resolutor Asignado,,14/abr/26 11:17,15/abr/26 11:41,
Incidente S4,IS4-1317,24818,"Revisión de asistencia en MMS, se queda cargando sin ingresar y después bota la pagina ",,,Luis Isaac Cuadra Fernandez,712020:e877d523-b6d9-463c-8627-2f6be67a1f35,Alta,Equipo Resolutor Asignado,,14/abr/26 12:45,15/abr/26 10:56,
Incidente,INC-2070,24819,Enlaces GTD sin servicio.,Carlos Alberto Pavez Diaz,712020:07f89943-bb5b-4b7c-a927-9777b941f3cb,Jonathan Ivo Milenko Carrasco Piña,712020:5ac2a5cf-ca53-47f2-9c59-4d37b2d42f65,Alta,Validación del usuario,,14/abr/26 12:46,30/jul/26 17:33,
Incidente S4,IS4-1326,24867,Problema con Meatline,Victor Manuel Acuña Caballero,712020:b1b7bbb9-be1a-4665-8069-cb1d1eaa2795,Sebastián Latife Gaete,712020:c429cbf6-2afb-4d08-9eaf-ca37c605f862,Alta,Validación del usuario,,14/abr/26 15:14,25/ago/26 15:00,
Incidente S4,IS4-1335,24895,Homologación Transacción SE16,,,Katterin Valesca Santibañez Dinamarca,712020:d4e23237-beb5-41aa-b982-ede932fb0875,Alta,Equipo Resolutor Asignado,,14/abr/26 15:59,15/abr/26 15:51,
Incidente,INC-2147,24936,Prueba,,,Beatriz Del Pilar Alvarez Parra,712020:bf52a7ae-307d-4cf1-9196-9981c3e1a9d3,Alta,Creado,,14/abr/26 17:29,07/may/26 12:12,
Incidente S4,IS4-1353,24946,ERROR INGRESO Y ELIMINACIÓN DE VARAS,Victor Manuel Acuña Caballero,712020:b1b7bbb9-be1a-4665-8069-cb1d1eaa2795,Karoline Lasso Torres,712020:12bcbd45-75ef-4264-b1c5-8ac7a2c82403,Alta,Validación del usuario,,14/abr/26 18:03,25/ago/26 15:00,
Incidente S4,IS4-1359,24977,Problema con bizerba,Victor Manuel Acuña Caballero,712020:b1b7bbb9-be1a-4665-8069-cb1d1eaa2795,"Aqueveque Contreras, Abigail Tamarin",712020:463ae0cb-97d0-4261-a4b8-fd67378cc7c9,Alta,Validación del usuario,,15/abr/26 03:30,25/ago/26 15:00,
Incidente S4,IS4-1363,24982,Rendimiento Faena ,,,Angel Custodio Cabezas Guerrero,712020:c97238f7-a095-4b93-be6f-acf3272a01f6,Alta,Equipo Resolutor Asignado,,15/abr/26 05:36,08/jun/26 16:03,
Incidente S4,IS4-1366,25001,Numero de cuadrilla erróneo al digitar información en meatline,Victor Manuel Acuña Caballero,712020:b1b7bbb9-be1a-4665-8069-cb1d1eaa2795,Jorge Huerta Miranda,712020:990874ff-f222-4a7c-8aaf-1e8e189948a0,Alta,Validación del usuario,,15/abr/26 08:18,25/ago/26 15:00,
Incidente S4,IS4-1370,25023,ACCESO A TRANSACCIONES FACTURACION MAIZ NACIONAL,,,Nicolas Fernando Letelier Menares,712020:11066e06-8dc3-48f7-a7fa-af6907c9511a,Alta,Equipo Resolutor Asignado,,15/abr/26 09:01,27/abr/26 10:28,
Incidente S4,IS4-1371,25026,Glosa TAG no toma parametro tabla Autoimputacion,,,Paola Andrea Lizana Lizana,712020:266b8402-2abb-4f3e-b997-211c912eae66,Alta,Equipo Resolutor Asignado,,15/abr/26 09:05,05/may/26 16:08,
Incidente S4,IS4-1372,25036,RE: IS4-753 Usuario necesita activar ECP SANDBOX,,,Jose Antonio Sebastian Gutierrez Droguett,70121:afd04027-885a-43ce-b131-96d2fc1c24e5,Alta,Equipo Resolutor Asignado,,15/abr/26 09:20,31/jul/26 09:51,
Incidente S4,IS4-1376,25053,RE: IS4-1237 Facturación : Partición de facturas de venta de exportación,Ruby del Carmen Troncoso Paillaleo,70121:b734ef72-dcc1-4ae2-a85b-464c97fad9e6,LUZ ADRIANA CORREDOR GARCIA,712020:c4cdd827-d310-4562-a053-e021cad8b4d8,Alta,Validación del usuario,,15/abr/26 09:41,08/jul/26 16:16,
Incidente S4,IS4-1377,25055,RE: IS4-1237 Facturación : Partición de facturas de venta de exportación,Ruby del Carmen Troncoso Paillaleo,70121:b734ef72-dcc1-4ae2-a85b-464c97fad9e6,LUZ ADRIANA CORREDOR GARCIA,712020:c4cdd827-d310-4562-a053-e021cad8b4d8,Alta,Validación del usuario,,15/abr/26 09:44,08/jul/26 16:14,
Incidente S4,IS4-1380,25076,RE: IS4-1237 Facturación : Partición de facturas de venta de exportación,Francisco Javier Castillo Soto,712020:bc402180-2913-42d3-a4b3-342e3fdbd28e,Marisel Edith Vergara Norambuena,712020:656a14e4-2420-468d-9903-a996e0185924,Alta,Validación del usuario,,15/abr/26 10:17,27/ago/26 15:33,
Incidente S4,IS4-1383,25083,RE: Información adicional Incidente IS4-147,,,Jocelyn Caceres,712020:f6910fb9-054d-4fc3-b996-5eb0c2e04b5e,Alta,Creado,,15/abr/26 10:26,15/abr/26 10:26,
Incidente S4,IS4-1399,25142,desbloqueo cuenta sap,,,JOSE LUIS GONZALES SAAVEDRA,712020:075bda8b-a9aa-4f4c-8b48-c4e50213f2d3,Alta,Equipo Resolutor Asignado,,15/abr/26 12:23,13/may/26 21:41,
Incidente,INC-2309,25170,Incidencia OneDrive – No sincroniza correctamente,Guillermo Andres Benavides  Farias,712020:fb05db58-0e87-4d5f-b8ef-019907a66fdc,Karol Dayanna Palomino Serrano,712020:e4df31f3-cc17-4db7-b128-efd436a7f3c9,Alta,Validación del usuario,,15/abr/26 13:35,14/ago/26 16:39,
Incidente S4,IS4-1408,25183,CAIDA GENERAL DE RAF - PLANTA FAENADORA LO MIRANDA,,,Evelyn Escarleth Pozo Mardones,712020:8b960cfb-b110-4045-923f-c9094ff363d0,Alta,Equipo Resolutor Asignado,,15/abr/26 14:16,20/abr/26 14:40,
Incidente S4,IS4-1419,25227,RE: IS4-1385 ACTUALIZACION CONTROL DE FOLIOS,,,Emmanuel Jesus Pichun Orellana,712020:0452958b-543b-44cb-98fb-0e35fa6bcded,Alta,Creado,,15/abr/26 15:46,15/abr/26 15:46,
Incidente S4,IS4-1445,25305,fallo sap bdc (links),Jorge Andres Perez Saez,712020:5584c1ba-2f69-4291-b750-558fd5e49056,Franco Guiñez,712020:6936b4fa-b95c-4f96-a4e9-3701f624831f,Alta,Validación del usuario,,15/abr/26 22:55,25/ago/26 18:45,
Incidente S4,IS4-1447,25311,RE: IS4-1369 pallet con error,,,"Aqueveque Contreras, Abigail Tamarin",712020:463ae0cb-97d0-4261-a4b8-fd67378cc7c9,Alta,Creado,,16/abr/26 01:27,04/jun/26 11:09,
Incidente,INC-2471,25416,Bloqueo DGC por FortiEDR- Imcubadora Lo MIranda LM1,Alexis Andres Diaz Gutierrez,712020:3be679ea-af26-441b-8bb6-d0d2262df709,Victor Manuel Currieco Marillan,712020:6499dafd-420b-45b4-8f3a-35c37c05a5c8,Alta,Resuelto,,16/abr/26 11:03,16/abr/26 15:18,
Incidente S4,IS4-1471,25438,Usuaria solicita carga de guias en Legacy,Tyrone Francisco Mendez Ortiz,712020:5f7ffc9d-bbc9-4c28-ae28-dc5ffaf98809,Benjamín Marcelo Reyes Aravena,712020:97e5b13c-6c39-450d-8e29-3cc934cf28fb,Alta,Validación del usuario,,16/abr/26 11:49,25/ago/26 14:07,
Incidente,INC-2490,25446,Alertado enlace Entel / Movistar Of. Central,Kevin Alexis Maldonado Muñoz,712020:c8eacfb5-650a-4c88-857f-2414a8f12044,Luis Nibaldo Bustos Arriagada,712020:164a2568-3825-4854-b34b-12934469c8eb,Alta,Validación del usuario,,16/abr/26 12:06,20/abr/26 08:48,
Incidente,INC-2522,25498,Usuario reporta problemas con el ingreso de las llamadas al contactcenter,Carlos Alberto Pavez Diaz,712020:07f89943-bb5b-4b7c-a927-9777b941f3cb,Jair Mendez,712020:22ffd4f6-d064-47c3-9759-330c4c41fa9d,Alta,Validación del usuario,,16/abr/26 13:53,18/abr/26 16:25,
Incidente S4,IS4-1509,25589,Habilitar Sandbox ECP,,,Franco Guiñez,712020:6936b4fa-b95c-4f96-a4e9-3701f624831f,Alta,Equipo Resolutor Asignado,,16/abr/26 16:44,13/may/26 20:56,
Incidente S4,IS4-1536,25715,Error SAP -- Stock de materiales en 0,Jhon Trejos,712020:7bee9a51-5ddb-4235-8f1c-e63aa2ce9f2d,Matias Donoso,712020:a7340a87-8962-4ca5-85ba-c09ea08a4333,Alta,Validación del usuario,,17/abr/26 09:58,17/abr/26 19:14,
Incidente,INC-2680,25746,Se reporta que oficina México se encuentra sin conexión a internet a nivel general. ,Felipe Andres Jeria Rodriguez,712020:f0d4df3d-4510-4e4a-be63-7258c31884e1,Evelyn Escarleth Pozo Mardones,712020:8b960cfb-b110-4045-923f-c9094ff363d0,Alta,Validación del usuario,,17/abr/26 10:52,20/abr/26 12:50,
Incidente S4,IS4-1556,25789,RE: Información adicional Incidente IS4-352,,,Jaime Rodrigo Riquelme Soto,712020:1935a382-c816-4c33-9a5e-d1665269ef49,Alta,Creado,,17/abr/26 11:48,17/abr/26 11:48,
Incidente,INC-2731,25833,Caida Enlace Telxius,Luis Nibaldo Bustos Arriagada,712020:164a2568-3825-4854-b34b-12934469c8eb,Luis Nibaldo Bustos Arriagada,712020:164a2568-3825-4854-b34b-12934469c8eb,Alta,Validación del usuario,,17/abr/26 13:17,31/jul/26 10:45,
Incidente S4,IS4-1566,25841,Fallo en contabilización de rendicion CONCUR S925,,,Paola Andrea Lizana Lizana,712020:266b8402-2abb-4f3e-b997-211c912eae66,Alta,Equipo Resolutor Asignado,,17/abr/26 13:30,03/jul/26 15:28,
Incidente S4,IS4-1589,25922,No funciona filtro de data workbench,,,Carlos Javier Roco Rojas,712020:11fd3bb5-1d6b-43a2-aec4-2318ae1ef819,Alta,Equipo Resolutor Asignado,,17/abr/26 17:31,03/jun/26 13:12,
Incidente,INC-2788,25932,Incidente Monitoreo - Caida de enlace Entel en Suc San Antonio,Carlos Alberto Pavez Diaz,712020:07f89943-bb5b-4b7c-a927-9777b941f3cb,Alejandro Enrique Gonzalez Bracho,712020:5d49ed79-edcd-4f14-9eca-e80ad03364f9,Alta,Validación del usuario,,17/abr/26 20:11,18/abr/26 11:19,
Incidente,INC-2792,25937,Monitoreo - oficina de Mexico con enlace caido,Carlos Alberto Pavez Diaz,712020:07f89943-bb5b-4b7c-a927-9777b941f3cb,Alejandro Enrique Gonzalez Bracho,712020:5d49ed79-edcd-4f14-9eca-e80ad03364f9,Alta,Validación del usuario,,17/abr/26 23:18,18/abr/26 16:22,
Incidente S4,IS4-1597,25972,RE: IS4-1569 Problemas al realizar recepción cecinas,,,Fabian Andres Pinochet Garcia,712020:e1882a78-d2c8-4f46-b946-c108d6bddbe4,Alta,Creado,,17/abr/26 23:57,17/abr/26 23:57,
Incidente,INC-2843,26099,Enlaces caídos Entel y Movistar en Punta Arenas,Carlos Alberto Pavez Diaz,712020:07f89943-bb5b-4b7c-a927-9777b941f3cb,Sebastián Latife Gaete,712020:c429cbf6-2afb-4d08-9eaf-ca37c605f862,Alta,Validación del usuario,,19/abr/26 08:42,19/abr/26 22:33,
Incidente,INC-2846,26103,Sucursal Miraflores caída ambos enlaces,Carlos Alberto Pavez Diaz,712020:07f89943-bb5b-4b7c-a927-9777b941f3cb,Sebastián Latife Gaete,712020:c429cbf6-2afb-4d08-9eaf-ca37c605f862,Alta,Validación del usuario,,19/abr/26 10:18,19/abr/26 22:35,
Incidente,INC-2863,26186, Monitoreo - Caída sectores proveedor Dimabe,Nivaldo Damian Farias Cornejo,712020:b0d13dab-a32c-4cb0-96c6-898a73162599,Jair Mendez,712020:22ffd4f6-d064-47c3-9759-330c4c41fa9d,Alta,Validación del usuario,,20/abr/26 04:33,20/abr/26 13:03,
Incidente S4,IS4-1617,26253,Error en visualización de productos vencidos y bloqueo de transacciones en BDC y SPR (SAP HANA),Jorge Andres Perez Saez,712020:5584c1ba-2f69-4291-b750-558fd5e49056,Karol Dayanna Palomino Serrano,712020:e4df31f3-cc17-4db7-b128-efd436a7f3c9,Alta,Validación del usuario,,20/abr/26 08:41,25/ago/26 18:47,
Incidente S4,IS4-1631,26325,TABLAS SE16 - Sin posibilidad de fijar un filtro (layout) en el buscador de disposiciones ,,,Luis Esteban Vergara Sepulveda,712020:35a98ae5-84fb-4c05-8943-938243326863,Alta,Equipo Resolutor Asignado,,20/abr/26 10:33,31/jul/26 15:55,
Incidente,INC-3005,26408,sin acceso a Altiris,Roger Alexander Parada Blanco,712020:234b0d24-cbaa-46ea-8569-871c27298fa9,Roger Alexander Parada Blanco,712020:234b0d24-cbaa-46ea-8569-871c27298fa9,Alta,Equipo Asignado,,20/abr/26 12:36,20/abr/26 12:38,
Incidente S4,IS4-1655,26438,Transacción MM17 no está grabando el dato en el campo /SPMEAT/VERLM,Victor Manuel Acuña Caballero,712020:b1b7bbb9-be1a-4665-8069-cb1d1eaa2795,Patricio Eduardo Ortiz Springinsfeld,712020:8a7209bd-624c-43b3-a536-3170317f1e12,Alta,Validación del usuario,,20/abr/26 13:52,25/ago/26 14:58,
Incidente S4,IS4-1660,26445,autorización contabilización inventarios,,,Pablo Felipe Mellado Vergara,712020:bf5ffb0e-1cdc-4866-baff-fe7d657b2606,Alta,Equipo Resolutor Asignado,,20/abr/26 14:08,29/abr/26 15:41,
Incidente,INC-3057,26491,Corte de llamadas en Contact Center,Victor Mauricio Vera Nuñez,712020:46155656-0657-4144-9fa4-ba01a5c2fdf8,Evelyn Escarleth Pozo Mardones,712020:8b960cfb-b110-4045-923f-c9094ff363d0,Alta,Validación del usuario,,20/abr/26 15:49,03/ago/26 11:14,
Incidente S4,IS4-1671,26507,Re: IS4-1586 problemas para facturar exportaciones,,,Maria Jose Perez Carquin,712020:04da1def-7183-4ef0-87dc-24e57a0b3419,Alta,Creado,,20/abr/26 16:27,20/abr/26 16:27,
Incidente S4,IS4-1679,26530,Error TC XML NC sin Referencia,Jennifer Del Pozo,712020:f5314e4f-7497-46f6-b048-f51a0aa61458,Nicolas Marcelo Cuevas Vidal,712020:a4c9e52e-b947-4d63-975f-e0e4812e520b,Alta,Resolución del Incidente,,20/abr/26 17:10,13/jul/26 16:05,
Incidente,INC-3122,26626,Monitoreo - Caída enlace Movistar Sucursal Copiapó,Victor Mauricio Vera Nuñez,712020:46155656-0657-4144-9fa4-ba01a5c2fdf8,Matias Donoso,712020:a7340a87-8962-4ca5-85ba-c09ea08a4333,Alta,Validación del usuario,,21/abr/26 06:04,03/ago/26 11:14,
Incidente S4,IS4-1709,26697,RE: IS4-1641 Configuración de sistema (nuevo modo destino en el módulo de despacho Roble Acacio),,,Scarlette Jasmina Cid Oliveros,712020:aec47fd9-96f0-417a-8865-6bd90899a6db,Alta,Creado,,21/abr/26 10:13,21/abr/26 10:13,
Incidente S4,IS4-1710,26702,RE: IS4-1641 Configuración de sistema (nuevo modo destino en el módulo de despacho Roble Acacio),,,Jonathan Ivo Milenko Carrasco Piña,712020:5ac2a5cf-ca53-47f2-9c59-4d37b2d42f65,Alta,Creado,,21/abr/26 10:23,21/abr/26 10:24,
Incidente S4,IS4-1712,26706,RE: IS4-1641 Configuración de sistema (nuevo modo destino en el módulo de despacho Roble Acacio),,,Scarlette Jasmina Cid Oliveros,712020:aec47fd9-96f0-417a-8865-6bd90899a6db,Alta,Creado,,21/abr/26 10:29,21/abr/26 10:29,
Incidente S4,IS4-1718,26728,Problema con IDOC de copia de Datos Maestros en tabla MKAL,Claudio Paredes,712020:d3edceb6-a673-4efe-9233-1764de18f74e,Franco Erasmo Carvajal Encina,712020:864821cc-d935-4dc2-b3cf-72f39c6764d9,Alta,Diagnostico/Validación Inicial,,21/abr/26 11:14,08/may/26 14:52,
Incidente AMS,AMS-189,26732,Rendicion del Vendedor 1501,,,Franco Guiñez,712020:6936b4fa-b95c-4f96-a4e9-3701f624831f,Alta,Cancelado,,21/abr/26 11:20,21/abr/26 14:53,
Incidente S4,IS4-1723,26747,RE: Información adicional Incidente IS4-70,,,Lorenzo Francisco Campos Quiroz,712020:6a55b690-c28c-4d8f-8822-832b0b0bcba4,Alta,Creado,,21/abr/26 11:54,21/abr/26 11:54,
Incidente S4,IS4-1726,26759,RE: IS4-1662 Problema partición facturas Cadena de Suministro ,Ruby del Carmen Troncoso Paillaleo,70121:b734ef72-dcc1-4ae2-a85b-464c97fad9e6,Felipe Andres Macias Meza,62992a23658d58006889fb3e,Alta,Validación del usuario,,21/abr/26 12:27,08/jul/26 16:12,
Incidente S4,IS4-1727,26761,RE: IS4-1586 problemas para facturar exportaciones,Ruby del Carmen Troncoso Paillaleo,70121:b734ef72-dcc1-4ae2-a85b-464c97fad9e6,Francisco Javier Jimenez Soto,712020:d7eef56f-26a0-4307-9de7-855b3f2f1d22,Alta,Validación del usuario,,21/abr/26 12:34,08/jul/26 16:00,
Incidente S4,IS4-1728,26762,RE: IS4-1586 problemas para facturar exportaciones,Ruby del Carmen Troncoso Paillaleo,70121:b734ef72-dcc1-4ae2-a85b-464c97fad9e6,Felipe Andres Macias Meza,62992a23658d58006889fb3e,Alta,Validación del usuario,,21/abr/26 12:35,08/jul/26 15:55,
Incidente,INC-3223,26780,GlobalProtect - PROBLEMAS CON VPN ,Alexis Andres Diaz Gutierrez,712020:3be679ea-af26-441b-8bb6-d0d2262df709,Evelyn Escarleth Pozo Mardones,712020:8b960cfb-b110-4045-923f-c9094ff363d0,Alta,Resuelto,,21/abr/26 13:40,21/abr/26 16:33,
Incidente S4,IS4-1735,26794,ACCESO A TRANSACCION C203,,,Nicolas Fernando Letelier Menares,712020:11066e06-8dc3-48f7-a7fa-af6907c9511a,Alta,Equipo Resolutor Asignado,,21/abr/26 14:29,22/abr/26 10:19,
Incidente S4,IS4-1755,26871,"Estimados, Buenas Tardes, las Facturaciones en forma Manual,  no lee el FILL RATE",Carlos Felipe Suarez Parraguez,70121:3804dc91-d917-49bc-a33d-e6848caf9586,Evelyn Mariela Barra Varas,712020:6add39fe-e1a4-4545-bfa3-d1cfa896cd63,Alta,Equipo Resolutor Asignado,,21/abr/26 16:56,24/abr/26 11:33,
Incidente,INC-3308,26906,Caída masiva de enlaces Entel,Victor Mauricio Vera Nuñez,712020:46155656-0657-4144-9fa4-ba01a5c2fdf8,Leonardo Javier Barahona Gaete,712020:838e14a0-01fc-400e-993f-1fdf5257b90d,Alta,Validación del usuario,,21/abr/26 22:59,03/ago/26 11:14,
Incidente,INC-3310,26908,Caída red corporativa SV,Victor Mauricio Vera Nuñez,712020:46155656-0657-4144-9fa4-ba01a5c2fdf8,Erik Antonio Avello Muñoz,712020:869c9d33-067b-414c-8475-811f73e1934e,Alta,Documentación Incidente,,21/abr/26 23:07,31/ago/26 16:08,
Incidente,INC-3442,27211,incidente en Salesservice V2 transacción V01,DANILO ESTEBAN Rodriguez Leiva,637297188fd2d2d5f12bc7aa,Roger Alexander Parada Blanco,712020:234b0d24-cbaa-46ea-8569-871c27298fa9,Alta,Equipo Asignado,,22/abr/26 14:43,06/may/26 08:24,
Incidente S4,IS4-1792,27213,Doble marca Cumplimiento Planes de Visita (Ruta GPS),,,Nicolas Andres Sanchez Oyarzun,70121:1ca1d67d-9b23-4791-959a-9c992bee3d1c,Alta,Equipo Resolutor Asignado,,22/abr/26 14:45,24/abr/26 08:41,
Incidente S4,IS4-1795,27220,SAP BDC – Error al modificar variables y fechas,,,Karol Dayanna Palomino Serrano,712020:e4df31f3-cc17-4db7-b128-efd436a7f3c9,Alta,Equipo Resolutor Asignado,,22/abr/26 14:56,08/jul/26 11:41,
Incidente S4,IS4-1815,27298,Re: IS4-1202 Problemas con RGB,,,Barbara daniela olivares oyarzun,712020:726f30c8-27dd-4be1-9103-b740d99ec2e9,Alta,Creado,,22/abr/26 21:45,22/abr/26 21:45,
Incidente,INC-3509,27414,Monitoreo - Caída enlace GTD,Javier Esteban Castillo Jara,712020:1cf8bc7f-946e-4e1e-84b6-962e0924cd76,Cristian Gonzalez,712020:19982e45-c8ec-48ed-a1b1-82c03a22c486,Alta,Validación del usuario,,23/abr/26 06:45,23/abr/26 11:47,
Incidente,INC-3677,27660,RE: INC-1881 Requerimiento REQ-283,,,Manuel Alejandro Madrid Perez,712020:5de1dae5-3be6-47c9-8805-2cfc6b703ab9,Alta,Creado,,23/abr/26 19:24,23/abr/26 19:24,
Incidente S4,IS4-1889,27790,cambio contraseña solman,,,Jhonny Torres Neira,712020:998dbbe3-43d9-4095-a614-7949ae4f7e24,Alta,Equipo Resolutor Asignado,,24/abr/26 09:35,13/may/26 17:39,
Incidente,INC-3735,27819,Problema con creación de convocatorias en capital emprendedor,Jacinth Andrew Cordova Marcano,712020:2cbd7839-f70b-4079-a0ca-3c26f66080aa,Sebastián Latife Gaete,712020:c429cbf6-2afb-4d08-9eaf-ca37c605f862,Alta,Resuelto,,24/abr/26 10:23,06/may/26 16:10,
Incidente,INC-3759,27864,Intermitencia de llamadas en Contact Center – error de desconexión de red  ,Italo Hernan Pinto Montoya,712020:2f3e1c92-5fc9-40db-a408-9c532c1b54b5,Stefany Medina,712020:bdf7a478-711c-4257-a3df-cb0a23d5943a,Alta,Validación del usuario,,24/abr/26 12:01,28/abr/26 11:47,
Incidente S4,IS4-1913,27874,RE: IS4-1881 Generar EM,,,Rodrigo Antonio Urzua Gonzalez,712020:8fa77362-95db-48d2-a180-f03ee5a1e34b,Alta,Creado,,24/abr/26 12:33,24/abr/26 12:33,
Incidente,INC-3783,27895,Incidente p15,,,Porteria Tantehue Aves Reproductoras,712020:8e5f129d-04ad-4722-ad12-6bf3f2fafd28,Alta,Creado,,24/abr/26 14:06,24/abr/26 14:06,
Incidente,INC-3840,28001,Error distribución de carga (88),Victor Mauricio Vera Nuñez,712020:46155656-0657-4144-9fa4-ba01a5c2fdf8,Erik Antonio Avello Muñoz,712020:869c9d33-067b-414c-8475-811f73e1934e,Alta,Validación del usuario,,24/abr/26 20:44,03/ago/26 11:14,
Incidente,INC-3842,28003,Error distribución de carga (88),Victor Mauricio Vera Nuñez,712020:46155656-0657-4144-9fa4-ba01a5c2fdf8,IVETTE SEPULVEDA BANDA,712020:9dfaa318-53af-4e38-8ce7-5fc0cd7e1ae8,Alta,Validación del usuario,,24/abr/26 21:33,03/ago/26 11:13,
Incidente S4,IS4-1956,28015,RE: Información adicional Incidente IS4-1886,,,Juan Pablo Matamala Iraira,712020:7e6ce8bb-baca-43e3-b89c-493e2e12c737,Alta,Creado,,25/abr/26 01:15,25/abr/26 01:15,
Incidente S4,IS4-1957,28016,Usuario reporta que al momento de usar la transaccion de asingacion de palets a transportes arroja un error,ext_mcorrea_softtek@agrosuper.com,712020:5323166f-ed94-4acc-a23b-f7f9110326f4,Jair Mendez,712020:22ffd4f6-d064-47c3-9759-330c4c41fa9d,Alta,Validación del usuario,,25/abr/26 01:29,13/may/26 17:39,
Incidente,INC-3897,28153,caida enlace,Victor Mauricio Vera Nuñez,712020:46155656-0657-4144-9fa4-ba01a5c2fdf8,Matias Donoso,712020:a7340a87-8962-4ca5-85ba-c09ea08a4333,Alta,Validación del usuario,,26/abr/26 05:38,03/ago/26 11:13,
Incidente S4,IS4-1983,28206,Intercompany salmon en mexico no caen a vim,Luis Alejandro Araya Cornejo,70121:6968c2a5-786f-48d7-ae88-63bfd0ab0f3b,Paola Andrea Lizana Lizana,712020:266b8402-2abb-4f3e-b997-211c912eae66,Alta,Diagnostico/Validación Inicial,,26/abr/26 22:06,13/may/26 17:39,
Incidente,INC-3915,28209,Caída de servicios de internet,Victor Mauricio Vera Nuñez,712020:46155656-0657-4144-9fa4-ba01a5c2fdf8,IVETTE SEPULVEDA BANDA,712020:9dfaa318-53af-4e38-8ce7-5fc0cd7e1ae8,Alta,Validación del usuario,,26/abr/26 22:18,03/ago/26 11:13,
Incidente,INC-3933,28235, Monitoreo - Caída sectores proveedor Netland,Victor Mauricio Vera Nuñez,712020:46155656-0657-4144-9fa4-ba01a5c2fdf8,Evelyn Escarleth Pozo Mardones,712020:8b960cfb-b110-4045-923f-c9094ff363d0,Alta,Validación del usuario,,27/abr/26 06:33,08/may/26 21:01,
Incidente,INC-3969,28294,Creación ticket RPA,,,Erik Antonio Avello Muñoz,712020:869c9d33-067b-414c-8475-811f73e1934e,Alta,Equipo Asignado,,27/abr/26 09:51,27/abr/26 09:52,
Incidente S4,IS4-2014,28310,impresión transporte 15482636,,,Leonel Gaspar Barrueto Viveros,712020:f014465a-c360-4b20-9db5-f1e0a45a2551,Alta,Equipo Resolutor Asignado,,27/abr/26 10:15,13/may/26 17:39,
Incidente,INC-3985,28328,CREACION DE UN NUEVO ALMACEN,,,IVETTE SEPULVEDA BANDA,712020:9dfaa318-53af-4e38-8ce7-5fc0cd7e1ae8,Alta,Equipo Asignado,,27/abr/26 10:42,27/abr/26 11:16,
Incidente S4,IS4-2039,28390,RE: Información adicional Incidente IS4-1799,,,David Alexis Blanco Antivil,712020:540c4305-ed67-4434-a9e0-e69d8d12284d,Alta,Creado,,27/abr/26 12:43,27/abr/26 12:43,
Incidente,INC-4020,28391,Problema de conexión con OneDrive,Jacinth Andrew Cordova Marcano,712020:2cbd7839-f70b-4079-a0ca-3c26f66080aa,Alejandro Enrique Gonzalez Bracho,712020:5d49ed79-edcd-4f14-9eca-e80ad03364f9,Alta,Resuelto,,27/abr/26 12:46,06/may/26 16:08,
Incidente,INC-4045,28430,Falla de autenticación en base de datos,Guillermo Andres Benavides  Farias,712020:fb05db58-0e87-4d5f-b8ef-019907a66fdc,Stefany Medina,712020:bdf7a478-711c-4257-a3df-cb0a23d5943a,Alta,Validación del usuario,,27/abr/26 14:49,14/ago/26 16:39,
Incidente S4,IS4-2051,28434,RV: Información adicional Incidente IS4-348,,,Judith Stephany Toro Torres,712020:cfbd2514-7157-43af-ae23-9c20301298b4,Alta,Creado,,27/abr/26 14:55,27/abr/26 14:55,
Incidente,INC-4050,28439,El usuario tiene problemas con el correo que estaba lleno,Jacinth Andrew Cordova Marcano,712020:2cbd7839-f70b-4079-a0ca-3c26f66080aa,JOSE LUIS GONZALES SAAVEDRA,712020:075bda8b-a9aa-4f4c-8b48-c4e50213f2d3,Alta,Resuelto,,27/abr/26 15:09,06/may/26 11:14,
Incidente,INC-4053,28442,Ticket RPA,,,Erik Antonio Avello Muñoz,712020:869c9d33-067b-414c-8475-811f73e1934e,Alta,Equipo Asignado,,27/abr/26 15:11,27/abr/26 15:12,
Incidente S4,IS4-2063,28486,Problema en TX ZLOG01 con la confirmación de pedidos con error de creación,Jazmin Ulloa Castillo,70121:720243fc-8069-4ba1-b414-3e11b13052c1,Diego Ignacio Carvajal Carrasco,712020:8acc2299-b4bc-4914-be54-fb7b970e6663,Alta,Equipo Resolutor Asignado,,27/abr/26 17:03,03/jun/26 11:00,
Incidente S4,IS4-2065,28494,Re: IS4-2043 Usuario solicita generación de factura de pedido debido,,,Maria Jose Perez Carquin,712020:04da1def-7183-4ef0-87dc-24e57a0b3419,Alta,Creado,,27/abr/26 17:17,27/abr/26 17:17,
Incidente S4,IS4-2066,28495,Re: IS4-2042 Usuario solicita generación de factura de pedido debido,,,Maria Jose Perez Carquin,712020:04da1def-7183-4ef0-87dc-24e57a0b3419,Alta,Creado,,27/abr/26 17:17,27/abr/26 17:17,
Incidente S4,IS4-2068,28499,RE: IS4-1877 Fallos UMP,,,Luis Gerardo Contreras Correa,712020:10d5e5a9-605f-40ff-93f0-e37d4f298a3e,Alta,Creado,,27/abr/26 17:34,27/abr/26 17:34,
Incidente S4,IS4-2093,28618,Modificación CO,,,Diego Max Farias Fuentes,712020:251396b2-336e-4b99-b5a2-ab0bda24c90f,Alta,Equipo Resolutor Asignado,,28/abr/26 08:55,13/may/26 21:28,
Incidente S4,IS4-2094,28622,RE: IS4-1534 Recepción de la UMP,,,Maximiliano Andres Meliñir Calabrano,712020:170c6843-6a16-4d8b-9dd4-456c83062872,Alta,Creado,,28/abr/26 09:00,30/abr/26 13:34,
Incidente S4,IS4-2105,28664,Error de credenciales en Excel (Analisis) ,Jorge Andres Perez Saez,712020:5584c1ba-2f69-4291-b750-558fd5e49056,Stefany Medina,712020:bdf7a478-711c-4257-a3df-cb0a23d5943a,Alta,Validación del usuario,,28/abr/26 10:28,25/ago/26 18:51,
Incidente S4,IS4-2117,28699,Conexion SQR,,,Francheska Rivera Rosaly,712020:02ec7f4e-2a49-429b-8919-1802ea72952e,Alta,Equipo Resolutor Asignado,,28/abr/26 11:57,13/may/26 21:35,
Incidente,INC-4201,28720,Problema con los HMI que no están cargando,Jacinth Andrew Cordova Marcano,712020:2cbd7839-f70b-4079-a0ca-3c26f66080aa,Alejandro Enrique Gonzalez Bracho,712020:5d49ed79-edcd-4f14-9eca-e80ad03364f9,Alta,Resuelto,,28/abr/26 12:45,06/may/26 11:12,
Incidente S4,IS4-2127,28724,Carga NC Aportes Fiori,Carlos Felipe Suarez Parraguez,70121:3804dc91-d917-49bc-a33d-e6848caf9586,Claudio Alejandro Carter Monares,70121:21a0f702-829b-488b-8f45-781c20e8d5a2,Alta,Equipo Resolutor Asignado,,28/abr/26 12:49,18/jun/26 15:31,
Incidente,INC-4214,28744,resultados inconsistentes en simulaciones,,,Erik Antonio Avello Muñoz,712020:869c9d33-067b-414c-8475-811f73e1934e,Alta,Equipo Asignado,,28/abr/26 13:43,28/abr/26 13:44,
Incidente S4,IS4-2134,28746,Reporte GESBAN,Luis Alejandro Araya Cornejo,70121:6968c2a5-786f-48d7-ae88-63bfd0ab0f3b,Marina Ester Abarca Cornejo,712020:a7df25aa-cccf-49f8-8fbf-a45fbc2872c7,Alta,Equipo Resolutor Asignado,,28/abr/26 13:47,25/may/26 12:57,
Incidente S4,IS4-2147,28804,RE: IS4-2001 Material no impacta en rendición CASO FACTURA 100557180,,,Yesenia Beatriz Oliveros Bocaranda,712020:9aae2313-c659-4f79-bb50-ca7d77361334,Alta,Creado,,28/abr/26 16:20,28/abr/26 16:20,
Incidente S4,IS4-2150,28812,RE: IS4-2001 Material no impacta en rendición CASO FACTURA 100557180,,,Nicole Edith Salgado Cordova,712020:717b0696-3a43-43a5-b190-a7664a3fba0c,Alta,Creado,,28/abr/26 16:53,28/abr/26 16:53,
Incidente S4,IS4-2157,28836,Usuario con cuenta bloqueada por responsable del sistema en SAP BDC (CFHERRERA),Antonia Belen Fuenzalida Pena,712020:27c40a0b-6a9b-424b-97cd-e06c7e50f4a1,Jair Mendez,712020:22ffd4f6-d064-47c3-9759-330c4c41fa9d,Alta,Creado,,28/abr/26 18:22,02/jul/26 09:40,
Incidente S4,IS4-2166,28925,BIZERBA no cambia orden de producto en línea tradicional además hay un retardo en emisión de etiquetas,,,Consuelo Del Carmen Zamora Navia,712020:1b9460ea-efa8-464d-9d6c-2d53346a6c5c,Alta,Equipo Resolutor Asignado,,29/abr/26 02:41,27/ago/26 14:37,
Incidente S4,IS4-2172,28978,Cuentas SAP FIORI PALE,,,Catalina Belen Sandoval Caro,712020:c7d9c2bf-418c-4b9f-8342-9df62124dce3,Alta,Equipo Resolutor Asignado,,29/abr/26 08:26,01/jun/26 16:48,
Incidente S4,IS4-2173,28980,Re: IS4-1534 Recepción de la UMP,,,Manuel Alejandro Garrido Tapia,712020:6162c24c-64ab-456a-8dfe-fa915749ac5c,Alta,Creado,,29/abr/26 08:29,29/abr/26 08:29,
Incidente S4,IS4-2177,28995,Solicitud de acceso a Synapse,,,Pablo Ignacio Cortes Gaete,712020:8a2b113d-2444-4e7a-a61f-218dda55a996,Alta,Equipo Resolutor Asignado,,29/abr/26 09:01,13/ago/26 17:05,
Incidente AMS,AMS-284,29001,Solicitud clave,,,Leidy Tatiana Leon L,712020:9f01b0e9-6c3e-4f87-a273-6cdcf9715ad2,Alta,Cancelado,,29/abr/26 09:19,29/abr/26 11:37,
Incidente,INC-4354,29059,Desbloqueo aplicación Fortinet,Scarlet Aracely Muñoz Castillo,712020:34dce0a0-0ac6-4759-a94a-13e2ae86b706,Leonardo Javier Barahona Gaete,712020:838e14a0-01fc-400e-993f-1fdf5257b90d,Alta,Resuelto,,29/abr/26 11:28,29/abr/26 11:41,
Incidente S4,IS4-2192,29063,Motivos NC sell Out,Carlos Felipe Suarez Parraguez,70121:3804dc91-d917-49bc-a33d-e6848caf9586,Maria Francisca Lopez Padilla,712020:4649a907-8287-4219-b5da-a0892ea2747c,Alta,Equipo Resolutor Asignado,,29/abr/26 11:46,26/may/26 09:59,
Incidente S4,IS4-2203,29085,transacción: md04,,,Roger Alexander Parada Blanco,712020:234b0d24-cbaa-46ea-8569-871c27298fa9,Alta,Equipo Resolutor Asignado,,29/abr/26 12:29,14/may/26 09:22,
Incidente,INC-4376,29108,Equipos de PLC RILES - LAGUNA se encuentran sin red.,Italo Hernan Pinto Montoya,712020:2f3e1c92-5fc9-40db-a408-9c532c1b54b5,Alejandro Enrique Gonzalez Bracho,712020:5d49ed79-edcd-4f14-9eca-e80ad03364f9,Alta,Escalado Proveedores Marca,,29/abr/26 14:03,14/ago/26 10:49,
Incidente,INC-4378,29111,problema en la macro,,,Erik Antonio Avello Muñoz,712020:869c9d33-067b-414c-8475-811f73e1934e,Alta,Equipo Asignado,,29/abr/26 14:15,29/abr/26 14:16,
Incidente,INC-4395,29139,ticket a Soporte Sintec Producción Animal,,,Erik Antonio Avello Muñoz,712020:869c9d33-067b-414c-8475-811f73e1934e,Alta,Equipo Asignado,,29/abr/26 15:50,30/abr/26 10:55,
Incidente,INC-4401,29148,intermitencias en la red,Javier Esteban Castillo Jara,712020:1cf8bc7f-946e-4e1e-84b6-962e0924cd76,Jhonny Torres Neira,712020:998dbbe3-43d9-4095-a614-7949ae4f7e24,Alta,Validación del usuario,,29/abr/26 16:12,03/ago/26 11:14,
Incidente S4,IS4-2222,29152,RE: Información adicional Incidente IS4-361,,,Nelson Ignacio Cancino Mansilla,712020:a6a88ba2-4854-4d18-902f-8a0b16cfc3d7,Alta,Creado,,29/abr/26 16:26,29/abr/26 16:26,
Incidente S4,IS4-2230,29193,emitir guía ,,,Fidel Saul Rivera Valdivia,712020:23eb6bf8-099a-4b1f-9ed1-22abef5cd581,Alta,Equipo Resolutor Asignado,,30/abr/26 00:30,13/may/26 17:39,
Incidente,INC-4440,29306,Sin internet,Kevin Alexis Maldonado Muñoz,712020:c8eacfb5-650a-4c88-857f-2414a8f12044,Leidy Tatiana Leon L,712020:9f01b0e9-6c3e-4f87-a273-6cdcf9715ad2,Alta,Validación del usuario,,30/abr/26 08:41,01/jul/26 10:58,
Incidente,INC-4481,29376,NO PUEDE ACCEDER A LA PAGINA DE SMARTPICKIN,Aldo Rodrigo Gonzalez Contreras,712020:444ef87b-e384-47e4-b76a-52abffc021d9,IVETTE SEPULVEDA BANDA,712020:9dfaa318-53af-4e38-8ce7-5fc0cd7e1ae8,Alta,Validación del usuario,,30/abr/26 11:26,03/ago/26 12:00,
Incidente,INC-4482,29377,Error al ingresar a Sitios y aplicaciones,Aldo Rodrigo Gonzalez Contreras,712020:444ef87b-e384-47e4-b76a-52abffc021d9,Franco Guiñez,712020:6936b4fa-b95c-4f96-a4e9-3701f624831f,Alta,Validación del usuario,,30/abr/26 11:29,03/ago/26 12:00,
Incidente S4,IS4-2253,29380,RE: IS4-1107 ZSDT_MONITOREO_PC - Programa Monitoreo Punto de Control,,,Erick Alexander Quintero Yepes,712020:68408aa7-575f-48b0-a79a-9afc75f13fba,Alta,Creado,,30/abr/26 11:35,30/abr/26 11:35,
Incidente S4,IS4-2256,29391,RE: IS4-2240 Etiquetas con problemas,,,Luis Mauricio Zuñiga Pino,5f762dbdb61f66006f059a9c,Alta,Creado,,30/abr/26 11:49,30/abr/26 11:49,
Incidente,INC-4516,29436,No procesa información Reporte,,,Erik Antonio Avello Muñoz,712020:869c9d33-067b-414c-8475-811f73e1934e,Alta,Equipo Asignado,,30/abr/26 14:53,30/abr/26 14:54,
Incidente S4,IS4-2273,29461,Error en conectate,,,Roger Alexander Parada Blanco,712020:234b0d24-cbaa-46ea-8569-871c27298fa9,Alta,Equipo Resolutor Asignado,,30/abr/26 15:58,13/may/26 17:39,
Incidente S4,IS4-2274,29463,RE: IS4-1534 Recepción de la UMP,,,Maximiliano Andres Meliñir Calabrano,712020:170c6843-6a16-4d8b-9dd4-456c83062872,Alta,Creado,,30/abr/26 16:04,30/abr/26 16:04,
Incidente,INC-4527,29464,INTERMITENCIA INTERNET,Kevin Alexis Maldonado Muñoz,712020:c8eacfb5-650a-4c88-857f-2414a8f12044,IVETTE SEPULVEDA BANDA,712020:9dfaa318-53af-4e38-8ce7-5fc0cd7e1ae8,Alta,Validación del usuario,,30/abr/26 16:05,26/may/26 16:17,
Incidente S4,IS4-2281,29478,Ticket S092 Reclamo automático,Rafael Perez,70121:b5c44554-7b1e-4a69-bfac-dfed44364c15,Paola Andrea Lizana Lizana,712020:266b8402-2abb-4f3e-b997-211c912eae66,Alta,Diagnostico/Validación Inicial,,30/abr/26 16:55,28/ago/26 17:00,
Incidente S4,IS4-2298,29622,.Power BI no se actualiza en Grupo 17 – Error ORA 01722,,,Karol Dayanna Palomino Serrano,712020:e4df31f3-cc17-4db7-b128-efd436a7f3c9,Alta,Equipo Resolutor Asignado,,01/may/26 16:58,12/ago/26 16:22,
Incidente S4,IS4-2305,29713,CECINA EN TRANSITO,,,Francisco Javier Llempe Huichaqueo,712020:95350773-99a8-4649-a090-b6b9c65de0dd,Alta,Equipo Resolutor Asignado,,02/may/26 14:23,13/may/26 17:39,
Incidente S4,IS4-2315,29866,Gasto duplicado en BDC,Jorge Andres Perez Saez,712020:5584c1ba-2f69-4291-b750-558fd5e49056,Paula Carolina Perez Contreras,712020:08361e87-e94d-42d6-8d71-f6d036777f63,Alta,Validación del usuario,,04/may/26 09:04,25/ago/26 18:52,
Incidente,INC-4632,29884,Incidente Call Center (Líneas Telefónicas),Felipe Andres Jeria Rodriguez,712020:f0d4df3d-4510-4e4a-be63-7258c31884e1,Karol Dayanna Palomino Serrano,712020:e4df31f3-cc17-4db7-b128-efd436a7f3c9,Alta,Validación del usuario,,04/may/26 09:51,11/may/26 15:44,
Incidente,INC-4639,29891,Bloqueo Pagina WEB us01.l.antigena.com,Giovanna Tavianni Lanzarini Manzano,712020:0ce6a8e2-f88d-4cb0-babb-fdedbed16c94,Leonardo Javier Barahona Gaete,712020:838e14a0-01fc-400e-993f-1fdf5257b90d,Alta,Resuelto,,04/may/26 10:12,05/may/26 17:31,
Incidente,INC-4665,29933,Solicitud revisión VPN,Benjamin Nicolas Schwalm Jara,712020:7762ff16-6b68-4f6f-a0ad-2b1b9a40b257,Leonardo Javier Barahona Gaete,712020:838e14a0-01fc-400e-993f-1fdf5257b90d,Alta,Resuelto,,04/may/26 11:33,05/may/26 07:47,
Incidente S4,IS4-2349,29983,Traspaso de Transporte SAP (SQR → SPR),,,Karol Dayanna Palomino Serrano,712020:e4df31f3-cc17-4db7-b128-efd436a7f3c9,Alta,Equipo Resolutor Asignado,,04/may/26 15:01,20/may/26 16:29,
Incidente S4,IS4-2352,29990,"Diferencia en ZML_REND_FAENA - Reporte rendimiento de faena el 14-04-2026, la diferencia es de 41 varas calientes en el turno 1 ",Victor Manuel Acuña Caballero,712020:b1b7bbb9-be1a-4665-8069-cb1d1eaa2795,Marcelo Eduardo Avila Meneses,712020:f337742c-ff99-4257-828b-5ea635384b0b,Alta,Resolución del Incidente,,04/may/26 15:16,25/ago/26 15:16,
Incidente,INC-4698,30000,Buzon lleno,Jacinth Andrew Cordova Marcano,712020:2cbd7839-f70b-4079-a0ca-3c26f66080aa,Leidy Tatiana Leon L,712020:9f01b0e9-6c3e-4f87-a273-6cdcf9715ad2,Alta,Resuelto,,04/may/26 15:47,12/may/26 15:10,
Incidente S4,IS4-2356,30011,RE: IS4-2190 solicitud de cuenta y contraseña SAP SQR,Ruby del Carmen Troncoso Paillaleo,70121:b734ef72-dcc1-4ae2-a85b-464c97fad9e6,Diego Ignacio Carvajal Carrasco,712020:8acc2299-b4bc-4914-be54-fb7b970e6663,Alta,Validación del usuario,,04/may/26 16:20,08/jul/26 15:13,
Incidente S4,IS4-2363,30030,RE: IS4-2319 Contabilizar factura,,,Nicol Andrea Morales Morales,712020:91b93515-2a73-45a6-9079-564123abeffa,Alta,Creado,,04/may/26 17:13,04/may/26 17:13,
Incidente S4,IS4-2366,30039,RE: IS4-2190 solicitud de cuenta y contraseña SAP SQR,,,Guillermo Reinaldo Muñoz Sances,70121:853dd757-b37f-41c0-b65e-d9368021a1a2,Alta,Creado,,04/may/26 19:19,04/may/26 19:19,
Incidente,INC-4723,30056,RE: INC-4527 INTERMITENCIA INTERNET,,,Mauricio Contreras Carrasco,712020:795a9bfb-cbcf-4af1-8108-c4d4e050727e,Alta,Creado,,05/may/26 07:10,05/may/26 07:10,
Incidente S4,IS4-2384,30106,El usuario solicita el cambio de cuadrilla en meatline.,Victor Manuel Acuña Caballero,712020:b1b7bbb9-be1a-4665-8069-cb1d1eaa2795,IVETTE SEPULVEDA BANDA,712020:9dfaa318-53af-4e38-8ce7-5fc0cd7e1ae8,Alta,Validación del usuario,,05/may/26 10:28,25/ago/26 14:49,
Incidente,INC-4765,30125,Problemas en hmi,Jacinth Andrew Cordova Marcano,712020:2cbd7839-f70b-4079-a0ca-3c26f66080aa,Bastián Andrés González Muñoz,712020:efb72a65-08eb-4c37-b4d9-419704558128,Alta,Resuelto,,05/may/26 11:03,06/may/26 11:08,
Incidente S4,IS4-2391,30130,"RE: IS4-2387 al momento de decomisar producto por sistema se realiza decomiso, de 73 cajas que no corresponden  solicito la anulación    ",,,Alejandro Esteban Palma Font de la Vall,712020:541a96e9-f3c9-44c1-93bf-afd8ee3e3391,Alta,Creado,,05/may/26 11:21,05/may/26 11:21,
Incidente S4,IS4-2395,30141,problemas bdc ,Jorge Andres Perez Saez,712020:5584c1ba-2f69-4291-b750-558fd5e49056,Matias Donoso,712020:a7340a87-8962-4ca5-85ba-c09ea08a4333,Alta,Validación del usuario,,05/may/26 12:03,26/ago/26 09:22,
Incidente S4,IS4-2404,30164,RE: IS4-2190 solicitud de cuenta y contraseña SAP SQR,Ruby del Carmen Troncoso Paillaleo,70121:b734ef72-dcc1-4ae2-a85b-464c97fad9e6,Felipe Andres Macias Meza,62992a23658d58006889fb3e,Alta,Validación del usuario,,05/may/26 13:59,08/jul/26 14:01,
Incidente,INC-4793,30178,RE: INC-4527 INTERMITENCIA INTERNET,,,Porteria Tantehue Aves Reproductoras,712020:8e5f129d-04ad-4722-ad12-6bf3f2fafd28,Alta,Creado,,05/may/26 15:11,05/may/26 15:11,
Incidente S4,IS4-2416,30193,PROBLEMAS CON SAP Y CON QWERY,Jorge Andres Perez Saez,712020:5584c1ba-2f69-4291-b750-558fd5e49056,Cristian Gonzalez,712020:19982e45-c8ec-48ed-a1b1-82c03a22c486,Alta,Validación del usuario,,05/may/26 15:39,25/ago/26 18:53,
Incidente,INC-4805,30222,Falla de switch – IP 150.2.1.169,Felipe Andres Jeria Rodriguez,712020:f0d4df3d-4510-4e4a-be63-7258c31884e1,Evelyn Escarleth Pozo Mardones,712020:8b960cfb-b110-4045-923f-c9094ff363d0,Alta,Validación del usuario,,05/may/26 16:58,06/may/26 09:24,
Incidente,INC-4806,30224,Enlace Entel Incubadora Curacaví sin servicio,Jonathan Ivo Milenko Carrasco Piña,712020:5ac2a5cf-ca53-47f2-9c59-4d37b2d42f65,Jonathan Ivo Milenko Carrasco Piña,712020:5ac2a5cf-ca53-47f2-9c59-4d37b2d42f65,Alta,Validación del usuario,,05/may/26 16:59,06/may/26 09:28,
Incidente S4,IS4-2433,30227,DESEMBOLSOS POR LA TRANSACCION INTERFAZ,Alvaro Claveria,712020:1e620e07-c365-4c9c-8ea9-55728c093e67,Paola Andrea Lizana Lizana,712020:266b8402-2abb-4f3e-b997-211c912eae66,Alta,Equipo Resolutor Asignado,,05/may/26 17:05,27/ago/26 15:34,
Incidente S4,IS4-2434,30228,"Duplicidad en Query BDC BEx Web - Costo Dist Exp x Sector, Detalle Cta. (Acum) Publi.  con SAP SPR",Jorge Andres Perez Saez,712020:5584c1ba-2f69-4291-b750-558fd5e49056,Benjamín Marcelo Reyes Aravena,712020:97e5b13c-6c39-450d-8e29-3cc934cf28fb,Alta,Validación del usuario,,05/may/26 17:05,25/ago/26 18:54,
Incidente,INC-4849,30362,Bloqueo AD recurrente,Patrick Boris Abnet Muñoz  Molina,712020:ac944e1e-85dd-4869-b78d-ba8112bb7484,Leidy Tatiana Leon L,712020:9f01b0e9-6c3e-4f87-a273-6cdcf9715ad2,Alta,Validación del usuario,,06/may/26 09:55,30/jul/26 13:39,
Incidente S4,IS4-2461,30382,error en pedido por TpCd zpr6,Jorge Luis Videla Gonzalez,712020:6eb13bc2-a9be-46a8-abc2-36d78ed8def3,David Antonio Quintana Gacitua,712020:eab8200e-5fdb-471b-ac3f-3c66c8d94eb0,Alta,Equipo Resolutor Asignado,,06/may/26 10:55,23/jul/26 08:25,
Incidente S4,IS4-2469,30396,Acceso a CX,,,Romina De Lourdes Hernandez Manriquez,712020:4f641638-fee0-4550-bbb6-14aff9dea01c,Alta,Equipo Resolutor Asignado,,06/may/26 11:42,27/ago/26 14:38,
Incidente S4,IS4-2471,30398,cambio de licencia e ingreso a plataforma por inicio de sesión SSO.,,,Romina De Lourdes Hernandez Manriquez,712020:4f641638-fee0-4550-bbb6-14aff9dea01c,Alta,Equipo Resolutor Asignado,,06/may/26 11:47,08/jun/26 16:22,
Incidente,INC-4872,30415,RPA automatizacion,,,Matias Donoso,712020:a7340a87-8962-4ca5-85ba-c09ea08a4333,Alta,Equipo Asignado,,06/may/26 12:35,06/may/26 12:35,
Incidente,INC-4877,30427,Aplicación bloqueada por FORTINET,Giovanna Tavianni Lanzarini Manzano,712020:0ce6a8e2-f88d-4cb0-babb-fdedbed16c94,Bastián Andrés González Muñoz,712020:efb72a65-08eb-4c37-b4d9-419704558128,Alta,Resuelto,,06/may/26 13:08,14/may/26 17:52,
Incidente S4,IS4-2490,30449,Paso a Productivo RFC,,,Ivan Andres Ortega Gacitua,712020:f529ce09-f7a9-4ac2-8097-5fa433978c2c,Alta,Equipo Resolutor Asignado,,06/may/26 14:19,13/may/26 17:38,
Incidente S4,IS4-2493,30452,RE: IS4-2240 Etiquetas con problemas,,,Cristian Ramon Mella Jorquera,712020:9094d3a9-7a88-487e-a1a8-361c4b6304ce,Alta,Creado,,06/may/26 14:37,06/may/26 14:37,
Incidente S4,IS4-2497,30461,Actualizacion query stock capital de trabajo,,,Bastián Andrés González Muñoz,712020:efb72a65-08eb-4c37-b4d9-419704558128,Alta,Equipo Resolutor Asignado,,06/may/26 15:46,13/may/26 17:38,
Incidente S4,IS4-2502,30472,Generación Estado Flujo de Efectivo,,,Emmanuel Jesus Pichun Orellana,712020:0452958b-543b-44cb-98fb-0e35fa6bcded,Alta,Equipo Resolutor Asignado,,06/may/26 16:24,13/may/26 17:38,
Incidente S4,IS4-2504,30474,RE: IS4-1866 Error en PDF automático en SAP con nombre de sociedad incorrecto,Ruby del Carmen Troncoso Paillaleo,70121:b734ef72-dcc1-4ae2-a85b-464c97fad9e6,Diego Ignacio Carvajal Carrasco,712020:8acc2299-b4bc-4914-be54-fb7b970e6663,Alta,Validación del usuario,,06/may/26 16:26,08/jul/26 13:35,
Incidente S4,IS4-2507,30479,RE: Información adicional Incidente IS4-2310,,,Carlos Enrique Cornejo Veas,712020:ecca1bac-c828-4f35-ab59-55818a6c54f9,Alta,Creado,,06/may/26 16:54,06/may/26 16:54,
Incidente,INC-4910,30512,Caída Enlaces DIMABE general,Italo Hernan Pinto Montoya,712020:2f3e1c92-5fc9-40db-a408-9c532c1b54b5,Sebastián Latife Gaete,712020:c429cbf6-2afb-4d08-9eaf-ca37c605f862,Alta,Validación del usuario,,06/may/26 22:39,08/may/26 21:02,
Incidente,INC-4914,30552,Monitoreo - Caída sectores proveedor Dimabe,Victor Mauricio Vera Nuñez,712020:46155656-0657-4144-9fa4-ba01a5c2fdf8,Alejandro Enrique Gonzalez Bracho,712020:5d49ed79-edcd-4f14-9eca-e80ad03364f9,Alta,Validación del usuario,,07/may/26 06:44,03/ago/26 11:13,
Incidente,INC-4932,30584,"HMI con intermitencia, se pega cada 2 minutos durante 30 segundos",Jacinth Andrew Cordova Marcano,712020:2cbd7839-f70b-4079-a0ca-3c26f66080aa,Leonardo Javier Barahona Gaete,712020:838e14a0-01fc-400e-993f-1fdf5257b90d,Alta,Resuelto,,07/may/26 10:12,07/may/26 17:21,
Incidente S4,IS4-2532,30594,RE: Información adicional Incidente IS4-70,,,Lorenzo Francisco Campos Quiroz,712020:6a55b690-c28c-4d8f-8822-832b0b0bcba4,Alta,Creado,,07/may/26 11:03,11/may/26 10:20,
Incidente S4,IS4-2541,30610,Re: IS4-1866 Error en PDF automático en SAP con nombre de sociedad incorrecto,,,Nicolas Ignacio Acevedo Concha,712020:2f63c2b1-84b7-4ae5-bb33-bd4a5fed8ea3,Alta,Creado,,07/may/26 11:52,07/may/26 11:52,
Incidente S4,IS4-2544,30614,RE: IS4-2414 Problemas con la transacción ZLOG,JUAN ZURITA,712020:9f28fbf9-9fb3-4715-9b89-01915b28f2ca,Diego Ignacio Carvajal Carrasco,712020:8acc2299-b4bc-4914-be54-fb7b970e6663,Alta,Validación del usuario,,07/may/26 12:06,15/jun/26 09:30,
Incidente S4,IS4-2551,30624,RE: IS4-2190 solicitud de cuenta y contraseña SAP SQR,,,Giordan Gabriel Piña Romero,712020:f31069a1-79f1-4e4f-a3ff-a72e64df2d07,Alta,Creado,,07/may/26 12:55,07/may/26 12:55,
Incidente AMS,AMS-381,30641,RE: Información adicional Incidente AMS-149,,,Claudio Sharkawi,712020:57e7cd03-b50a-4cc0-883f-14a7dbd50281,Alta,Cancelado,,07/may/26 14:13,07/may/26 15:10,
Incidente S4,IS4-2560,30653,Acceso a CX,,,Romina De Lourdes Hernandez Manriquez,712020:4f641638-fee0-4550-bbb6-14aff9dea01c,Alta,Equipo Resolutor Asignado,,07/may/26 15:10,01/jun/26 08:46,
Incidente S4,IS4-2563,30661,Error en Carga Masiva de Facturacion,,,Ivan Andres Ortega Gacitua,712020:f529ce09-f7a9-4ac2-8097-5fa433978c2c,Alta,Equipo Resolutor Asignado,,07/may/26 15:34,01/jul/26 19:07,
Incidente,INC-4968,30689,Monitoreo de Sectores CS,Luis Nibaldo Bustos Arriagada,712020:164a2568-3825-4854-b34b-12934469c8eb,Luis Nibaldo Bustos Arriagada,712020:164a2568-3825-4854-b34b-12934469c8eb,Alta,Validación del usuario,,07/may/26 17:05,08/may/26 08:53,
Incidente S4,IS4-2578,30693,ND sin referenciar,Carlos Felipe Suarez Parraguez,70121:3804dc91-d917-49bc-a33d-e6848caf9586,Barbara Tatiana Villalobos Roman,712020:f6178635-aa18-47a6-8d7c-9df13181b00a,Alta,Equipo Resolutor Asignado,,07/may/26 17:23,13/may/26 17:38,
Incidente,INC-4982,30751,monitoreo - enlace caido,Italo Hernan Pinto Montoya,712020:2f3e1c92-5fc9-40db-a408-9c532c1b54b5,Franco Guiñez,712020:6936b4fa-b95c-4f96-a4e9-3701f624831f,Alta,Validación del usuario,,08/may/26 06:47,08/may/26 20:59,
Incidente,INC-4985,30754,Sin internet,Kevin Alexis Maldonado Muñoz,712020:c8eacfb5-650a-4c88-857f-2414a8f12044,Leidy Tatiana Leon L,712020:9f01b0e9-6c3e-4f87-a273-6cdcf9715ad2,Alta,Validación del usuario,,08/may/26 07:43,08/may/26 09:03,
Incidente,INC-4987,30756,Sector sin internet ,Kevin Alexis Maldonado Muñoz,712020:c8eacfb5-650a-4c88-857f-2414a8f12044,Franco Guiñez,712020:6936b4fa-b95c-4f96-a4e9-3701f624831f,Alta,Validación del usuario,,08/may/26 07:55,08/may/26 09:10,
Incidente S4,IS4-2589,30761,INCONSISTENCIA DE DATOS EN BW,Jorge Andres Perez Saez,712020:5584c1ba-2f69-4291-b750-558fd5e49056,IVETTE SEPULVEDA BANDA,712020:9dfaa318-53af-4e38-8ce7-5fc0cd7e1ae8,Alta,Validación del usuario,,08/may/26 08:28,26/ago/26 08:53,
Incidente S4,IS4-2595,30778,REQ - Permiso IBP,,,Leidy Tatiana Leon L,712020:9f01b0e9-6c3e-4f87-a273-6cdcf9715ad2,Alta,Equipo Resolutor Asignado,,08/may/26 09:08,01/jun/26 10:33,
Incidente S4,IS4-2596,30781,Problemas con CAMRES 3.0,Jorge Luis Videla Gonzalez,712020:6eb13bc2-a9be-46a8-abc2-36d78ed8def3,Carlos Javier Roco Rojas,712020:11fd3bb5-1d6b-43a2-aec4-2318ae1ef819,Alta,Equipo Resolutor Asignado,,08/may/26 09:13,03/jun/26 13:13,
Incidente,INC-5003,30798,Intermitencia HMI,Italo Hernan Pinto Montoya,712020:2f3e1c92-5fc9-40db-a408-9c532c1b54b5,Leidy Tatiana Leon L,712020:9f01b0e9-6c3e-4f87-a273-6cdcf9715ad2,Alta,Validación del usuario,,08/may/26 10:03,08/may/26 20:50,
Incidente,INC-5005,30809,HMI con lentitud,Jacinth Andrew Cordova Marcano,712020:2cbd7839-f70b-4079-a0ca-3c26f66080aa,Leonardo Javier Barahona Gaete,712020:838e14a0-01fc-400e-993f-1fdf5257b90d,Alta,Resuelto,,08/may/26 10:33,08/may/26 13:57,
Incidente,INC-5018,30835,Alerta Monitorer enlace Planta Longovilo (Mundo),Italo Hernan Pinto Montoya,712020:2f3e1c92-5fc9-40db-a408-9c532c1b54b5,Luis Nibaldo Bustos Arriagada,712020:164a2568-3825-4854-b34b-12934469c8eb,Alta,Validación del usuario,,08/may/26 11:26,08/may/26 20:57,
Incidente S4,IS4-2617,30843,RE: Información adicional Incidente IS4-889,,,Yasna Castro Rodriguez,712020:1a445784-66b3-424d-b48d-97db353309b0,Alta,Creado,,08/may/26 11:48,08/may/26 11:48,
Incidente,INC-5025,30851,Bloqueo en AD,Giovanna Tavianni Lanzarini Manzano,712020:0ce6a8e2-f88d-4cb0-babb-fdedbed16c94,Leidy Tatiana Leon L,712020:9f01b0e9-6c3e-4f87-a273-6cdcf9715ad2,Alta,Resuelto,,08/may/26 12:10,14/may/26 17:54,
Incidente,INC-5049,30897,Bloqueo FortiEDR,Giovanna Tavianni Lanzarini Manzano,712020:0ce6a8e2-f88d-4cb0-babb-fdedbed16c94,Bastián Andrés González Muñoz,712020:efb72a65-08eb-4c37-b4d9-419704558128,Alta,Resuelto,,08/may/26 15:45,14/may/26 17:50,
Incidente S4,IS4-2633,30905,RE: IS4-2628 No imprime packing list,,,Rodrigo Sebastian Camilo Donoso,712020:f7cadb96-cd89-4ff9-9ee5-48d874502ec5,Alta,Creado,,08/may/26 16:27,08/may/26 16:27,
Incidente S4,IS4-2634,30906,RE: IS4-2628 No imprime packing list,,,Coordinadores Despacho Aves,712020:ff4d8d87-0c11-4486-9edc-244accd35270,Alta,Creado,,08/may/26 16:29,08/may/26 16:29,
Incidente S4,IS4-2635,30908,RE: IS4-2628 No imprime packing list,,,romana1@agrosuper.com,712020:c83b1e53-e1cf-4f1c-9f29-fde5430f1171,Alta,Creado,,08/may/26 16:35,08/may/26 16:35,
Incidente,INC-5111,31094,ERROR Al procesar la transacción ZTR_MM_ZTOE ,,,IVETTE SEPULVEDA BANDA,712020:9dfaa318-53af-4e38-8ce7-5fc0cd7e1ae8,Alta,Equipo Asignado,,11/may/26 04:44,25/may/26 11:07,
Incidente S4,IS4-2665,31134,RE: IS4-2594 RELANZAR DOCUMENTOS AL SII,,,Emmanuel Jesus Pichun Orellana,712020:0452958b-543b-44cb-98fb-0e35fa6bcded,Alta,Creado,,11/may/26 07:52,11/may/26 07:52,
Incidente S4,IS4-2699,31255,RE: IS4-2492 REQ acceso a BDC,,,Javier Giovani Castro Pontigo,712020:557a96df-6279-4d29-b783-24efdfb58184,Alta,Creado,,11/may/26 14:22,11/may/26 14:22,
Incidente,INC-5217,31307,No se puede ingresar cuenta Outlook a telefono,Jacinth Andrew Cordova Marcano,712020:2cbd7839-f70b-4079-a0ca-3c26f66080aa,Franco Guiñez,712020:6936b4fa-b95c-4f96-a4e9-3701f624831f,Alta,Resuelto,,11/may/26 17:26,11/may/26 18:12,
Incidente S4,IS4-2719,31330,RE: IS4-2691 Homologacion de usuario,,,Carlos Manuel Bello Rodriguez,712020:02fb8ccb-3d13-4ce5-a669-5e6ecd813698,Alta,Creado,,11/may/26 19:28,11/may/26 19:28,
Incidente,INC-5249,31345,qRFC Entries: SPR.300,Jorge Arnaldo Quiroz Olmos,712020:4e6376c9-f6d2-4bc4-b833-100074be9526,Alejandro Enrique Gonzalez Bracho,712020:5d49ed79-edcd-4f14-9eca-e80ad03364f9,Alta,Validación del usuario,,12/may/26 00:27,12/may/26 08:34,
Incidente,INC-5291,31477,Enlace Porteria La Soledad,Luis Nibaldo Bustos Arriagada,712020:164a2568-3825-4854-b34b-12934469c8eb,Luis Nibaldo Bustos Arriagada,712020:164a2568-3825-4854-b34b-12934469c8eb,Alta,Validación del usuario,,12/may/26 10:55,12/may/26 15:20,
Incidente S4,IS4-2748,31516,Bloqueo de captura de humedad maíz nacional ,,,Jessica Cerda Clavero,712020:39f47428-3017-4ee8-9485-288767a9328f,Alta,Equipo Resolutor Asignado,,12/may/26 13:06,13/may/26 19:36,
Incidente S4,IS4-2761,31563,Modificación Orden de compra ZMAI (pedido de compra Maiz Nac),,,Jessica Cerda Clavero,712020:39f47428-3017-4ee8-9485-288767a9328f,Alta,Equipo Resolutor Asignado,,12/may/26 15:29,13/may/26 19:31,
Incidente S4,IS4-2762,31567,[REQ] Usuaria solicita conexión de ambiente de pruebas. ,,,Benjamín Marcelo Reyes Aravena,712020:97e5b13c-6c39-450d-8e29-3cc934cf28fb,Alta,Equipo Resolutor Asignado,,12/may/26 15:54,06/jun/26 15:54,
Incidente S4,IS4-2772,31588,PC NO PERMITE INGRESAR A SAP - ,,,Erick Alexander Quintero Yepes,712020:68408aa7-575f-48b0-a79a-9afc75f13fba,Alta,Equipo Resolutor Asignado,,12/may/26 17:04,13/may/26 17:38,
Incidente,INC-5381,31613,Error correo,Patrick Boris Abnet Muñoz  Molina,712020:ac944e1e-85dd-4869-b78d-ba8112bb7484,Leidy Tatiana Leon L,712020:9f01b0e9-6c3e-4f87-a273-6cdcf9715ad2,Alta,Validación del usuario,,13/may/26 02:53,30/jul/26 13:40,
Incidente S4,IS4-2782,31670,Req-reestablcer contraseña sap CX,,,Matias Donoso,712020:a7340a87-8962-4ca5-85ba-c09ea08a4333,Alta,Equipo Resolutor Asignado,,13/may/26 09:40,01/jun/26 10:53,
Incidente,INC-5406,31683,Enlace Telxius CS: CRT-007824 Sin servicio,Kevin Alexis Maldonado Muñoz,712020:c8eacfb5-650a-4c88-857f-2414a8f12044,Jonathan Ivo Milenko Carrasco Piña,712020:5ac2a5cf-ca53-47f2-9c59-4d37b2d42f65,Alta,Validación del usuario,,13/may/26 10:08,28/jul/26 10:26,
Incidente,INC-5419,31706,Degradación página agrosuperventas.com ,Jacinth Andrew Cordova Marcano,712020:2cbd7839-f70b-4079-a0ca-3c26f66080aa,Evelyn Escarleth Pozo Mardones,712020:8b960cfb-b110-4045-923f-c9094ff363d0,Alta,Resuelto,,13/may/26 10:53,13/may/26 15:38,
Incidente S4,IS4-2803,31734,"Etiquetas de ZPP0100 EAD no existen , Se reinicia Registros de correlativos  URGENTE PLANTA en Detención",,,Diego Munoz Sepulveda,712020:86d94b2e-684a-466f-b591-f7297eb4e8a3,Alta,Equipo Resolutor Asignado,,13/may/26 12:29,02/jul/26 10:38,
Incidente S4,IS4-2815,31769,RE: IS4-2607 Poblemas para imprimir etiquetas,,,Paola Ignacia Vasquez Rojas,712020:7ce28e5d-d156-4016-86fc-346c6dd11b6e,Alta,Creado,,13/may/26 15:09,13/may/26 15:09,
Incidente,INC-5472,31816,Desbloqueo PC Constansa Muños,Jhonnathan Steven Daza Rodriguez,712020:a8c450a1-a4d1-479f-bbf1-1882bbeeca8a,Jhonnathan Steven Daza Rodriguez,712020:a8c450a1-a4d1-479f-bbf1-1882bbeeca8a,Alta,Resuelto,,13/may/26 17:51,13/may/26 17:55,
Incidente,INC-5476,31821,Desbloqueo PC JONATHAN NICOLAS PATRICIO FUENTES JAQUES,Jhonnathan Steven Daza Rodriguez,712020:a8c450a1-a4d1-479f-bbf1-1882bbeeca8a,Jhonnathan Steven Daza Rodriguez,712020:a8c450a1-a4d1-479f-bbf1-1882bbeeca8a,Alta,Resuelto,,13/may/26 18:03,13/may/26 18:05,
Incidente,INC-5491,31845,Problemas de espacio en disco,Patrick Boris Abnet Muñoz  Molina,712020:ac944e1e-85dd-4869-b78d-ba8112bb7484,IVETTE SEPULVEDA BANDA,712020:9dfaa318-53af-4e38-8ce7-5fc0cd7e1ae8,Alta,Validación del usuario,,14/may/26 02:56,30/jul/26 13:41,
Incidente,INC-5495,31849,INTERMITENCIA ENLACE MOVISTAR EN PALE,Nivaldo Damian Farias Cornejo,712020:b0d13dab-a32c-4cb0-96c6-898a73162599,IVETTE SEPULVEDA BANDA,712020:9dfaa318-53af-4e38-8ce7-5fc0cd7e1ae8,Alta,Validación del usuario,,14/may/26 05:15,14/may/26 09:05,
Incidente S4,IS4-2856,31933,RE: Información adicional Incidente IS4-1467,,,Jorge Nelson Barra Paillanao,712020:1f6c4de0-c5f7-4e4f-8a42-348d094e45d7,Alta,Creado,,14/may/26 11:48,14/may/26 11:48,
Incidente,INC-5570,31966,Enlace Movistar Planta Alimento Lo Miranda,Javier Esteban Castillo Jara,712020:1cf8bc7f-946e-4e1e-84b6-962e0924cd76,Luis Nibaldo Bustos Arriagada,712020:164a2568-3825-4854-b34b-12934469c8eb,Alta,Validación del usuario,,14/may/26 13:29,20/jul/26 15:22,
Incidente S4,IS4-2875,32015,Pedidos E-commerce agrosuperventas no viajan a V2,Jorge Luis Videla Gonzalez,712020:6eb13bc2-a9be-46a8-abc2-36d78ed8def3,Sebastián Latife Gaete,712020:c429cbf6-2afb-4d08-9eaf-ca37c605f862,Alta,Equipo Resolutor Asignado,,14/may/26 15:55,15/may/26 08:55,
Incidente,INC-5604,32018,Incidente Zoho Vault (Acceso no disponible),Benjamin Nicolas Schwalm Jara,712020:7762ff16-6b68-4f6f-a0ad-2b1b9a40b257,Karol Dayanna Palomino Serrano,712020:e4df31f3-cc17-4db7-b128-efd436a7f3c9,Alta,Resuelto,,14/may/26 16:13,14/may/26 17:04,
Incidente AMS,AMS-469,32041,Error en Legacy ,,,Karoline Lasso Torres,712020:12bcbd45-75ef-4264-b1c5-8ac7a2c82403,Alta,Cancelado,,14/may/26 16:58,15/may/26 09:11,
Incidente,INC-5620,32043,problemas en accesos a data lake ,,,Jhonny Torres Neira,712020:998dbbe3-43d9-4095-a614-7949ae4f7e24,Alta,Documentación Incidente,,14/may/26 16:59,31/ago/26 09:36,
Incidente,INC-5627,32061,Solicitud Desbloqueo Cuenta,Jhonnathan Steven Daza Rodriguez,712020:a8c450a1-a4d1-479f-bbf1-1882bbeeca8a,Jhonnathan Steven Daza Rodriguez,712020:a8c450a1-a4d1-479f-bbf1-1882bbeeca8a,Alta,Resuelto,,14/may/26 17:53,14/may/26 17:57,
Incidente,INC-5636,32107,Reparacion red,Victor Mauricio Vera Nuñez,712020:46155656-0657-4144-9fa4-ba01a5c2fdf8,Leidy Tatiana Leon L,712020:9f01b0e9-6c3e-4f87-a273-6cdcf9715ad2,Alta,Validación del usuario,,15/may/26 00:59,03/ago/26 11:13,
Incidente,INC-5672,32227,envió erróneo del Código de barras de la etiqueta caja producto terminado ,,,Nicolas Prieto Camelo,712020:96297815-e140-4dc8-9c3a-aea67948657e,Alta,Equipo Asignado,,15/may/26 10:15,15/may/26 10:16,
Incidente S4,IS4-2917,32257,RE: Información adicional Incidente IS4-2798,,,Miguel Angel Abarca Peralta,712020:592a06dc-5835-4345-9495-37d1519e8172,Alta,Creado,,15/may/26 11:40,15/may/26 11:40,
Incidente,INC-5695,32279,Cuenta deshabilitada laravena@agrosuper.com,Alexis Andres Diaz Gutierrez,712020:3be679ea-af26-441b-8bb6-d0d2262df709,Evelyn Escarleth Pozo Mardones,712020:8b960cfb-b110-4045-923f-c9094ff363d0,Alta,Resuelto,,15/may/26 12:32,15/may/26 13:15,
Incidente,INC-5700,32291,espacio correo,Guillermo Andres Benavides  Farias,712020:fb05db58-0e87-4d5f-b8ef-019907a66fdc,Matias Donoso,712020:a7340a87-8962-4ca5-85ba-c09ea08a4333,Alta,Validación del usuario,,15/may/26 13:43,14/ago/26 16:39,
Incidente S4,IS4-2932,32302,RE: IS4-2607 Poblemas para imprimir etiquetas,,,Paola Ignacia Vasquez Rojas,712020:7ce28e5d-d156-4016-86fc-346c6dd11b6e,Alta,Creado,,15/may/26 14:12,15/may/26 14:13,
Incidente S4,IS4-2933,32303,RE: IS4-2607 Poblemas para imprimir etiquetas,,,Camilo Ignacio Garrido Valenzuela,712020:8b011310-a05a-4170-9f27-458dabadf633,Alta,Creado,,15/may/26 14:16,15/may/26 14:16,
Incidente S4,IS4-2934,32304,Acceso a CX,,,Romina De Lourdes Hernandez Manriquez,712020:4f641638-fee0-4550-bbb6-14aff9dea01c,Alta,Equipo Resolutor Asignado,,15/may/26 14:21,08/jun/26 16:23,
Incidente S4,IS4-2945,32336,RE: IS4-2607 Poblemas para imprimir etiquetas,,,Camilo Ignacio Garrido Valenzuela,712020:8b011310-a05a-4170-9f27-458dabadf633,Alta,Creado,,15/may/26 15:42,15/may/26 15:42,
Incidente S4,IS4-2947,32339,Re: IS4-2922 Error al facurar en SAP,,,Felipe Graell Ruidíaz,712020:7abbddd1-dde3-44d0-b9aa-05104c561f33,Alta,Creado,,15/may/26 15:50,15/may/26 15:50,
Incidente S4,IS4-2951,32345,RE: IS4-2607 Poblemas para imprimir etiquetas,,,Ricardo Antonio Roman Castro,712020:fd99fb9a-a8ca-40a6-b67b-6522aafd5841,Alta,Creado,,15/may/26 16:11,15/may/26 16:11,
Incidente,INC-5741,32365, Contingencia de Despacho con Error Despacho de Rosario,Patrick Boris Abnet Muñoz  Molina,712020:ac944e1e-85dd-4869-b78d-ba8112bb7484,Jhonnathan Steven Daza Rodriguez,712020:a8c450a1-a4d1-479f-bbf1-1882bbeeca8a,Alta,Validación del usuario,,15/may/26 18:55,16/may/26 22:10,
Incidente,INC-5747,32372,Robo de computador notebook,Benjamin Nicolas Schwalm Jara,712020:7762ff16-6b68-4f6f-a0ad-2b1b9a40b257,Jhonnathan Steven Daza Rodriguez,712020:a8c450a1-a4d1-479f-bbf1-1882bbeeca8a,Alta,Resuelto,,15/may/26 20:43,15/may/26 21:05,
Incidente,INC-5748,32377,RE: Se ha creado el requerimiento IS4-2961,,,Coordinadores Despacho Aves,712020:ff4d8d87-0c11-4486-9edc-244accd35270,Alta,Creado,,15/may/26 23:22,16/may/26 00:46,
Incidente,INC-5749,32379,RE: Se ha creado el requerimiento AMS-483,,,Coordinadores Despacho Aves,712020:ff4d8d87-0c11-4486-9edc-244accd35270,Alta,Creado,,16/may/26 01:12,16/may/26 01:42,
Incidente S4,IS4-2969,32406,Bloqueo en la transacción MK01,,,Roger Alexander Parada Blanco,712020:234b0d24-cbaa-46ea-8569-871c27298fa9,Alta,Equipo Resolutor Asignado,,16/may/26 11:42,16/may/26 13:18,
Incidente,INC-5783,32429,problemas HMI,Patrick Boris Abnet Muñoz  Molina,712020:ac944e1e-85dd-4869-b78d-ba8112bb7484,Jhonny Torres Neira,712020:998dbbe3-43d9-4095-a614-7949ae4f7e24,Alta,Validación del usuario,,16/may/26 21:59,16/may/26 23:48,
Incidente,INC-5785,32431,Alerta de temperatura,Martin Horacio Ramirez Riquelme,712020:bb4df128-bdb5-431a-b8a1-5431a84aaa16,Franco Guiñez,712020:6936b4fa-b95c-4f96-a4e9-3701f624831f,Alta,Validación del usuario,,16/may/26 23:33,24/jul/26 16:58,
Incidente,INC-5788,32466,No se reportan Batch a HMI y SAP,Patrick Boris Abnet Muñoz  Molina,712020:ac944e1e-85dd-4869-b78d-ba8112bb7484,Leonardo Javier Barahona Gaete,712020:838e14a0-01fc-400e-993f-1fdf5257b90d,Alta,Validación del usuario,,17/may/26 02:05,17/may/26 02:32,
Incidente,INC-5795,32473,problemas con HMI,Patrick Boris Abnet Muñoz  Molina,712020:ac944e1e-85dd-4869-b78d-ba8112bb7484,Jhonny Torres Neira,712020:998dbbe3-43d9-4095-a614-7949ae4f7e24,Alta,Validación del usuario,,17/may/26 20:06,17/may/26 20:59,
Incidente,INC-5818,32533,alerta sensor espacio,Patrick Boris Abnet Muñoz  Molina,712020:ac944e1e-85dd-4869-b78d-ba8112bb7484,Matias Donoso,712020:a7340a87-8962-4ca5-85ba-c09ea08a4333,Alta,Validación del usuario,,18/may/26 08:08,18/may/26 08:47,
Incidente,INC-5832,32549,No se puede imprirmir etiquetas desde el servidor ,Jacinth Andrew Cordova Marcano,712020:2cbd7839-f70b-4079-a0ca-3c26f66080aa,Franco Guiñez,712020:6936b4fa-b95c-4f96-a4e9-3701f624831f,Alta,Resuelto,,18/may/26 08:39,07/ago/26 12:08,
Incidente S4,IS4-2981,32555,RE: IS4-2539 No puedo refacturar documentos reclamados,,,Nicole Edith Salgado Cordova,712020:717b0696-3a43-43a5-b190-a7664a3fba0c,Alta,Creado,,18/may/26 08:54,18/may/26 08:54,
Incidente S4,IS4-2983,32559,RE: IS4-2607 Poblemas para imprimir etiquetas,,,Camilo Ignacio Garrido Valenzuela,712020:8b011310-a05a-4170-9f27-458dabadf633,Alta,Creado,,18/may/26 09:00,18/may/26 09:00,
Incidente,INC-5847,32568,RE: Se ha creado el requerimiento INC-5763,,,hmilad@agrosupertalca.cl,712020:e60654f7-5a2b-4429-ac7d-191b21950beb,Alta,Creado,,18/may/26 09:17,18/may/26 09:17,
Incidente,INC-5866,32593,RE: Se ha creado el requerimiento IS4-2987,,,Cristian Ramon Mella Jorquera,712020:9094d3a9-7a88-487e-a1a8-361c4b6304ce,Alta,Creado,,18/may/26 10:06,18/may/26 10:06,
Incidente,INC-5867,32597,RE: Se ha creado el requerimiento INC-5763,,,Juan Carlos Urbina Albornoz,712020:64ce3de9-cfa4-4c9e-95bb-a1fa67a44c21,Alta,Creado,,18/may/26 10:13,18/may/26 10:13,
Incidente,INC-5886,32627,Bandeja de correo llena,Jacinth Andrew Cordova Marcano,712020:2cbd7839-f70b-4079-a0ca-3c26f66080aa,Franco Guiñez,712020:6936b4fa-b95c-4f96-a4e9-3701f624831f,Alta,Resuelto,,18/may/26 10:54,07/ago/26 12:09,
Incidente S4,IS4-2997,32648,Problema con MMS para revisar liquidaciones de proveedores,,,Sebastián Latife Gaete,712020:c429cbf6-2afb-4d08-9eaf-ca37c605f862,Alta,Equipo Resolutor Asignado,,18/may/26 11:17,18/may/26 12:41,
Incidente S4,IS4-3000,32658,Stock Faltante - Centro 7285,Jorge Andres Perez Saez,712020:5584c1ba-2f69-4291-b750-558fd5e49056,Rodrigo Sebastian Silva Tori,70121:36ec9c8b-1e10-4ef6-a993-cebafc36ca24,Alta,Validación del usuario,,18/may/26 11:26,26/ago/26 09:17,
Incidente S4,IS4-3004,32680,RE: IS4-2720 problema en liberar pallet y volver asignar,,,Cristian Ramon Mella Jorquera,712020:9094d3a9-7a88-487e-a1a8-361c4b6304ce,Alta,Creado,,18/may/26 12:19,18/may/26 12:19,
Incidente,INC-5932,32696,Problemas de conexion en conectae,Kevin Alexis Maldonado Muñoz,712020:c8eacfb5-650a-4c88-857f-2414a8f12044,Franco Guiñez,712020:6936b4fa-b95c-4f96-a4e9-3701f624831f,Alta,Validación del usuario,,18/may/26 12:49,03/jun/26 13:06,
Incidente S4,IS4-3009,32704,RE: IS4-2720 problema en liberar pallet y volver asignar,,,Cristian Ramon Mella Jorquera,712020:9094d3a9-7a88-487e-a1a8-361c4b6304ce,Alta,Creado,,18/may/26 13:10,18/may/26 13:10,
Incidente S4,IS4-3018,32743,RE: Información adicional Incidente IS4-3005,,,Ximena Cecilia Fuentes Lucero,712020:d6590d7f-e7b4-4df3-b3bb-14af9b664f27,Alta,Creado,,18/may/26 15:10,18/may/26 15:10,
Incidente,INC-5962,32744,revisar servidor,DANILO ESTEBAN Rodriguez Leiva,637297188fd2d2d5f12bc7aa,Jhonny Torres Neira,712020:998dbbe3-43d9-4095-a614-7949ae4f7e24,Alta,Validación del usuario,,18/may/26 15:10,18/may/26 17:16,
Incidente,INC-5988,32787,LENTITUD INTERNET OFICINA ATLANTA,Javier Esteban Castillo Jara,712020:1cf8bc7f-946e-4e1e-84b6-962e0924cd76,IVETTE SEPULVEDA BANDA,712020:9dfaa318-53af-4e38-8ce7-5fc0cd7e1ae8,Alta,Validación del usuario,,18/may/26 17:14,03/ago/26 15:19,
Incidente,INC-6021,32835,Usuario reporta lentitud en HMI de la sala de comandos 2 (Planta de Alimentos Lo Miranda),Jacinth Andrew Cordova Marcano,712020:2cbd7839-f70b-4079-a0ca-3c26f66080aa,Jair Mendez,712020:22ffd4f6-d064-47c3-9759-330c4c41fa9d,Alta,Resuelto,,19/may/26 07:33,07/ago/26 12:35,
Incidente,INC-6030,32845,Reinicio de servidor IGNITION de aplicacion dosificacion,Nicolas Ignacio Lobos Muñoz,712020:231572bf-d0c7-4e49-bbe3-989381fb5348,Sebastián Latife Gaete,712020:c429cbf6-2afb-4d08-9eaf-ca37c605f862,Alta,Validación del usuario,,19/may/26 08:23,19/may/26 09:53,
Incidente S4,IS4-3038,32853,Error en pallet,Felipe Duran,712020:af79e742-ca83-4c13-91e8-5b24a7372f8b,Sebastián Latife Gaete,712020:c429cbf6-2afb-4d08-9eaf-ca37c605f862,Alta,Validación del usuario,,19/may/26 08:44,27/may/26 11:31,
Incidente,INC-6128,32972,Problema con duplicidad en clientes ,,,Sebastián Latife Gaete,712020:c429cbf6-2afb-4d08-9eaf-ca37c605f862,Alta,Equipo Asignado,,19/may/26 14:50,19/may/26 15:39,
Incidente S4,IS4-3052,32983,Etiquetas salen en cantidad de golpe,,,Franco Guiñez,712020:6936b4fa-b95c-4f96-a4e9-3701f624831f,Alta,Validación Asignación Equipo Proyecto S4,,19/may/26 15:06,31/ago/26 14:46,
Incidente,INC-6163,33035,Power Apps - el usuario no llega las confirmaciones de realización del formulario ni tampoco las recibe el area de operaciones ,Nicolas Prieto Camelo,712020:96297815-e140-4dc8-9c3a-aea67948657e,Nicolas Prieto Camelo,712020:96297815-e140-4dc8-9c3a-aea67948657e,Alta,Esperando por el usuario,,19/may/26 17:03,19/may/26 17:22,
Incidente,INC-6174,33056,RE: Se ha creado el requerimiento AMS-537,,,Sebastian Andres Muñoz Palma,712020:1c82b6f0-6a86-4151-8a64-ca06e70d8396,Alta,Creado,,19/may/26 18:02,25/may/26 11:08,
Incidente,INC-6175,33058,Problema tecnoandina,Guillermo Andres Benavides  Farias,712020:fb05db58-0e87-4d5f-b8ef-019907a66fdc,Leidy Tatiana Leon L,712020:9f01b0e9-6c3e-4f87-a273-6cdcf9715ad2,Alta,Validación del usuario,,19/may/26 18:04,14/ago/26 16:39,
Incidente,INC-6187,33083,RE: Se ha creado el requerimiento AMS-538,,,Sebastian Andres Muñoz Palma,712020:1c82b6f0-6a86-4151-8a64-ca06e70d8396,Alta,Creado,,20/may/26 01:58,27/may/26 13:42,
Incidente,INC-6194,33095,Problemas en HMI ,Jacinth Andrew Cordova Marcano,712020:2cbd7839-f70b-4079-a0ca-3c26f66080aa,Bastián Andrés González Muñoz,712020:efb72a65-08eb-4c37-b4d9-419704558128,Alta,Resuelto,,20/may/26 07:19,07/ago/26 12:35,
Incidente,INC-6220,33131,problemas con citas y recepción de correos,Guillermo Andres Benavides  Farias,712020:fb05db58-0e87-4d5f-b8ef-019907a66fdc,Jhonny Torres Neira,712020:998dbbe3-43d9-4095-a614-7949ae4f7e24,Alta,Validación del usuario,,20/may/26 09:20,14/ago/26 16:39,
Incidente S4,IS4-3100,33150,RE: IS4-2607 Poblemas para imprimir etiquetas,,,Camilo Ignacio Garrido Valenzuela,712020:8b011310-a05a-4170-9f27-458dabadf633,Alta,Creado,,20/may/26 10:21,20/may/26 10:21,
Incidente S4,IS4-3104,33159,RE: IS4-2607 Poblemas para imprimir etiquetas,Ruby del Carmen Troncoso Paillaleo,70121:b734ef72-dcc1-4ae2-a85b-464c97fad9e6,Enzo Sebastian Osorio Tiznado,712020:bdc566f5-eb54-4451-8fc0-407773ddbcaa,Alta,Validación del usuario,,20/may/26 10:31,03/jul/26 15:40,
Incidente,INC-6245,33187,RE: Se ha creado el requerimiento IS4-3110,,,Catalina Belen Sandoval Caro,712020:c7d9c2bf-418c-4b9f-8342-9df62124dce3,Alta,Creado,,20/may/26 11:32,20/may/26 11:32,
Incidente AMS,AMS-551,33194,RE: AMS-488 Error En legacy,,,Flavia Maud Zamorano Castro,712020:22c861fe-1751-4848-a4e9-e068cf00d96b,Alta,Cancelado,,20/may/26 11:49,22/may/26 13:12,
Incidente,INC-6254,33200,Enlace Puerto Montt (Entel),Luis Nibaldo Bustos Arriagada,712020:164a2568-3825-4854-b34b-12934469c8eb,Luis Nibaldo Bustos Arriagada,712020:164a2568-3825-4854-b34b-12934469c8eb,Alta,Validación del usuario,,20/may/26 11:57,20/may/26 14:44,
Incidente,INC-6269,33222,APP - chiller - no carga la pagina ,DANILO ESTEBAN Rodriguez Leiva,637297188fd2d2d5f12bc7aa,Nicolas Prieto Camelo,712020:96297815-e140-4dc8-9c3a-aea67948657e,Alta,Validación del usuario,,20/may/26 13:02,20/may/26 17:59,
Incidente S4,IS4-3119,33229,Error en procesamiento ,Carlos Felipe Suarez Parraguez,70121:3804dc91-d917-49bc-a33d-e6848caf9586,Sebastián Latife Gaete,712020:c429cbf6-2afb-4d08-9eaf-ca37c605f862,Alta,Equipo Resolutor Asignado,,20/may/26 13:54,16/jun/26 11:48,
Incidente S4,IS4-3136,33284,"RE: AMS-510 Favor actualizar Stock F135 Material 1012200 con 46 días en Stock, el cual no figura PDAs en stock.",,,Sebastian Andres Muñoz Palma,712020:1c82b6f0-6a86-4151-8a64-ca06e70d8396,Alta,Creado,,20/may/26 16:53,27/may/26 13:42,
Incidente,INC-6302,33287,RE: Se ha creado el requerimiento AMS-563,,,Sebastian Andres Muñoz Palma,712020:1c82b6f0-6a86-4151-8a64-ca06e70d8396,Alta,Creado,,20/may/26 16:59,27/may/26 13:43,
Incidente,INC-6337,33346,Usuario reporta que el proceso de producción del HMI de la planta 2 se quedo en pausa y no retoma,Jacinth Andrew Cordova Marcano,712020:2cbd7839-f70b-4079-a0ca-3c26f66080aa,Jair Mendez,712020:22ffd4f6-d064-47c3-9759-330c4c41fa9d,Alta,Resuelto,,22/may/26 03:36,07/ago/26 12:36,
Incidente,INC-6339,33349,Caída de enlace Entel y Movistar,Carlos Alberto Pavez Diaz,712020:07f89943-bb5b-4b7c-a927-9777b941f3cb,Jair Mendez,712020:22ffd4f6-d064-47c3-9759-330c4c41fa9d,Alta,Validación del usuario,,22/may/26 04:29,22/may/26 08:23,
Incidente,INC-6374,33396,santa elena sin internet. ,Aldo Rodrigo Gonzalez Contreras,712020:444ef87b-e384-47e4-b76a-52abffc021d9,Jhonny Torres N,712020:3cecf351-efbc-43f7-8cdc-ccc90034c4a0,Alta,Validación del usuario,,22/may/26 09:49,03/ago/26 11:59,
Incidente,INC-6378,33404,Almacenamiento lleno.,Jacinth Andrew Cordova Marcano,712020:2cbd7839-f70b-4079-a0ca-3c26f66080aa,Benjamín Reyes Aravena,712020:69f5cef6-164b-4af6-9971-75c05d019041,Alta,Resuelto,,22/may/26 10:23,07/ago/26 12:37,
Incidente,INC-6400,33445,RE: Se ha creado el requerimiento IS4-3102,,,Javiera Francisca Allendes Castillo,712020:e4390b38-2d23-4612-8890-e5b6001f10d2,Alta,Creado,,22/may/26 12:22,22/may/26 12:22,
Incidente S4,IS4-3165,33451,Bizerba con retraso en la emisión de la etiqueta de caja en etiquetado tradicional,,,Consuelo Del Carmen Zamora Navia,712020:1b9460ea-efa8-464d-9d6c-2d53346a6c5c,Alta,Validación Asignación Equipo Proyecto S4,,22/may/26 12:34,25/ago/26 14:00,
Incidente S4,IS4-3166,33456,Documento contabilizado a rut de OC,Rafael Perez,70121:b5c44554-7b1e-4a69-bfac-dfed44364c15,Paola Andrea Lizana Lizana,712020:266b8402-2abb-4f3e-b997-211c912eae66,Alta,Diagnostico/Validación Inicial,,22/may/26 12:45,28/ago/26 17:02,
Incidente,INC-6450,33516,Problemas en integración de BIZERBA cecinas Sopraval,DANILO ESTEBAN Rodriguez Leiva,637297188fd2d2d5f12bc7aa,Sebastian Latife,712020:523fdaee-0def-45cd-99d0-88abc4b3104d,Alta,Validación del usuario,,22/may/26 15:09,22/may/26 15:40,
Incidente S4,IS4-3179,33521,Indicador de impuesto IA  - IVA VIM- Italia,Rafael Perez,70121:b5c44554-7b1e-4a69-bfac-dfed44364c15,Paola Andrea Lizana Lizana,712020:266b8402-2abb-4f3e-b997-211c912eae66,Alta,Diagnostico/Validación Inicial,,22/may/26 15:18,28/ago/26 17:01,
Incidente S4,IS4-3182,33526,RE: Información adicional Incidente IS4-1467,,,Jorge Nelson Barra Paillanao,712020:1f6c4de0-c5f7-4e4f-8a42-348d094e45d7,Alta,Creado,,22/may/26 15:25,22/may/26 15:25,
Incidente,INC-6480,33565,Memoria VMI en bajo porcentaje,Jacinth Andrew Cordova Marcano,712020:2cbd7839-f70b-4079-a0ca-3c26f66080aa,Leonardo Javier Barahona Gaete,712020:32f1439b-e183-4371-a50d-9c0908bbafb5,Alta,Validación del usuario,,22/may/26 22:16,22/may/26 23:43,
Incidente,INC-6482,33568,Error conexión sensores Contingencia Despacho San Vicente,Jacinth Andrew Cordova Marcano,712020:2cbd7839-f70b-4079-a0ca-3c26f66080aa,Leonardo Javier Barahona Gaete,712020:32f1439b-e183-4371-a50d-9c0908bbafb5,Alta,Resuelto,,22/may/26 23:39,07/ago/26 12:38,
Incidente,INC-6522,33655,monitoreo - Instance not responding: BWP.300,Alexandra Daniela Camus Solari,712020:a62d03f5-2b5d-4efe-b08a-690a4b552ed2,Jhonny Torres N,712020:3cecf351-efbc-43f7-8cdc-ccc90034c4a0,Alta,Validación del usuario,,23/may/26 15:37,25/may/26 11:27,
Incidente,INC-6523,33660,RE: Se ha creado el requerimiento IS4-3206,,,Francisco Javier Perez Villagran,712020:5fe19ff5-36e6-4386-89a5-c30118eba681,Alta,Creado,,23/may/26 17:08,23/may/26 17:08,
Incidente,INC-6525,33662,Usuario reporta caida del HMI en la planta 1 (dosificador/dosificacion),Jacinth Andrew Cordova Marcano,712020:2cbd7839-f70b-4079-a0ca-3c26f66080aa,Jair Mendez,712020:22ffd4f6-d064-47c3-9759-330c4c41fa9d,Alta,Resuelto,,24/may/26 04:38,07/ago/26 12:35,
Incidente,INC-6536,33675,sin conexion,Jacinth Andrew Cordova Marcano,712020:2cbd7839-f70b-4079-a0ca-3c26f66080aa,Leidy Tatiana León Lizcano,712020:7c332f1c-beea-4c36-850d-a4bebe955356,Alta,Resuelto,,25/may/26 00:25,07/ago/26 12:34,
Incidente,INC-6557,33698,HMI sin comunicacion ,Jacinth Andrew Cordova Marcano,712020:2cbd7839-f70b-4079-a0ca-3c26f66080aa,Franco Guinez A,712020:a3795c3a-aa5f-4cea-8071-60172591b157,Alta,Resuelto,,25/may/26 07:40,07/ago/26 12:32,
Incidente,INC-6585,33732,problemas con HMI,Marcelo Patricio Celis Retamal,712020:077cd782-bf12-45d5-81ef-952c99739577,Jhonny Torres N,712020:3cecf351-efbc-43f7-8cdc-ccc90034c4a0,Alta,Validación del usuario,,25/may/26 09:17,25/may/26 10:23,
Incidente,INC-6600,33756,Usuario presenta demora en todos los procesos de SAP,Carlos Alberto Pavez Diaz,712020:07f89943-bb5b-4b7c-a927-9777b941f3cb,Alejandro Enrique Gonzalez Bracho,712020:2a91d042-9782-44ad-8944-fe1523f3889d,Alta,Validación del usuario,,25/may/26 10:09,30/jul/26 17:32,
Incidente,INC-6621,33787,Onedrive no esta sincronizando,Guillermo Andres Benavides  Farias,712020:fb05db58-0e87-4d5f-b8ef-019907a66fdc,Franco Guinez A,712020:a3795c3a-aa5f-4cea-8071-60172591b157,Alta,Validación del usuario,,25/may/26 11:16,14/ago/26 16:39,
Incidente,INC-6658,33851,RE: Se ha creado el requerimiento IS4-3252,,,Catalina Belen Sandoval Caro,712020:c7d9c2bf-418c-4b9f-8342-9df62124dce3,Alta,Creado,,25/may/26 14:14,25/may/26 14:14,
Incidente,INC-6665,33862,RE: Se ha creado el requerimiento AMS-537,,,Pedro Exequiel Sandoval Arce,712020:e6dd7454-6afc-4abc-ae3a-4eea16dcd46f,Alta,Creado,,25/may/26 14:53,25/may/26 14:53,
Incidente,INC-6680,33878,Equipo sin red ,Felipe Andres Jeria Rodriguez,712020:f0d4df3d-4510-4e4a-be63-7258c31884e1,Karoline Yised Lasso Torres,712020:172259ea-a77e-46f6-af04-a5c338f112f8,Alta,Validación del usuario,,25/may/26 15:34,25/may/26 15:46,
Incidente S4,IS4-3259,33893,lentitud al obtener información. ,Victor Manuel Acuña Caballero,712020:b1b7bbb9-be1a-4665-8069-cb1d1eaa2795,Jhonny Torres N,712020:3cecf351-efbc-43f7-8cdc-ccc90034c4a0,Alta,Esperando por el usuario,,25/may/26 16:06,25/ago/26 14:17,
Incidente,INC-6722,33947,Usuario reporta lentitud en el HMI de la planta 2 y 3 en planta de alimentos lo miranda,Hector Mauricio Maturana Sepulveda,712020:5ef99b58-b0e5-4fa4-bf37-5ecd42e4f255,Jair Stiven Méndez Baquero,712020:66e4c6db-2ecc-4e66-bfc2-850cc8894432,Alta,Validación del usuario,,25/may/26 22:50,25/may/26 23:48,
Incidente S4,IS4-3280,33970,RE: Información adicional Incidente IS4-3112,,,Javier Andres Jimenez Cañas,712020:17758688-08df-43b3-9197-4210d0f7005c,Alta,Creado,,26/may/26 08:39,26/may/26 08:39,
Incidente,INC-6751,33983,Santa Elena - sector sin internet,Aldo Rodrigo Gonzalez Contreras,712020:444ef87b-e384-47e4-b76a-52abffc021d9,Erik Avello,712020:9d91180a-22c7-4d43-9eab-97c8cf49ecbf,Alta,Validación del usuario,,26/may/26 09:10,03/ago/26 11:54,
Incidente S4,IS4-3290,34015,Aprobación Aleatoria sin usuario aprobador,Rafael Perez,70121:b5c44554-7b1e-4a69-bfac-dfed44364c15,Paola Andrea Lizana Lizana,712020:266b8402-2abb-4f3e-b997-211c912eae66,Alta,Resolución del Incidente,,26/may/26 10:42,08/sep/26 16:20,
Incidente,INC-6822,34092,RE: Se ha creado el requerimiento AMS-615,,,Sebastian Andres Muñoz Palma,712020:1c82b6f0-6a86-4151-8a64-ca06e70d8396,Alta,Creado,,26/may/26 13:26,27/may/26 13:43,
Incidente,INC-6832,34104,RE: Se ha creado el requerimiento AMS-617,,,Sebastian Andres Muñoz Palma,712020:1c82b6f0-6a86-4151-8a64-ca06e70d8396,Alta,Creado,,26/may/26 13:41,26/may/26 13:41,
Incidente,INC-6853,34138,RE: INC-4527 INTERMITENCIA INTERNET,,,Mauricio Contreras Carrasco,712020:795a9bfb-cbcf-4af1-8108-c4d4e050727e,Alta,Creado,,26/may/26 15:39,26/may/26 15:39,
Incidente,INC-6855,34141,buzón de correo lleno,Jacinth Andrew Cordova Marcano,712020:2cbd7839-f70b-4079-a0ca-3c26f66080aa,Jhonny Torres N,712020:3cecf351-efbc-43f7-8cdc-ccc90034c4a0,Alta,Resuelto,,26/may/26 15:53,07/ago/26 12:32,
Incidente,INC-6861,34150,ubicaciones en sap (ticket RFC),,,Erik Avello,712020:9d91180a-22c7-4d43-9eab-97c8cf49ecbf,Alta,Equipo Asignado,,26/may/26 16:27,26/may/26 16:28,
Incidente,INC-6880,34191,Memoria WMI - Etiquetado lo Miranda,Hector Mauricio Maturana Sepulveda,712020:5ef99b58-b0e5-4fa4-bf37-5ecd42e4f255,Jair Stiven Méndez Baquero,712020:66e4c6db-2ecc-4e66-bfc2-850cc8894432,Alta,Resuelto,,27/may/26 00:24,27/may/26 01:36,
Incidente,INC-6882,34196,RE: Se ha creado el requerimiento IS4-3346,,,Despacho Hijuelas,712020:e86bfdb7-37ec-44a7-88ec-5815de3afed0,Alta,Creado,,27/may/26 03:13,27/may/26 03:13,
Incidente,INC-6887,34203,HMI - Planta de alimentos lo miranda - Lentitud en HMI ,Hector Mauricio Maturana Sepulveda,712020:5ef99b58-b0e5-4fa4-bf37-5ecd42e4f255,Nicolas Prieto Camelo,712020:3f87e7d5-1b59-45ae-9674-027e748fb844,Alta,Resuelto,,27/may/26 07:32,27/may/26 08:15,
Incidente,INC-6895,34216,RE: Se ha creado el requerimiento AMS-626,,,Porteria Coya Aves Reproductoras,712020:d149e5f9-b19b-4637-b33f-bc98e0bee836,Alta,Creado,,27/may/26 08:21,27/may/26 08:21,
Incidente S4,IS4-3359,34264,RE: IS4-3128 REQ - SOLICITUD  HOMOLOGACION DE USUARIO,,,Juan Carlos Urbina Albornoz,712020:64ce3de9-cfa4-4c9e-95bb-a1fa67a44c21,Alta,Creado,,27/may/26 10:38,27/may/26 10:38,
Incidente S4,IS4-3364,34277,Carga frecuencia cliente nuevo,,,Romina De Lourdes Hernandez Manriquez,712020:4f641638-fee0-4550-bbb6-14aff9dea01c,Alta,Equipo Resolutor Asignado,,27/may/26 11:15,01/jun/26 10:03,
Incidente,INC-6947,34293,RE: INC-4527 INTERMITENCIA INTERNET,,,Scarlette Jasmina Cid Oliveros,712020:aec47fd9-96f0-417a-8865-6bd90899a6db,Alta,Creado,,27/may/26 11:40,27/may/26 11:40,
Incidente S4,IS4-3368,34301,"RE: IS4-3309 Al momento de sellar transporte 8343548  para enviar a romana camiones emision de guia pallet no se visualiza en transporte,  se trata de realizar despacho del centro P034, se solicita anular cierre  de entrega 898024466 que quede en los esta",,,Romana Faenadora El Milagro,712020:241250ff-e925-4bb8-8d21-a38781d3cf89,Alta,Creado,,27/may/26 11:55,27/may/26 11:55,
Incidente,INC-6961,34311,Usuaria reporta cuentas propietarias sobre sus documentos corporativos locales ,Hector Mauricio Maturana Sepulveda,712020:5ef99b58-b0e5-4fa4-bf37-5ecd42e4f255,Erik Avello,712020:9d91180a-22c7-4d43-9eab-97c8cf49ecbf,Alta,Resuelto,,27/may/26 12:14,27/may/26 17:31,
Incidente,INC-6981,34337,Inestabilidad en señal,Aldo Rodrigo Gonzalez Contreras,712020:444ef87b-e384-47e4-b76a-52abffc021d9,Franco Guinez A,712020:a3795c3a-aa5f-4cea-8071-60172591b157,Alta,Validación del usuario,,27/may/26 14:23,03/ago/26 11:54,
Incidente S4,IS4-3376,34352,Error en T/C facturación NIPPON (derivar a softtek) URGENTE,,,Paola Belen Marchant Marchant,712020:75a26d2e-9f2d-4418-a3cc-0096689a4a87,Alta,Equipo Resolutor Asignado,,27/may/26 15:02,02/jun/26 04:16,
Incidente,INC-7018,34386,HMI sin comunicacion ,Hector Mauricio Maturana Sepulveda,712020:5ef99b58-b0e5-4fa4-bf37-5ecd42e4f255,Franco Guinez A,712020:a3795c3a-aa5f-4cea-8071-60172591b157,Alta,Resuelto,,27/may/26 16:47,27/may/26 17:27,
Incidente,INC-7037,34458,Caída de enlace - Planta Alim. la Estrella,Aldo Rodrigo Gonzalez Contreras,712020:444ef87b-e384-47e4-b76a-52abffc021d9,Matías Rafael Donoso Jiménez,712020:447c3261-7861-432f-9a7f-90c291135e15,Alta,Validación del usuario,,27/may/26 21:59,03/ago/26 11:54,
Incidente,INC-7039,34461,problemas bizerba,Hector Mauricio Maturana Sepulveda,712020:5ef99b58-b0e5-4fa4-bf37-5ecd42e4f255,Matías Rafael Donoso Jiménez,712020:447c3261-7861-432f-9a7f-90c291135e15,Alta,Resuelto,,27/may/26 23:48,28/may/26 00:49,
Incidente,INC-7045,34471,Intermitencia HMI,Hector Mauricio Maturana Sepulveda,712020:5ef99b58-b0e5-4fa4-bf37-5ecd42e4f255,Evelyn Pozo M,712020:8120de32-7eac-45d7-b464-84865a422b01,Alta,Resuelto,,28/may/26 07:25,28/may/26 08:07,
Incidente,INC-7047,34473,Lentitud en HMI,Hector Mauricio Maturana Sepulveda,712020:5ef99b58-b0e5-4fa4-bf37-5ecd42e4f255,Franco Guinez A,712020:a3795c3a-aa5f-4cea-8071-60172591b157,Alta,Resuelto,,28/may/26 07:44,28/may/26 08:05,
Incidente,INC-7059,34486,RE: Se ha creado el requerimiento AMS-641,,,Sebastian Andres Muñoz Palma,712020:1c82b6f0-6a86-4151-8a64-ca06e70d8396,Alta,Creado,,28/may/26 08:36,28/may/26 08:36,
Incidente,INC-7064,34491,Enlace Planta Alimento Longovilo (Mundo),Luis Nibaldo Bustos Arriagada,712020:164a2568-3825-4854-b34b-12934469c8eb,Luis Nibaldo Bustos Arriagada,712020:164a2568-3825-4854-b34b-12934469c8eb,Alta,Validación del usuario,,28/may/26 08:57,31/jul/26 10:45,
Incidente S4,IS4-3400,34497,RE: IS4-3371 Problema de asignacion de folios,,,Karin Yolanda Farfan Sotelo,712020:72773b08-b97e-43cf-b3d2-0a5335ab99d2,Alta,Creado,,28/may/26 09:11,28/may/26 09:11,
Incidente,INC-7110,34555,RE: Se ha creado el requerimiento IS4-3395,,,Gadiel Gonzalez,712020:515d9b01-dfa2-4fd2-8451-74e7382988f7,Alta,Creado,,28/may/26 11:02,28/may/26 11:02,
Incidente S4,IS4-3421,34588,RE: IS4-3371 Problema de asignacion de folios,,,Mario Jorge Aravena Cordero,712020:697f35e1-a34f-4d9d-ace9-7818c6aaa132,Alta,Creado,,28/may/26 11:58,28/may/26 11:58,
Incidente,INC-7130,34589,Autorización cambio de teléfono ,,,Rene Francisco Gaete Maldonado,712020:577ded73-7bb0-43c4-bba0-7a5d0f9e8c8c,Alta,Creado,,28/may/26 12:02,28/may/26 12:02,
Incidente S4,IS4-3425,34599,RV: Solicitud de aprobación homologación cuenta SAP,,,Judith Stephany Toro Torres,712020:cfbd2514-7157-43af-ae23-9c20301298b4,Alta,Creado,,28/may/26 12:30,28/may/26 12:30,
Incidente,INC-7142,34614,RE: Se ha creado el requerimiento AMS-647,,,Sebastian Andres Muñoz Palma,712020:1c82b6f0-6a86-4151-8a64-ca06e70d8396,Alta,Creado,,28/may/26 13:31,28/may/26 13:31,
Incidente,INC-7163,34641,Creación ticket RPA,,,Erik Avello,712020:9d91180a-22c7-4d43-9eab-97c8cf49ecbf,Alta,Equipo Asignado,,28/may/26 14:46,28/may/26 14:47,
Incidente S4,IS4-3435,34646,RE: Información adicional Incidente IS4-3434,,,Benjamin Renato Sanhueza Sanchez,712020:43465e0f-691e-4c17-b35e-796dc0cbc70e,Alta,Creado,,28/may/26 15:09,28/may/26 15:09,
Incidente,INC-7183,34670,Intermitencia en red ,Aldo Rodrigo Gonzalez Contreras,712020:444ef87b-e384-47e4-b76a-52abffc021d9,Franco Guinez A,712020:a3795c3a-aa5f-4cea-8071-60172591b157,Alta,Validación del usuario,,28/may/26 16:15,03/ago/26 11:54,
Incidente,INC-7198,34694,caida enlace entel ,Aldo Rodrigo Gonzalez Contreras,712020:444ef87b-e384-47e4-b76a-52abffc021d9,Matías Rafael Donoso Jiménez,712020:447c3261-7861-432f-9a7f-90c291135e15,Alta,Validación del usuario,,28/may/26 17:57,03/ago/26 11:54,
Incidente,INC-7201,34701,Problemas con un servidor,Jacinth Andrew Cordova Marcano,712020:2cbd7839-f70b-4079-a0ca-3c26f66080aa,Cristian Fernando Gonzalez Salazar,712020:fea82959-496f-4b4f-b771-47213d3e02cd,Alta,Resuelto,,28/may/26 20:34,07/ago/26 12:31,
Incidente,INC-7203,34703,"La red entel de ""agrosuper La calera"" se encuentra caída",Aldo Rodrigo Gonzalez Contreras,712020:444ef87b-e384-47e4-b76a-52abffc021d9,Jair Stiven Méndez Baquero,712020:66e4c6db-2ecc-4e66-bfc2-850cc8894432,Alta,Validación del usuario,,28/may/26 23:09,03/ago/26 11:54,
Incidente,INC-7204,34704,lentitud con la emisión de etiquetas,Hector Mauricio Maturana Sepulveda,712020:5ef99b58-b0e5-4fa4-bf37-5ecd42e4f255,Cristian Fernando Gonzalez Salazar,712020:fea82959-496f-4b4f-b771-47213d3e02cd,Alta,Resuelto,,28/may/26 23:32,29/may/26 04:19,
Incidente,INC-7228,34740,RE: Se ha creado el requerimiento AMS-659,,,Sebastian Andres Muñoz Palma,712020:1c82b6f0-6a86-4151-8a64-ca06e70d8396,Alta,Creado,,29/may/26 08:46,29/may/26 08:46,
Incidente S4,IS4-3453,34747,RE: Información adicional Incidente IS4-3216,,,Andrés Bravo Encalada,712020:e91c143b-982e-4157-afc9-36510ef11263,Alta,Creado,,29/may/26 09:13,29/may/26 09:13,
Incidente,INC-7243,34767,Re: Autorización cambio de teléfono ,,,German Oelckers Daccarett,712020:9ef6d064-a264-4260-b176-deba0640a314,Alta,Creado,,29/may/26 09:51,29/may/26 09:51,
Incidente,INC-7244,34771,RE: Autorización cambio de teléfono ,,,Paulina Gisselle Ojeda Lagos,712020:a3937151-ff65-42ca-a354-288c517d0a55,Alta,Creado,,29/may/26 10:14,29/may/26 10:14,
Incidente AMS,AMS-664,34779,Actualizacion,,,Leidy Tatiana León Lizcano,712020:7c332f1c-beea-4c36-850d-a4bebe955356,Alta,Cancelado,,29/may/26 10:39,03/jun/26 11:31,
Incidente,INC-7285,34839,RE: Se ha creado el requerimiento AMS-668,,,Luis Humberto Cuello Sanzana,712020:e8a18bcc-7d49-405d-8257-d2c8b15aa76f,Alta,Creado,,29/may/26 14:36,29/may/26 14:36,
Incidente,INC-7288,34842,RE: Se ha creado el requerimiento AMS-668,,,Juan Emilio Castro Alvarado,712020:2fc8540b-2834-448a-b1e9-1441fecee552,Alta,Creado,,29/may/26 14:42,29/may/26 14:42,
Incidente,INC-7302,34857,RE: Se ha creado el requerimiento IS4-3473,,,Pablo Felipe Mellado Vergara,712020:bf5ffb0e-1cdc-4866-baff-fe7d657b2606,Alta,Creado,,29/may/26 15:42,29/may/26 15:42,
Incidente,INC-7311,34871,RE: Se ha creado el requerimiento AMS-668,,,Scarlette Jasmina Cid Oliveros,712020:aec47fd9-96f0-417a-8865-6bd90899a6db,Alta,Creado,,29/may/26 16:34,29/may/26 16:34,
Incidente,INC-7328,34897,Usuario reporta que varios equipos del HMI de la planta 1 se estan deshabilitando de forma simultanea,Hector Mauricio Maturana Sepulveda,712020:5ef99b58-b0e5-4fa4-bf37-5ecd42e4f255,Jair Stiven Méndez Baquero,712020:66e4c6db-2ecc-4e66-bfc2-850cc8894432,Alta,Resuelto,,29/may/26 22:30,29/may/26 22:48,
Incidente,INC-7329,34899,Monitoreo - Caída de enlace Planta Alim. la Estrella ,Aldo Rodrigo Gonzalez Contreras,712020:444ef87b-e384-47e4-b76a-52abffc021d9,Bastian González M,712020:9607098c-323a-4de8-a44a-9176793df19d,Alta,Validación del usuario,,29/may/26 22:49,03/ago/26 11:54,
Incidente S4,IS4-3486,34912,RE: IS4-3484 ingresar urgente stock en tránsito,,,Jairo Dionisio Zambra Chandia,712020:a4843aed-da4d-4dcb-b056-2db45e11f229,Alta,Creado,,30/may/26 01:55,30/may/26 01:55,
Incidente,INC-7369,34953,RE: Se ha creado el requerimiento IS4-3493,,,Sebastian Andres Muñoz Palma,712020:1c82b6f0-6a86-4151-8a64-ca06e70d8396,Alta,Creado,,30/may/26 14:42,30/may/26 14:42,
Incidente S4,IS4-3499,34963,"Re: IS4-3493 Dirigir a Soffteck, No se puede eliminar RGV, error de animales en butina. N° RGV 0000716049",,,Miguel Antonio Robles Delgado,712020:a4f9c001-0c9a-4033-816c-92804107cdcd,Alta,Creado,,30/may/26 18:58,30/may/26 18:58,
Incidente S4,IS4-3501,34965,"Re: IS4-3493 Dirigir a Soffteck, No se puede eliminar RGV, error de animales en butina. N° RGV 0000716049",,,Camilo Ignacio Garrido Valenzuela,712020:8b011310-a05a-4170-9f27-458dabadf633,Alta,Creado,,30/may/26 19:18,30/may/26 19:18,
Incidente,INC-7373,34966,Monitoreo - Alerta de temperatura en Site ,Martin Horacio Ramirez Riquelme,712020:bb4df128-bdb5-431a-b8a1-5431a84aaa16,Bastian González M,712020:9607098c-323a-4de8-a44a-9176793df19d,Alta,Validación del usuario,,30/may/26 23:11,24/jul/26 16:58,
Incidente,INC-7374,34967,Monitoreo - Caída de enlace Planta Alim. la Estrella ,Aldo Rodrigo Gonzalez Contreras,712020:444ef87b-e384-47e4-b76a-52abffc021d9,Bastian González M,712020:9607098c-323a-4de8-a44a-9176793df19d,Alta,Validación del usuario,,30/may/26 23:48,03/ago/26 11:54,
Incidente,INC-7379,34972,Error conexion SQL,Hector Mauricio Maturana Sepulveda,712020:5ef99b58-b0e5-4fa4-bf37-5ecd42e4f255,Leidy Tatiana León Lizcano,712020:7c332f1c-beea-4c36-850d-a4bebe955356,Alta,Resuelto,,31/may/26 12:39,31/may/26 13:24,
Incidente,INC-7382,34975,Proceso detenido,Aldo Rodrigo Gonzalez Contreras,712020:444ef87b-e384-47e4-b76a-52abffc021d9,Leidy Tatiana León Lizcano,712020:7c332f1c-beea-4c36-850d-a4bebe955356,Alta,Validación del usuario,,31/may/26 14:41,03/ago/26 11:54,
Incidente,INC-7384,34977,Alertas de espacio libre estación de trabajo Scada,Hector Mauricio Maturana Sepulveda,712020:5ef99b58-b0e5-4fa4-bf37-5ecd42e4f255,Erik Avello,712020:9d91180a-22c7-4d43-9eab-97c8cf49ecbf,Alta,Resuelto,,31/may/26 15:48,31/may/26 15:57,
Incidente S4,IS4-3502,34981,Reunion SAP,,,Pedro Hernan Torres Contreras,712020:f906dbf4-12ee-4945-8469-31a7e75cad40,Alta,Creado,,31/may/26 21:01,31/may/26 21:01,
Incidente,INC-7390,34986,Monitoreo - Caída de enlace Plata Alim. la Estrella ,Aldo Rodrigo Gonzalez Contreras,712020:444ef87b-e384-47e4-b76a-52abffc021d9,Bastian González M,712020:9607098c-323a-4de8-a44a-9176793df19d,Alta,Validación del usuario,,31/may/26 23:42,03/ago/26 11:54,
Incidente,INC-7394,34990,Monitoreo - Espacio libre en disco (discos múltiples) (WMI) (discos múltiples),Hector Mauricio Maturana Sepulveda,712020:5ef99b58-b0e5-4fa4-bf37-5ecd42e4f255,Alejandro Enrique Gonzalez Bracho,712020:2a91d042-9782-44ad-8944-fe1523f3889d,Alta,Resuelto,,01/jun/26 00:47,01/jun/26 01:30,
Incidente,INC-7432,35039,error en comunicación mongoDB Biosistem con servicio backend,Jacinth Andrew Cordova Marcano,712020:2cbd7839-f70b-4079-a0ca-3c26f66080aa,Jair Stiven Méndez Baquero,712020:66e4c6db-2ecc-4e66-bfc2-850cc8894432,Alta,Resuelto,,01/jun/26 08:42,07/ago/26 12:29,
Incidente S4,IS4-3508,35051,Acuse DTE (fin de mes) automáticos no ejecutados,Rafael Perez,70121:b5c44554-7b1e-4a69-bfac-dfed44364c15,Paola Andrea Lizana Lizana,712020:266b8402-2abb-4f3e-b997-211c912eae66,Alta,Diagnostico/Validación Inicial,,01/jun/26 09:05,28/ago/26 17:01,
Incidente S4,IS4-3509,35056,RE: IS4-3063 Solicito acceso a transacciones para ajuste de inventario,,,Emilio Alejandro Ruiz Correa,712020:140fca0e-5eed-48ae-a9aa-4abecf1321b8,Alta,Creado,,01/jun/26 09:15,01/jun/26 09:15,
Incidente,INC-7452,35063,Bocas de switch bloqueadas,Felipe Andres Jeria Rodriguez,712020:f0d4df3d-4510-4e4a-be63-7258c31884e1,Erik Avello,712020:9d91180a-22c7-4d43-9eab-97c8cf49ecbf,Alta,Validación del usuario,,01/jun/26 09:26,01/jun/26 09:36,
Incidente,INC-7480,35096,RE: Se ha creado el requerimiento IS4-3512,,,Joan Jose Cordones Garcia,712020:96780fed-dbe0-45b1-8e44-50c8136cf1c8,Alta,Creado,,01/jun/26 10:28,01/jun/26 10:28,
Incidente,INC-7482,35100,Modificación  requerimiento IS4-3466,,,Angelica Matilde Duran Martinez,712020:cc28a99f-8bdf-47b5-91f3-d947505fb7c5,Alta,Creado,,01/jun/26 10:46,01/jun/26 10:46,
Incidente,INC-7487,35105,certificar un punto que va desde el stratic (switch) hasta la sala datos y hasta la sala electrica general de aves a un PLC,Aldo Rodrigo Gonzalez Contreras,712020:444ef87b-e384-47e4-b76a-52abffc021d9,Jair Stiven Méndez Baquero,712020:66e4c6db-2ecc-4e66-bfc2-850cc8894432,Alta,Validación del usuario,,01/jun/26 10:58,03/ago/26 11:54,
Incidente,INC-7496,35117,Bloqueo boca de switch,Aldo Rodrigo Gonzalez Contreras,712020:444ef87b-e384-47e4-b76a-52abffc021d9,Erik Avello,712020:9d91180a-22c7-4d43-9eab-97c8cf49ecbf,Alta,Validación del usuario,,01/jun/26 11:24,03/ago/26 11:54,
Incidente,INC-7508,35139,RV: Se ha creado el requerimiento IS4-3459,,,Jorge Gonzalez Ramirez De Arellano,70121:1d0aeaab-2bfe-4fcd-9001-5b535954a68a,Alta,Creado,,01/jun/26 11:55,01/jun/26 11:55,
Incidente,INC-7543,35194,RE: Se ha creado el requerimiento IS4-3530,,,Coordinadores Despacho Aves,712020:ff4d8d87-0c11-4486-9edc-244accd35270,Alta,Creado,,01/jun/26 15:16,01/jun/26 15:16,
Incidente AMS,AMS-694,35212,MONITOREO - Cadenas con Error,,,Alejandro Enrique Gonzalez Bracho,712020:2a91d042-9782-44ad-8944-fe1523f3889d,Alta,Cancelado,,01/jun/26 16:02,01/jun/26 16:08,
Incidente S4,IS4-3543,35242,Mejora en query BDC,Jorge Andres Perez Saez,712020:5584c1ba-2f69-4291-b750-558fd5e49056,Sebastian Latife,712020:523fdaee-0def-45cd-99d0-88abc4b3104d,Alta,Validación del usuario,,01/jun/26 17:22,26/ago/26 09:20,
Incidente S4,IS4-3545,35256,RE: IS4-3424 Habilitar Almacen P500 para inventario en centro 7191 MI31- Batch-Input: Crear doc-invent.,,,Nicolas Andres Marquez Marquez,712020:595908f8-3982-41c8-b7cc-9592b0d21f6e,Alta,Creado,,01/jun/26 18:33,01/jun/26 18:33,
Incidente,INC-7604,35280,Monitoreo - Caída de enlace FAENADORA-ROSARIO [ENTEL],Kevin Alexis Maldonado Muñoz,712020:c8eacfb5-650a-4c88-857f-2414a8f12044,Alejandro Enrique Gonzalez Bracho,712020:2a91d042-9782-44ad-8944-fe1523f3889d,Alta,Validación del usuario,,02/jun/26 03:51,02/jun/26 11:33,
Incidente,INC-7633,35317,Usuario reporta que su Onedrive no esta procesando ningun cambio desde hace varios dias,Guillermo Andres Benavides  Farias,712020:fb05db58-0e87-4d5f-b8ef-019907a66fdc,Jair Stiven Méndez Baquero,712020:66e4c6db-2ecc-4e66-bfc2-850cc8894432,Alta,Validación del usuario,,02/jun/26 09:17,14/ago/26 16:39,
Incidente,INC-7639,35329,PRTG sin servicio,Nicolas Ignacio Lobos Muñoz,712020:231572bf-d0c7-4e49-bbe3-989381fb5348,Jonathan Ivo Milenko Carrasco Piña,712020:5ac2a5cf-ca53-47f2-9c59-4d37b2d42f65,Alta,Resuelto,,02/jun/26 09:38,02/jun/26 10:28,
Incidente S4,IS4-3555,35331,RUT BLOQUEADOS EN CX,,,Romina De Lourdes Hernandez Manriquez,712020:4f641638-fee0-4550-bbb6-14aff9dea01c,Alta,Equipo Resolutor Asignado,,02/jun/26 09:43,08/jun/26 12:20,
Incidente AMS,AMS-712,35352,RE: AMS-668 Usuario solicita regularizar las guías de broiler en sistema Legacy,Brayan Dario Guarnizo Celis,712020:3e04b4d9-d3d5-460e-8c1e-71260f00b901,Juan Emilio Castro Alvarado,712020:2fc8540b-2834-448a-b1e9-1441fecee552,Alta,Cancelado,,02/jun/26 10:35,11/jun/26 15:19,
Incidente S4,IS4-3571,35386,Reclamo manual con error en U012 documentos por interfaz,Rafael Perez,70121:b5c44554-7b1e-4a69-bfac-dfed44364c15,Paola Andrea Lizana Lizana,712020:266b8402-2abb-4f3e-b997-211c912eae66,Alta,Diagnostico/Validación Inicial,,02/jun/26 12:04,28/ago/26 17:28,
Incidente S4,IS4-3576,35413,.INC-AMS (Usuario reporta que no bajó datos nacimiento de SAP a LEGACY),,,Erik Avello,712020:9d91180a-22c7-4d43-9eab-97c8cf49ecbf,Alta,Equipo Resolutor Asignado,,02/jun/26 13:31,12/ago/26 16:47,
Incidente,INC-7711,35472,Incidente en envio de correo RPA ,DANILO ESTEBAN Rodriguez Leiva,637297188fd2d2d5f12bc7aa,Bastian González M,712020:9607098c-323a-4de8-a44a-9176793df19d,Alta,Validación del usuario,,02/jun/26 16:26,02/jun/26 17:31,
Incidente S4,IS4-3594,35485,RE: IS4-3531 faltante cajas,,,Francisco Javier Atala Muñoz,712020:de68c72b-b243-471b-8d9c-2c2056c829cb,Alta,Creado,,02/jun/26 17:07,02/jun/26 17:07,
Incidente S4,IS4-3595,35486,RE: IS4-3531 faltante cajas,,,Javiera Francisca Allendes Castillo,712020:e4390b38-2d23-4612-8890-e5b6001f10d2,Alta,Creado,,02/jun/26 17:09,02/jun/26 17:09,
Incidente,INC-7758,35538,Caida de enlace,Kevin Alexis Maldonado Muñoz,712020:c8eacfb5-650a-4c88-857f-2414a8f12044,Cristian Fernando Gonzalez Salazar,712020:fea82959-496f-4b4f-b771-47213d3e02cd,Alta,Validación del usuario,,03/jun/26 08:50,03/jun/26 12:37,
Incidente S4,IS4-3608,35559,RE: Información adicional Incidente IS4-959,,,Rosario Renee Peralta Jones,712020:3d6a0b95-8b28-4e12-b880-795e79f1205e,Alta,Creado,,03/jun/26 09:52,03/jun/26 09:52,
Incidente S4,IS4-3612,35570,"RE: IS4-3591 Al usar la transaccion ""ztr_mm_pedimento"" un sku (1012110) no se visualiza en la transacción",,,Francisco Javier Atala Muñoz,712020:de68c72b-b243-471b-8d9c-2c2056c829cb,Alta,Creado,,03/jun/26 10:35,03/jun/26 10:35,
Incidente S4,IS4-3614,35576,Acceso a CX,,,Romina De Lourdes Hernandez Manriquez,712020:4f641638-fee0-4550-bbb6-14aff9dea01c,Alta,Equipo Resolutor Asignado,,03/jun/26 11:01,09/jun/26 10:22,
Incidente,INC-7797,35599,RE: Se ha creado el requerimiento AMS-742,,,Grupo 26 Cerdos Reprod,712020:e0bc7811-ff64-48d6-8249-ca07fa72d0b9,Alta,Creado,,03/jun/26 12:36,03/jun/26 12:36,
Incidente S4,IS4-3624,35621,.Problemas con SAP SPR (no cargan urls para descargar facturas),,,Erik Avello,712020:9d91180a-22c7-4d43-9eab-97c8cf49ecbf,Alta,Equipo Resolutor Asignado,,03/jun/26 13:43,12/ago/26 17:00,
Incidente S4,IS4-3638,35665,Acceso a transaccion,,,Leidy Tatiana León Lizcano,712020:7c332f1c-beea-4c36-850d-a4bebe955356,Alta,Equipo Resolutor Asignado,,03/jun/26 16:13,08/jun/26 12:18,
Incidente,INC-7861,35698,RE: Información adicional Incidente INC-7719,,,Patricio Alejandro Ríos Andrade,712020:7db6ecf5-8ade-4dda-a0dd-4fb3750b8308,Alta,Creado,,03/jun/26 17:48,03/jun/26 17:48,
Incidente,INC-7868,35707,Reinicio servidor innova (MAREL) La Calera,Nicolas Ignacio Lobos Muñoz,712020:231572bf-d0c7-4e49-bbe3-989381fb5348,Sebastian Latife,712020:523fdaee-0def-45cd-99d0-88abc4b3104d,Alta,Validación del usuario,,03/jun/26 18:53,03/jun/26 20:01,
Incidente,INC-7873,35713,Reporte de robo de equipo y solicitud de bloqueo de cuentas,Scarlet Aracely Muñoz Castillo,712020:34dce0a0-0ac6-4759-a94a-13e2ae86b706,Benjamín Reyes Aravena,712020:69f5cef6-164b-4af6-9971-75c05d019041,Alta,Resuelto,,03/jun/26 19:50,09/jun/26 17:11,
Incidente,INC-7883,35728, Monitoreo - Caída de enlace Planta Alim. la Estrella [ENTEL] ,Kevin Alexis Maldonado Muñoz,712020:c8eacfb5-650a-4c88-857f-2414a8f12044,Evelyn Pozo M,712020:8120de32-7eac-45d7-b464-84865a422b01,Alta,Validación del usuario,,03/jun/26 23:58,08/jun/26 15:02,
Incidente S4,IS4-3669,35813,WORKFLOW antes de la migración a SAP Hana,Carlos Felipe Suarez Parraguez,70121:3804dc91-d917-49bc-a33d-e6848caf9586,Ivette Sepulveda B,712020:563aa2d0-0127-4b79-a108-c061e76eb239,Alta,Equipo Resolutor Asignado,,04/jun/26 11:45,17/ago/26 11:31,
Incidente,INC-7954,35846,RE:    Información adicional Incidente INC-7719,,,Claudio Paredes,712020:d3edceb6-a673-4efe-9233-1764de18f74e,Alta,Creado,,04/jun/26 12:41,04/jun/26 12:41,
Incidente,INC-7956,35849,Re:    Información adicional Incidente INC-7719,,,Patricio Alejandro Ríos Andrade,712020:7db6ecf5-8ade-4dda-a0dd-4fb3750b8308,Alta,Creado,,04/jun/26 12:50,04/jun/26 12:50,
Incidente S4,IS4-3685,35850,REQ-PROBLEMAS CON SAP,Jorge Andres Perez Saez,712020:5584c1ba-2f69-4291-b750-558fd5e49056,Cristian Fernando Gonzalez Salazar,712020:fea82959-496f-4b4f-b771-47213d3e02cd,Alta,Validación del usuario,,04/jun/26 12:51,26/ago/26 09:24,
Incidente S4,IS4-3686,35852,RE: IS4-2963 Repaletizado de Pallet,,,Roberto Carlos Martinez Flores,712020:c3c07d7e-f7bc-41b2-8b56-be2cfd0a2f5f,Alta,Creado,,04/jun/26 12:55,04/jun/26 12:55,
Incidente S4,IS4-3687,35853,No se puede descargar guías manuales en Romana de Camiones,Franco Alexis Miranda Caro,712020:2a75a2e5-0d26-45bf-b919-d02ca9d1eb3f,Alexis Mejias Meneses,712020:f858a040-27a1-4a60-9cd4-b0a329acf8cc,Alta,Equipo Resolutor Asignado,,04/jun/26 13:01,08/jun/26 17:58,
Incidente,INC-7962,35865,RE: Se ha creado el requerimiento IS4-3639,,,Daniel Orlando Varela Franciscony,712020:813b2b15-7cfe-44e3-aadb-12ebd55ed639,Alta,Creado,,04/jun/26 13:37,04/jun/26 13:37,
Incidente,INC-7965,35869,"Usuario no puede exportar una planilla de legacy a excel con la herramienta, aparece un error",Scarlet Aracely Muñoz Castillo,712020:34dce0a0-0ac6-4759-a94a-13e2ae86b706,Ivette Sepulveda B,712020:563aa2d0-0127-4b79-a108-c061e76eb239,Alta,Resuelto,,04/jun/26 13:57,09/jun/26 17:13,
Incidente,INC-7970,35875,RE: Se ha creado el requerimiento IS4-3680,,,Cesar Antonio Bilbao Muñoz,712020:a88ce006-3a7d-472a-9a4a-fe81c19bc741,Alta,Creado,,04/jun/26 14:30,04/jun/26 14:30,
Incidente S4,IS4-3697,35880,Re: Información adicional Incidente IS4-3692,,,Manuel Santolaya Aretio,712020:ba59e870-4782-402c-9c4d-cf588e8331ba,Alta,Creado,,04/jun/26 15:00,04/jun/26 15:00,
Incidente,INC-7979,35888,RE:       Información adicional Incidente INC-7719,,,Claudio Paredes,712020:d3edceb6-a673-4efe-9233-1764de18f74e,Alta,Creado,,04/jun/26 15:18,04/jun/26 15:18,
Incidente,INC-7980,35890,RE: Se ha creado el requerimiento IS4-3639,,,Ramon Luis Badillo Toro,712020:e339500e-07f5-43dd-9522-1bbe73ab1516,Alta,Creado,,04/jun/26 15:21,05/jun/26 10:50,
Incidente,INC-7982,35892,Re:       Información adicional Incidente INC-7719,,,Patricio Alejandro Ríos Andrade,712020:7db6ecf5-8ade-4dda-a0dd-4fb3750b8308,Alta,Creado,,04/jun/26 15:25,04/jun/26 15:25,
Incidente S4,IS4-3702,35914,PROBLEMAS CON CX,,,Ivette Sepulveda B,712020:563aa2d0-0127-4b79-a108-c061e76eb239,Alta,Equipo Resolutor Asignado,,04/jun/26 16:31,27/jul/26 14:17,
Incidente,INC-8025,35954,HMI de Planta de Alimentos La Estrella sin comunicación,Guillermo Andres Benavides  Farias,712020:fb05db58-0e87-4d5f-b8ef-019907a66fdc,Benjamín Reyes Aravena,712020:69f5cef6-164b-4af6-9971-75c05d019041,Alta,Validación del usuario,,04/jun/26 22:54,14/ago/26 16:39,
Incidente,INC-8029,35958, Monitoreo - Caída de enlace Planta Alim. la Estrella [ENTEL] ,Felipe Andres Jeria Rodriguez,712020:f0d4df3d-4510-4e4a-be63-7258c31884e1,Evelyn Pozo M,712020:8120de32-7eac-45d7-b464-84865a422b01,Alta,Validación del usuario,,04/jun/26 23:49,05/jun/26 12:34,
Incidente,INC-8030,35959,"Monitoreo - Caída de página ""Sales Agrosuper""",Scarlet Aracely Muñoz Castillo,712020:34dce0a0-0ac6-4759-a94a-13e2ae86b706,Evelyn Pozo M,712020:8120de32-7eac-45d7-b464-84865a422b01,Alta,Resuelto,,05/jun/26 00:01,09/jun/26 17:14,
Incidente,INC-8043,35974,RE: Se ha creado el requerimiento AMS-537,,,Sebastian Andres Muñoz Palma,712020:1c82b6f0-6a86-4151-8a64-ca06e70d8396,Alta,Creado,,05/jun/26 08:10,05/jun/26 08:10,
Incidente,INC-8049,35980,LINEA DETENIDA,Marcelo Patricio Celis Retamal,712020:077cd782-bf12-45d5-81ef-952c99739577,Ivette Sepulveda B,712020:563aa2d0-0127-4b79-a108-c061e76eb239,Alta,Resuelto,,05/jun/26 08:34,14/ago/26 10:24,
Incidente AMS,AMS-762,35984,Error en transporte 0006670355 – No permite emisión de guías de despacho,,,Jeremy Guillermo Boza Pino,712020:c34c5814-2c89-400d-9caa-4128cd556f23,Alta,Cancelado,,05/jun/26 08:50,05/jun/26 13:45,
Incidente S4,IS4-3716,35986,RE: IS4-3672 Dejar etiquetas en status A en P029 para ser repaletizada,,,Rodrigo Sebastian Camilo Donoso,712020:f7cadb96-cd89-4ff9-9ee5-48d874502ec5,Alta,Creado,,05/jun/26 08:55,05/jun/26 08:55,
Incidente S4,IS4-3718,35989,Documentos VIM,Rafael Perez,70121:b5c44554-7b1e-4a69-bfac-dfed44364c15,Bastian González M,712020:9607098c-323a-4de8-a44a-9176793df19d,Alta,Resolución del Incidente,,05/jun/26 08:58,28/ago/26 11:40,
Incidente S4,IS4-3720,35999,RE: IS4-3632 acceso a SQR,,,Miriam Isabel Donoso Cabello,712020:1876205f-cfcb-45a7-983f-e84bd7282dc9,Alta,Creado,,05/jun/26 09:19,05/jun/26 09:19,
Incidente S4,IS4-3725,36027,RE: IS4-3125 homologacion de cuenta de ayudante despacho,,,Juan Carlos Urbina Albornoz,712020:64ce3de9-cfa4-4c9e-95bb-a1fa67a44c21,Alta,Creado,,05/jun/26 10:00,05/jun/26 10:00,
Incidente,INC-8097,36070,Detención de tráfico en réplicas DCI,Javier Esteban Castillo Jara,712020:1cf8bc7f-946e-4e1e-84b6-962e0924cd76,Benjamin Salas Delgado,712020:623bd1ef-d260-489d-a6a2-dbbc38b83e31,Alta,Validación del usuario,,05/jun/26 11:56,03/ago/26 15:18,
Incidente S4,IS4-3738,36074,Al intentar ingresar a Analisys (Excel) el sistema le arroja un error y no le permite iniciar sesion,,,Jair Stiven Méndez Baquero,712020:66e4c6db-2ecc-4e66-bfc2-850cc8894432,Alta,Equipo Resolutor Asignado,,05/jun/26 12:00,08/jun/26 16:31,
Incidente,INC-8104,36093,RE: Se ha creado el requerimiento AMS-537,,,Camilo Ignacio Garrido Valenzuela,712020:8b011310-a05a-4170-9f27-458dabadf633,Alta,Creado,,05/jun/26 13:09,05/jun/26 13:10,
Incidente,INC-8107,36099,RE: Se ha creado el requerimiento AMS-537,,,Sebastian Andres Muñoz Palma,712020:1c82b6f0-6a86-4151-8a64-ca06e70d8396,Alta,Creado,,05/jun/26 13:20,05/jun/26 13:20,
Incidente,INC-8111,36111,RE: Se ha creado el requerimiento AMS-537,,,Pedro Exequiel Sandoval Arce,712020:e6dd7454-6afc-4abc-ae3a-4eea16dcd46f,Alta,Creado,,05/jun/26 14:20,05/jun/26 14:20,
Incidente,INC-8116,36116,RE: Se ha creado el requerimiento IS4-3745,,,Coordinadores Despacho Aves,712020:ff4d8d87-0c11-4486-9edc-244accd35270,Alta,Creado,,05/jun/26 14:31,05/jun/26 14:31,
Incidente,INC-8121,36122,RE: Se ha creado el requerimiento AMS-537,,,Sebastian Andres Muñoz Palma,712020:1c82b6f0-6a86-4151-8a64-ca06e70d8396,Alta,Creado,,05/jun/26 14:44,05/jun/26 14:45,
Incidente,INC-8173,36187, Monitoreo - Caída de enlace Planta Alim. la Estrella [ENTEL] ,Kevin Alexis Maldonado Muñoz,712020:c8eacfb5-650a-4c88-857f-2414a8f12044,Evelyn Pozo M,712020:8120de32-7eac-45d7-b464-84865a422b01,Alta,Validación del usuario,,05/jun/26 22:54,06/jun/26 09:46,
Incidente,INC-8194,36211,sin internet,Kevin Alexis Maldonado Muñoz,712020:c8eacfb5-650a-4c88-857f-2414a8f12044,Karoline Yised Lasso Torres,712020:172259ea-a77e-46f6-af04-a5c338f112f8,Alta,Validación del usuario,,06/jun/26 07:57,08/jun/26 15:04,
Incidente,INC-8242,36263,Monitoreo - Caída de enlace Planta Alim. la Estrella [ENTEL],Kevin Alexis Maldonado Muñoz,712020:c8eacfb5-650a-4c88-857f-2414a8f12044,Sebastian Latife,712020:523fdaee-0def-45cd-99d0-88abc4b3104d,Alta,Validación del usuario,,06/jun/26 23:29,08/jun/26 15:02,
Incidente,INC-8249,36270,"Monitoreo - Dispositivo Despacho San Vicente (192.168.32.99) , sensor Portal Contingencia SV - PRD / qA",Guillermo Andres Benavides  Farias,712020:fb05db58-0e87-4d5f-b8ef-019907a66fdc,Franco Guinez A,712020:a3795c3a-aa5f-4cea-8071-60172591b157,Alta,Validación del usuario,,07/jun/26 04:01,14/ago/26 16:39,
Incidente,INC-8259,36283,Caída de aplicación Dossys por corte de energía - Requiere reinicio de servidor - Planta de Alimentos La Calera,Guillermo Andres Benavides  Farias,712020:fb05db58-0e87-4d5f-b8ef-019907a66fdc,Karol Dayanna Palomino Serrano,712020:e4df31f3-cc17-4db7-b128-efd436a7f3c9,Alta,Validación del usuario,,07/jun/26 18:37,14/ago/26 16:39,
Incidente,INC-8262,36286,HMI Planta Longovilo no reconoce fórmula de limpieza,Guillermo Andres Benavides  Farias,712020:fb05db58-0e87-4d5f-b8ef-019907a66fdc,Benjamín Reyes Aravena,712020:69f5cef6-164b-4af6-9971-75c05d019041,Alta,Validación del usuario,,07/jun/26 19:34,14/ago/26 16:38,
Incidente,INC-8266,36292, Monitoreo - Caída de enlace Planta Alim. la Estrella [ENTEL] ,Felipe Andres Jeria Rodriguez,712020:f0d4df3d-4510-4e4a-be63-7258c31884e1,Evelyn Pozo M,712020:8120de32-7eac-45d7-b464-84865a422b01,Alta,Validación del usuario,,07/jun/26 23:21,08/jun/26 09:11,
Incidente,INC-8274,36300,PROBLEMAS CON DOSIFICADOR,Marcelo Patricio Celis Retamal,712020:077cd782-bf12-45d5-81ef-952c99739577,Ivette Sepulveda B,712020:563aa2d0-0127-4b79-a108-c061e76eb239,Alta,Validación del usuario,,08/jun/26 05:08,08/jun/26 07:53,
Incidente,INC-8284,36314,RE: Se ha creado el requerimiento IS4-3775,,,Catalina Belen Sandoval Caro,712020:c7d9c2bf-418c-4b9f-8342-9df62124dce3,Alta,Creado,,08/jun/26 08:11,08/jun/26 08:11,
Incidente,INC-8306,36340,problemas internet,Javier Esteban Castillo Jara,712020:1cf8bc7f-946e-4e1e-84b6-962e0924cd76,Matías Rafael Donoso Jiménez,712020:447c3261-7861-432f-9a7f-90c291135e15,Alta,Validación del usuario,,08/jun/26 08:59,03/ago/26 15:18,
Incidente S4,IS4-3787,36374,Solicitud de creación de usuario CX,,,Luis Maximiliano Acevedo Carreño,712020:ad62c96a-b80b-42ad-a2f2-58fc112402f9,Alta,Equipo Resolutor Asignado,,08/jun/26 10:12,11/jun/26 08:00,
Incidente S4,IS4-3794,36397,RE: IS4-3432 Emision de guia URGENTE,,,Constanza Valentina Rojas Hernandez,712020:fb31da26-278e-424d-8500-9b975706ebeb,Alta,Creado,,08/jun/26 11:08,08/jun/26 11:08,
Incidente,INC-8357,36420,Alerta de espacio en disco C: - Servidor SCADA Faenadora San Vicente,Jonathan Ivo Milenko Carrasco Piña,712020:5ac2a5cf-ca53-47f2-9c59-4d37b2d42f65,Jonathan Ivo Milenko Carrasco Piña,712020:5ac2a5cf-ca53-47f2-9c59-4d37b2d42f65,Alta,Equipo Asignado,,08/jun/26 11:58,08/jun/26 12:01,
Incidente S4,IS4-3803,36429,RE: IS4-3790 Eliminar material que esta en transito 1100449,,,Yhon Alejandro Aguilera Gonzalez,712020:92ed42c4-9fb2-42eb-9cdf-8da717b52af4,Alta,Creado,,08/jun/26 12:21,08/jun/26 12:21,
Incidente,INC-8365,36430,HMI de Planta de Alimentos Longovilo con lentitud.,Marcelo Patricio Celis Retamal,712020:077cd782-bf12-45d5-81ef-952c99739577,Benjamín Reyes Aravena,712020:69f5cef6-164b-4af6-9971-75c05d019041,Alta,Resuelto,,08/jun/26 12:22,14/ago/26 16:24,
Incidente S4,IS4-3804,36436,RE: IS4-3790 Eliminar material que esta en transito 1100449,,,Rodrigo Omar Santana Rodriguez,712020:1e03f216-5e80-48d4-9a61-b592cb89ef44,Alta,Creado,,08/jun/26 12:36,08/jun/26 12:36,
Incidente AMS,AMS-782,36447,"CAUDALIMETRO AGUA LIMPIA INTERIOR DE PABELLON, SIN DATOS",,,Endy Villasmil,712020:de760acd-5b27-4fc2-a4ea-e31854338f83,Alta,Cancelado,,08/jun/26 13:05,19/jun/26 10:39,
Incidente,INC-8378,36452,Imposibilidad de envío y recepción de correos por capacidad de buzón cercana al límite,Guillermo Andres Benavides  Farias,712020:fb05db58-0e87-4d5f-b8ef-019907a66fdc,Evelyn Pozo M,712020:8120de32-7eac-45d7-b464-84865a422b01,Alta,Validación del usuario,,08/jun/26 13:38,14/ago/26 16:38,
Incidente S4,IS4-3816,36487,RE: IS4-3760 Las siguientes UMPs tiene el lote trazable erroneo dice U29E260001 y debe decir U29E260002 este Stock es del centro P034 se solicita su ayuda corrigiendo el Lote  para poder despachar el producto,,,Luis Guillermo Araya Olave,712020:da8fc56c-3cb2-4c05-9e26-3e1970d7310b,Alta,Creado,,08/jun/26 15:42,08/jun/26 15:42,
Incidente S4,IS4-3817,36488,RE: IS4-3760 Las siguientes UMPs tiene el lote trazable erroneo dice U29E260001 y debe decir U29E260002 este Stock es del centro P034 se solicita su ayuda corrigiendo el Lote  para poder despachar el producto,,,Luis Guillermo Araya Olave,712020:da8fc56c-3cb2-4c05-9e26-3e1970d7310b,Alta,Creado,,08/jun/26 15:44,08/jun/26 15:51,
Incidente S4,IS4-3818,36489,RE: IS4-3679 REQ- Solicitud de accesos a SAP,,,Laurita Noemi Urra Orellana,712020:e5d5c248-3f7b-4b34-8ec3-2be117dbf079,Alta,Creado,,08/jun/26 15:45,08/jun/26 15:45,
Incidente S4,IS4-3821,36503,"Problema con proveedor que no permite realizar proceso de sexaje/guias de despacho, el proveedor pucalan esta mal creado",Francisco Javier Meneses Labatut,712020:25b1599a-7d16-430d-9304-bd0a59164714,Jair Stiven Méndez Baquero,712020:66e4c6db-2ecc-4e66-bfc2-850cc8894432,Alta,Validación del usuario,,08/jun/26 16:32,26/ago/26 12:12,
Incidente S4,IS4-3822,36504,RE: Información adicional Incidente IS4-3682,,,Laurita Noemi Urra Orellana,712020:e5d5c248-3f7b-4b34-8ec3-2be117dbf079,Alta,Creado,,08/jun/26 16:36,08/jun/26 16:36,
Incidente,INC-8431,36532,Robo de equipo coporativo,,,Jhonny Torres N,712020:3cecf351-efbc-43f7-8cdc-ccc90034c4a0,Alta,Resuelto,,08/jun/26 19:09,08/jun/26 20:01,
Incidente,INC-8452,36555,Monitoreo - Caida de enlace entel en PALE,Carlos Alberto Pavez Diaz,712020:07f89943-bb5b-4b7c-a927-9777b941f3cb,Franco Guinez A,712020:a3795c3a-aa5f-4cea-8071-60172591b157,Alta,Validación del usuario,,08/jun/26 23:19,09/jun/26 02:35,
Incidente S4,IS4-3857,36662,Problemas contabilizaciones en Agroamerica (S924) ,Rafael Perez,70121:b5c44554-7b1e-4a69-bfac-dfed44364c15,Evelyn Pozo M,712020:8120de32-7eac-45d7-b464-84865a422b01,Alta,Validación del usuario,,09/jun/26 11:34,28/ago/26 09:44,
Incidente S4,IS4-3867,36683,RE: IS4-3371 Problema de asignacion de folios,,,Hector Manuel Santana Solis,712020:dc5ad850-e813-40ed-9545-d5c85ab2b911,Alta,Creado,,09/jun/26 12:23,09/jun/26 12:23,
Incidente,INC-8549,36706,RE: Se ha creado el requerimiento IS4-3859,,,Pablo Felipe Mellado Vergara,712020:bf5ffb0e-1cdc-4866-baff-fe7d657b2606,Alta,Creado,,09/jun/26 14:19,09/jun/26 14:19,
Incidente,INC-8559,36719,Cuenta Deshabilitada de correo debido a robo de equipo ,Giovanna Tavianni Lanzarini Manzano,712020:0ce6a8e2-f88d-4cb0-babb-fdedbed16c94,Bastian González M,712020:9607098c-323a-4de8-a44a-9176793df19d,Alta,Resuelto,,09/jun/26 14:56,09/jun/26 17:13,
Incidente S4,IS4-3888,36749,RE: Información adicional Incidente IS4-3885,,,Maria De Los Angeles Raimann Pumpin,712020:497a0e38-7126-496e-b5fa-cd11a13db526,Alta,Creado,,09/jun/26 16:18,09/jun/26 16:18,
Incidente S4,IS4-3892,36764,no se contabiliza documentos,Rafael Perez,70121:b5c44554-7b1e-4a69-bfac-dfed44364c15,Jhonny Torres N,712020:3cecf351-efbc-43f7-8cdc-ccc90034c4a0,Alta,Esperando por el usuario,,09/jun/26 16:58,28/ago/26 09:44,
Incidente,INC-8588,36768,Usuario reporta que presenta el almacenamiento de correo lleno,Guillermo Andres Benavides  Farias,712020:fb05db58-0e87-4d5f-b8ef-019907a66fdc,Alejandro Enrique Gonzalez Bracho,712020:2a91d042-9782-44ad-8944-fe1523f3889d,Alta,Validación del usuario,,09/jun/26 17:19,14/ago/26 16:38,
Incidente,INC-8610,36803,Monitoreo - Caída de enlace Planta Alimentos La Estrella [ENTEL],Aldo Rodrigo Gonzalez Contreras,712020:444ef87b-e384-47e4-b76a-52abffc021d9,Franco Guinez A,712020:a3795c3a-aa5f-4cea-8071-60172591b157,Alta,Validación del usuario,,09/jun/26 23:41,03/ago/26 11:54,
Incidente,INC-8611,36805,Re: Se ha creado el requerimiento IS4-3902,,,Daniel Alejandro Muñoz Aguilar,712020:4bdd13d3-b6bb-4a09-9ec2-09ad19338305,Alta,Creado,,10/jun/26 00:26,10/jun/26 00:26,
Incidente,INC-8612,36806,NO HAY COMUNICACION EN HMI,DANILO ESTEBAN Rodriguez Leiva,637297188fd2d2d5f12bc7aa,Ivette Sepulveda B,712020:563aa2d0-0127-4b79-a108-c061e76eb239,Alta,Validación del usuario,,10/jun/26 00:33,16/jun/26 07:50,
Incidente,INC-8613,36808,SIN INTERNET EN EL SECTOR LAS CUCAS,Aldo Rodrigo Gonzalez Contreras,712020:444ef87b-e384-47e4-b76a-52abffc021d9,Ivette Sepulveda B,712020:563aa2d0-0127-4b79-a108-c061e76eb239,Alta,Validación del usuario,,10/jun/26 03:56,03/ago/26 11:54,
Incidente,INC-8614,36809,RE: Se ha creado el requerimiento IS4-3903,,,Jairo Dionisio Zambra Chandia,712020:a4843aed-da4d-4dcb-b056-2db45e11f229,Alta,Creado,,10/jun/26 04:50,10/jun/26 05:33,
Incidente,INC-8615,36811,Error de Límites de Capacidad superados en Reporte Power BI - Resumen Inmovilizados ,,,Karol Dayanna Palomino Serrano,712020:e4df31f3-cc17-4db7-b128-efd436a7f3c9,Alta,Equipo Asignado,,10/jun/26 06:44,10/jun/26 08:15,
Incidente,INC-8623,36819,Paneles BI SIN INFORMACION,,,Matías Rafael Donoso Jiménez,712020:447c3261-7861-432f-9a7f-90c291135e15,Alta,Equipo Asignado,,10/jun/26 08:15,10/jun/26 09:06,
Incidente,INC-8631,36830,Problemas con Sharepoint AS-Industrial-Planta Rosario,,,Evelyn Pozo M,712020:8120de32-7eac-45d7-b464-84865a422b01,Alta,Equipo Asignado,,10/jun/26 08:51,10/jun/26 11:12,
Incidente,INC-8636,36836,intermitencia sap a hmi,Enzo Sebastian Osorio Tiznado,712020:bdc566f5-eb54-4451-8fc0-407773ddbcaa,Matías Rafael Donoso Jiménez,712020:447c3261-7861-432f-9a7f-90c291135e15,Alta,Validación del usuario,,10/jun/26 09:12,10/jun/26 15:21,
Incidente,INC-8643,36845,Problemas con el Power BI,,,Cristian Fernando Gonzalez Salazar,712020:fea82959-496f-4b4f-b771-47213d3e02cd,Alta,Equipo Asignado,,10/jun/26 09:29,10/jun/26 11:07,
Incidente,INC-8645,36850,Autorización transacción MB21 ,,,Evelyn Mariela Barra Varas,712020:6add39fe-e1a4-4545-bfa3-d1cfa896cd63,Alta,Creado,,10/jun/26 09:42,10/jun/26 14:26,
Incidente,INC-8650,36856,Intermitencia en HMI La estrella,Marcelo Patricio Celis Retamal,712020:077cd782-bf12-45d5-81ef-952c99739577,Sebastian Latife,712020:523fdaee-0def-45cd-99d0-88abc4b3104d,Alta,Resuelto,,10/jun/26 09:53,17/ago/26 15:46,
Incidente,INC-8654,36860,Problema en power BI,,,Bastian González M,712020:9607098c-323a-4de8-a44a-9176793df19d,Alta,Equipo Asignado,,10/jun/26 10:06,10/jun/26 11:05,
Incidente,INC-8655,36861,problemas carga power bi,,,Matías Rafael Donoso Jiménez,712020:447c3261-7861-432f-9a7f-90c291135e15,Alta,Equipo Asignado,,10/jun/26 10:12,10/jun/26 11:03,
Incidente,INC-8669,36885,accesos bloqueados en maquina virtual,Giovanna Tavianni Lanzarini Manzano,712020:0ce6a8e2-f88d-4cb0-babb-fdedbed16c94,Matías Rafael Donoso Jiménez,712020:447c3261-7861-432f-9a7f-90c291135e15,Alta,Resuelto,,10/jun/26 11:17,11/jun/26 11:15,
Incidente S4,IS4-3935,36947,Falla en sistema de Fichas Tecnicas - Integración SAP BOM,,,Felix Cristian Fernandez Cespedes,63a3074678aabbefa9d1a8a6,Alta,Equipo Resolutor Asignado,,10/jun/26 14:53,16/jun/26 19:49,
Incidente,INC-8712,36952,borraron informacion de un archivo ,Marcelo Patricio Celis Retamal,712020:077cd782-bf12-45d5-81ef-952c99739577,Matías Rafael Donoso Jiménez,712020:447c3261-7861-432f-9a7f-90c291135e15,Alta,Resuelto,,10/jun/26 15:15,11/jun/26 12:46,
Incidente,INC-8749,37013,PERDIDA DE COMUNICACION ENTRE SAP Y HMI,Marcelo Patricio Celis Retamal,712020:077cd782-bf12-45d5-81ef-952c99739577,Ivette Sepulveda B,712020:563aa2d0-0127-4b79-a108-c061e76eb239,Alta,Resuelto,,11/jun/26 06:35,11/jun/26 10:02,
Incidente,INC-8754,37018,Problemas HMI,Jorge Arnaldo Quiroz Olmos,712020:4e6376c9-f6d2-4bc4-b833-100074be9526,Leidy Tatiana León Lizcano,712020:7c332f1c-beea-4c36-850d-a4bebe955356,Alta,Validación del usuario,,11/jun/26 07:32,11/jun/26 09:13,
Incidente,INC-8774,37041,PROBLEMAS DE EMISION DE GUIAS DE DESPACHO ROMANA,Jorge Arnaldo Quiroz Olmos,712020:4e6376c9-f6d2-4bc4-b833-100074be9526,Ivette Sepulveda B,712020:563aa2d0-0127-4b79-a108-c061e76eb239,Alta,Validación del usuario,,11/jun/26 08:05,11/jun/26 09:27,
Incidente,INC-8789,37060,problema masivo VM,Jorge Arnaldo Quiroz Olmos,712020:4e6376c9-f6d2-4bc4-b833-100074be9526,Matías Rafael Donoso Jiménez,712020:447c3261-7861-432f-9a7f-90c291135e15,Alta,Validación del usuario,,11/jun/26 08:26,11/jun/26 09:28,
Incidente,INC-8848,37147,Problemas con el HMI,Marcelo Patricio Celis Retamal,712020:077cd782-bf12-45d5-81ef-952c99739577,Cristian Fernando Gonzalez Salazar,712020:fea82959-496f-4b4f-b771-47213d3e02cd,Alta,Resuelto,,11/jun/26 11:17,11/jun/26 13:42,
Incidente,INC-8861,37164,Guías emitidas en el sector no se están sincronizando ,Jorge Arnaldo Quiroz Olmos,712020:4e6376c9-f6d2-4bc4-b833-100074be9526,Bastian González M,712020:9607098c-323a-4de8-a44a-9176793df19d,Alta,Validación del usuario,,11/jun/26 11:49,11/jun/26 12:02,
Incidente,INC-8885,37210,Revisión celular corporativo,Benjamin Nicolas Vidal Caroca,712020:2062d08e-0238-40d5-a11c-67396d81019b,Sebastian Latife,712020:523fdaee-0def-45cd-99d0-88abc4b3104d,Alta,Validación del usuario,,11/jun/26 15:07,12/jun/26 16:06,
Incidente S4,IS4-3996,37217,Integración Romana 3 Longovilo,,,Nicolas Fernando Letelier Menares,712020:11066e06-8dc3-48f7-a7fa-af6907c9511a,Alta,Equipo Resolutor Asignado,,11/jun/26 15:28,12/jun/26 15:24,
Incidente S4,IS4-4000,37237,problemas visualización archivos en sap,Carlos Fabian Meneses  Bravo,70121:3c0e5c45-be78-463d-a651-77d98e6f081f,Matías Rafael Donoso Jiménez,712020:447c3261-7861-432f-9a7f-90c291135e15,Alta,Diagnostico/Validación Inicial,,11/jun/26 16:33,12/jun/26 08:00,
Incidente,INC-8900,37240,Problemas al iniciar el equipo de sector,Fernando Esteban Fuentes Morales,712020:fe5bcc67-ea2e-4406-b5b9-58211a6e5c8b,Bastian González M,712020:9607098c-323a-4de8-a44a-9176793df19d,Alta,Validación del usuario,,11/jun/26 16:47,12/jun/26 08:28,
Incidente,INC-8901,37243,Problemas en rendimiento de equipo de trabajo ,Gustavo Adolfo Fierro Morales,712020:34251f21-925f-4970-bea7-659d3ebfa34a,Bastian González M,712020:9607098c-323a-4de8-a44a-9176793df19d,Alta,Validación del usuario,,11/jun/26 16:59,12/jun/26 09:55,
Incidente,INC-8906,37249,Equipo celular preventa con fallas,Victor Manuel Currieco Marillan,712020:6499dafd-420b-45b4-8f3a-35c37c05a5c8,Endy Villasmil,712020:de760acd-5b27-4fc2-a4ea-e31854338f83,Alta,Validación del usuario,,11/jun/26 17:14,12/jun/26 10:14,
Incidente AMS,AMS-832,37257,Ticket prueba ,,,Emilio Alejandro Ruiz Correa,712020:140fca0e-5eed-48ae-a9aa-4abecf1321b8,Alta,Cancelado,,11/jun/26 17:45,12/jun/26 09:57,
Incidente S4,IS4-4006,37262,(Dirigir a Softproviding) Problema con el JOB de cambio de estatus de guías de transporte de animal vivos a E70,,,Camilo Ignacio Garrido Valenzuela,712020:8b011310-a05a-4170-9f27-458dabadf633,Alta,Equipo Resolutor Asignado,,11/jun/26 18:40,12/jun/26 15:19,
Incidente S4,IS4-4016,37304,Lentitud en grabar pedidos,,,Sebastian Latife,712020:523fdaee-0def-45cd-99d0-88abc4b3104d,Alta,Equipo Resolutor Asignado,,12/jun/26 09:09,03/jul/26 15:55,
Incidente,INC-8946,37307,Problemas con Bizerba,Guillermo Andres Benavides  Farias,712020:fb05db58-0e87-4d5f-b8ef-019907a66fdc,Cristian Fernando Gonzalez Salazar,712020:fea82959-496f-4b4f-b771-47213d3e02cd,Alta,Validación del usuario,,12/jun/26 09:11,14/ago/26 16:38,
Incidente S4,IS4-4021,37319,Falla en sesiones con el monitor ,,,Evelyn Pozo M,712020:8120de32-7eac-45d7-b464-84865a422b01,Alta,Equipo Resolutor Asignado,,12/jun/26 09:51,09/jul/26 14:06,
Incidente S4,IS4-4029,37350,Crear Usuario ,,,Romina De Lourdes Hernandez Manriquez,712020:4f641638-fee0-4550-bbb6-14aff9dea01c,Alta,Equipo Resolutor Asignado,,12/jun/26 11:20,17/jun/26 15:18,
Incidente,INC-8981,37381,Se solicita habilitar Maquina Virtual ,Marcelo Patricio Celis Retamal,712020:077cd782-bf12-45d5-81ef-952c99739577,Bastian González M,712020:9607098c-323a-4de8-a44a-9176793df19d,Alta,Resuelto,,12/jun/26 13:12,12/jun/26 15:16,
Incidente,INC-9000,37412,Grupo 9 - Enlace sin servicio,Carlos Alberto Pavez Diaz,712020:07f89943-bb5b-4b7c-a927-9777b941f3cb,Jonathan Ivo Milenko Carrasco Piña,712020:5ac2a5cf-ca53-47f2-9c59-4d37b2d42f65,Alta,Validación del usuario,,12/jun/26 15:08,30/jul/26 17:30,
Incidente,INC-9015,37434,RE: Se ha creado el requerimiento IS4-3758,,,Rodrigo Alejandro Fernandez Contreras,712020:65c706b3-9af6-455f-a8bc-c71bf99784d2,Alta,Creado,,12/jun/26 16:10,12/jun/26 16:10,
Incidente AMS,AMS-846,37441,No puedo realizar la recepcion,,,Osler Duverseau -,712020:ef58147a-230c-449a-833d-c5d0a8d984e3,Alta,Cancelado,,12/jun/26 16:35,22/jun/26 11:40,
Incidente,INC-9034,37466,Robo de equipo corporativo,Giovanna Tavianni Lanzarini Manzano,712020:0ce6a8e2-f88d-4cb0-babb-fdedbed16c94,Alejandro Enrique Gonzalez Bracho,712020:2a91d042-9782-44ad-8944-fe1523f3889d,Alta,Resuelto,,12/jun/26 21:16,12/jun/26 21:32,
Incidente,INC-9045,37477,Problema equipo,Fernando Esteban Fuentes Morales,712020:fe5bcc67-ea2e-4406-b5b9-58211a6e5c8b,Leidy Tatiana León Lizcano,712020:7c332f1c-beea-4c36-850d-a4bebe955356,Alta,Validación del usuario,,13/jun/26 08:33,18/jun/26 10:19,
Incidente,INC-9087,37528,Monitoreo caída enlace Movistar Coquimbo,Victor Mauricio Vera Nuñez,712020:46155656-0657-4144-9fa4-ba01a5c2fdf8,Sebastian Latife,712020:523fdaee-0def-45cd-99d0-88abc4b3104d,Alta,Validación del usuario,,14/jun/26 13:11,03/ago/26 11:13,
Incidente,INC-9095,37537,Monitoreo - Oficina central con corte de suministro de energia,Martin Horacio Ramirez Riquelme,712020:bb4df128-bdb5-431a-b8a1-5431a84aaa16,Franco Guinez A,712020:a3795c3a-aa5f-4cea-8071-60172591b157,Alta,Validación del usuario,,14/jun/26 21:20,24/jul/26 16:59,
Incidente,INC-9122,37567,HABILITAR CORREO INTERNACIONAL SUBGERENTE,Benjamin Nicolas Schwalm Jara,712020:7762ff16-6b68-4f6f-a0ad-2b1b9a40b257,Evelyn Pozo M,712020:8120de32-7eac-45d7-b464-84865a422b01,Alta,Resuelto,,15/jun/26 08:28,15/jun/26 09:01,
Incidente,INC-9131,37576,Equipo sin respuesta de encendido,Fernando Esteban Fuentes Morales,712020:fe5bcc67-ea2e-4406-b5b9-58211a6e5c8b,Benjamín Reyes Aravena,712020:69f5cef6-164b-4af6-9971-75c05d019041,Alta,Validación del usuario,,15/jun/26 08:51,15/jun/26 09:54,
Incidente,INC-9140,37585,Daños en equipo,Gustavo Adolfo Fierro Morales,712020:34251f21-925f-4970-bea7-659d3ebfa34a,Franco Guinez A,712020:a3795c3a-aa5f-4cea-8071-60172591b157,Alta,Validación del usuario,,15/jun/26 09:00,15/jun/26 12:05,
Incidente,INC-9150,37600,Usuario solicita revision de pantalla del edificio sur que presenta problemas de conexión,Javier Alejandro Gonzalez Abarca,712020:9fc9fa65-2e7a-4d4c-9ba5-288f12754593,Alejandro Enrique Gonzalez Bracho,712020:2a91d042-9782-44ad-8944-fe1523f3889d,Alta,Validación del usuario,,15/jun/26 09:29,15/jun/26 09:47,
Incidente S4,IS4-4070,37601,RE: Información adicional Incidente IS4-3891,,,Felipe Duran,712020:af79e742-ca83-4c13-91e8-5b24a7372f8b,Alta,Creado,,15/jun/26 09:30,15/jun/26 09:30,
Incidente,INC-9158,37610,Revisión de equipo,Gustavo Adolfo Fierro Morales,712020:34251f21-925f-4970-bea7-659d3ebfa34a,Sebastian Latife,712020:523fdaee-0def-45cd-99d0-88abc4b3104d,Alta,Validación del usuario,,15/jun/26 09:57,15/jun/26 15:03,
Incidente,INC-9174,37632,Sin servicio de internet,Kevin Alexis Maldonado Muñoz,712020:c8eacfb5-650a-4c88-857f-2414a8f12044,Franco Guinez A,712020:a3795c3a-aa5f-4cea-8071-60172591b157,Alta,Validación del usuario,,15/jun/26 10:33,22/jun/26 08:56,
Incidente,INC-9205,37681,sector sin internet ,Kevin Alexis Maldonado Muñoz,712020:c8eacfb5-650a-4c88-857f-2414a8f12044,Jhonny Torres N,712020:3cecf351-efbc-43f7-8cdc-ccc90034c4a0,Alta,Validación del usuario,,15/jun/26 12:14,15/jun/26 15:17,
Incidente,INC-9209,37689,RE: Se ha creado el requerimiento IS4-4089,,,Nicolas Ignacio Ricardo Aranda Barra,712020:31811355-65bc-4bcd-aa34-12f5b8bd72d8,Alta,Creado,,15/jun/26 12:38,15/jun/26 12:38,
Incidente,INC-9219,37703,Problemas de señal en dispositivos conectate,Kevin Alexis Maldonado Muñoz,712020:c8eacfb5-650a-4c88-857f-2414a8f12044,Franco Guinez A,712020:a3795c3a-aa5f-4cea-8071-60172591b157,Alta,Validación del usuario,,15/jun/26 13:24,22/jun/26 10:37,
Incidente,INC-9229,37723,Lentitud en SAP.,Victor Mauricio Vera Nuñez,712020:46155656-0657-4144-9fa4-ba01a5c2fdf8,Benjamín Reyes Aravena,712020:69f5cef6-164b-4af6-9971-75c05d019041,Alta,Validación del usuario,,15/jun/26 14:24,31/ago/26 12:05,
Incidente,INC-9230,37725,Sin internet - Sector Don Jorge,Kevin Alexis Maldonado Muñoz,712020:c8eacfb5-650a-4c88-857f-2414a8f12044,Alejandro Enrique Gonzalez Bracho,712020:2a91d042-9782-44ad-8944-fe1523f3889d,Alta,Validación del usuario,,15/jun/26 14:30,22/jun/26 08:56,
Incidente,INC-9277,37791,Buzon de correo lleno,Marcelo Patricio Celis Retamal,712020:077cd782-bf12-45d5-81ef-952c99739577,Franco Guinez A,712020:a3795c3a-aa5f-4cea-8071-60172591b157,Alta,Resuelto,,15/jun/26 16:32,17/ago/26 15:47,
Incidente S4,IS4-4111,37792,Solicitud De Clave De Acceso,,,Luis Maximiliano Acevedo Carreño,712020:ad62c96a-b80b-42ad-a2f2-58fc112402f9,Alta,Equipo Resolutor Asignado,,15/jun/26 16:34,17/jun/26 15:13,
Incidente AMS,AMS-871,37814,Problemas con TX ZMM_TLIBCOMP,,,Erik Avello,712020:9d91180a-22c7-4d43-9eab-97c8cf49ecbf,Alta,Cancelado,,15/jun/26 17:24,19/jun/26 10:54,
Incidente,INC-9308,37836,error impresión etiqueta sap,Claudio Daniel Figueroa Galaz,712020:c4952005-61dc-490c-8f66-552e4dbc4dcd,Matías Rafael Donoso Jiménez,712020:447c3261-7861-432f-9a7f-90c291135e15,Alta,Validación del usuario,,16/jun/26 00:56,17/jun/26 10:35,
Incidente AMS,AMS-874,37872,Usuario solicita registrar el peso al nacimiento a la maternidad 10 correlativo 531,Diego Flores,712020:314bedea-6181-4d50-97d5-e114b8742d38,Alejandro Enrique Gonzalez Bracho,712020:2a91d042-9782-44ad-8944-fe1523f3889d,Alta,Validación del usuario,,16/jun/26 09:22,16/jun/26 12:48,
Incidente,INC-9343,37887,Problemas de lentitud y bloqueo de equipo,Javier Alejandro Gonzalez Abarca,712020:9fc9fa65-2e7a-4d4c-9ba5-288f12754593,Karoline Yised Lasso Torres,712020:172259ea-a77e-46f6-af04-a5c338f112f8,Alta,Validación del usuario,,16/jun/26 09:50,06/jul/26 10:16,
Incidente,INC-9345,37891,revisión de equipo,Gustavo Adolfo Fierro Morales,712020:34251f21-925f-4970-bea7-659d3ebfa34a,Jhonny Torres N,712020:3cecf351-efbc-43f7-8cdc-ccc90034c4a0,Alta,Validación del usuario,,16/jun/26 09:59,16/jun/26 16:59,
Incidente AMS,AMS-877,37901,Usuario solicita una mejora en el RPA con el proyecto JOY Nacional,,,Alejandro Enrique Gonzalez Bracho,712020:2a91d042-9782-44ad-8944-fe1523f3889d,Alta,Cancelado,,16/jun/26 10:37,22/jun/26 15:25,
Incidente AMS,AMS-879,37909,revision de RPA con el proyecto JOY Atlanta,,,Nicolas Prieto Camelo,712020:3f87e7d5-1b59-45ae-9674-027e748fb844,Alta,Cancelado,,16/jun/26 10:59,22/jun/26 15:25,
Incidente,INC-9370,37931,Pantalla quebrada ,Jonathan Andres Navarro Azocar,712020:a5042667-d0d7-4571-b766-9934e56fa4cb,Jhonny Torres N,712020:3cecf351-efbc-43f7-8cdc-ccc90034c4a0,Alta,Validación del usuario,,16/jun/26 11:41,16/jun/26 17:08,
Incidente AMS,AMS-881,37935,"Problema con proveedor que no permite realizar proceso de sexaje/guias de despacho, el proveedor pucalan esta mal creado",,,Nicolas Prieto Camelo,712020:3f87e7d5-1b59-45ae-9674-027e748fb844,Alta,Cancelado,,16/jun/26 11:53,16/jun/26 16:59,
Incidente S4,IS4-4151,37951,REQ-Se solicita acceso al antiguo CRM,,,Alejandro Enrique Gonzalez Bracho,712020:2a91d042-9782-44ad-8944-fe1523f3889d,Alta,Equipo Resolutor Asignado,,16/jun/26 13:18,19/jun/26 13:27,
Incidente AMS,AMS-886,37957,revisar precios en comercionet y nota de pedido,,,Franco Guinez A,712020:a3795c3a-aa5f-4cea-8071-60172591b157,Alta,Cancelado,,16/jun/26 14:01,17/jun/26 10:30,
Incidente,INC-9384,37963,Usuario presenta problemas problemas de señal en los dispositivos conéctate,Javier Esteban Castillo Jara,712020:1cf8bc7f-946e-4e1e-84b6-962e0924cd76,Alejandro Enrique Gonzalez Bracho,712020:2a91d042-9782-44ad-8944-fe1523f3889d,Alta,Validación del usuario,,16/jun/26 14:29,20/jul/26 15:20,
Incidente,INC-9385,37964,Zebra - imprime etiquetas sin parar ,Claudio Daniel Figueroa Galaz,712020:c4952005-61dc-490c-8f66-552e4dbc4dcd,Nicolas Prieto Camelo,712020:3f87e7d5-1b59-45ae-9674-027e748fb844,Alta,Validación del usuario,,16/jun/26 14:29,16/jun/26 16:42,
Incidente S4,IS4-4161,37996,RE: IS4-4078 Homologación Cuenta SAP,,,Consuelo Pilar Miguel Alvarez,70121:dd324ed8-1965-4bd0-82c2-a0a7c0292317,Alta,Creado,,16/jun/26 15:58,16/jun/26 15:58,
Incidente S4,IS4-4162,38001,solicitud de transacciones ,,,Claudio Andres Albornoz Paez,712020:2fd0c1c6-372b-48e7-8103-22af91955fa9,Alta,Creado,,16/jun/26 16:06,16/jun/26 16:06,
Incidente S4,IS4-4163,38008,revisar precios en comercionet y nota de pedido,Carlos Felipe Suarez Parraguez,70121:3804dc91-d917-49bc-a33d-e6848caf9586,Sebastian Latife,712020:523fdaee-0def-45cd-99d0-88abc4b3104d,Alta,Equipo Resolutor Asignado,,16/jun/26 16:24,11/ago/26 11:12,
Incidente S4,IS4-4164,38009,RE: Información adicional Incidente IS4-4154,,,Lorna Arelis Flores Soto,712020:7b224c7d-8f2d-4eaf-a98c-3f364dd31d09,Alta,Creado,,16/jun/26 16:30,16/jun/26 16:30,
Incidente,INC-9430,38033,MONITOREO - CAIDA AMBOS ENLACES SUCURSAL OSORNO,Aldo Rodrigo Gonzalez Contreras,712020:444ef87b-e384-47e4-b76a-52abffc021d9,Ivette Sepulveda B,712020:563aa2d0-0127-4b79-a108-c061e76eb239,Alta,Validación del usuario,,16/jun/26 19:53,03/ago/26 11:54,
Incidente S4,IS4-4171,38039,RE: IS4-4075 cambio de liberador de NC Diego Garrido en reemplazo de Maria jose Zuñiga,,,Maria Jose Zuñiga Matamala,712020:52d2c57e-9867-444c-b17f-8c0d94fe220a,Alta,Creado,,16/jun/26 22:12,16/jun/26 22:12,
Incidente,INC-9447,38061,Usuario utiliza altavoces con microfono externos pero no le funciona el microfono,Fernando Esteban Fuentes Morales,712020:fe5bcc67-ea2e-4406-b5b9-58211a6e5c8b,Jair Stiven Méndez Baquero,712020:66e4c6db-2ecc-4e66-bfc2-850cc8894432,Alta,Validación del usuario,,17/jun/26 07:56,17/jun/26 12:28,
Incidente,INC-9460,38074,Problemas con la red ,Benjamin Nicolas Vidal Caroca,712020:2062d08e-0238-40d5-a11c-67396d81019b,Karoline Yised Lasso Torres,712020:172259ea-a77e-46f6-af04-a5c338f112f8,Alta,Validación del usuario,,17/jun/26 08:50,17/jun/26 10:28,
Incidente,INC-9466,38086,Falla con conexión a los TV,Jonathan Andres Navarro Azocar,712020:a5042667-d0d7-4571-b766-9934e56fa4cb,Karoline Yised Lasso Torres,712020:172259ea-a77e-46f6-af04-a5c338f112f8,Alta,Validación del usuario,,17/jun/26 09:22,18/jun/26 11:28,
Incidente S4,IS4-4183,38088,RE: IS4-2258 Autorizacion Transaccion,,,Emilio Alejandro Ruiz Correa,712020:140fca0e-5eed-48ae-a9aa-4abecf1321b8,Alta,Creado,,17/jun/26 09:32,17/jun/26 09:32,
Incidente,INC-9469,38090,Problema HMI planta 1 en planta lo Miranda,Marcelo Patricio Celis Retamal,712020:077cd782-bf12-45d5-81ef-952c99739577,Sebastian Latife,712020:523fdaee-0def-45cd-99d0-88abc4b3104d,Alta,Resuelto,,17/jun/26 09:37,17/ago/26 15:47,
Incidente,INC-9472,38094,Usuario solicita el informe de revisión del equipo asociado al ticket INC-5496 ,Jonathan Andres Navarro Azocar,712020:a5042667-d0d7-4571-b766-9934e56fa4cb,Evelyn Pozo M,712020:8120de32-7eac-45d7-b464-84865a422b01,Alta,Validación del usuario,,17/jun/26 09:45,17/jun/26 14:12,
Incidente,INC-9488,38122,Fallas con la red cableada,Aldo Rodrigo Gonzalez Contreras,712020:444ef87b-e384-47e4-b76a-52abffc021d9,Karoline Yised Lasso Torres,712020:172259ea-a77e-46f6-af04-a5c338f112f8,Alta,Validación del usuario,,17/jun/26 10:53,09/sep/26 10:57,
Incidente,INC-9501,38139,Equipo - no enciende ,Benjamin Nicolas Vidal Caroca,712020:2062d08e-0238-40d5-a11c-67396d81019b,Nicolas Prieto Camelo,712020:3f87e7d5-1b59-45ae-9674-027e748fb844,Alta,Validación del usuario,,17/jun/26 11:54,17/jun/26 13:16,
Incidente,INC-9512,38153,RE: Se ha creado el requerimiento IS4-4197,,,Javier Ignacio Bravo Ordenes,712020:e0674b7b-8850-4af4-9e76-de03144423a4,Alta,Creado,,17/jun/26 12:39,17/jun/26 12:39,
Incidente,INC-9516,38158,Error en excel,Benjamin Nicolas Vidal Caroca,712020:2062d08e-0238-40d5-a11c-67396d81019b,Karoline Yised Lasso Torres,712020:172259ea-a77e-46f6-af04-a5c338f112f8,Alta,Validación del usuario,,17/jun/26 12:43,17/jun/26 17:04,
Incidente,INC-9520,38162,Problemas con HMI,DANILO ESTEBAN Rodriguez Leiva,637297188fd2d2d5f12bc7aa,Karoline Yised Lasso Torres,712020:172259ea-a77e-46f6-af04-a5c338f112f8,Alta,Validación del usuario,,17/jun/26 12:54,17/jun/26 18:06,
Incidente AMS,AMS-898,38171,PDA en estatus D // derivar a soffteck,,,Camila Marcela Gutierrez Donoso,712020:6fe4e4bd-3e68-45f7-8e62-578bbe1d2e85,Alta,Cancelado,,17/jun/26 13:24,19/jun/26 10:38,
Incidente S4,IS4-4204,38172,RE: IS4-4036 No se puede ajustar inventario 100759805 material 1040359 en TX ZMI20,,,Daniel Eduardo Novoa Gonzalez,712020:9ceadd6d-d279-43a8-9dcf-77585a1afe72,Alta,Creado,,17/jun/26 13:25,17/jun/26 13:25,
Incidente,INC-9551,38216,Computador con pantalla dañada,Javier Alejandro Gonzalez Abarca,712020:9fc9fa65-2e7a-4d4c-9ba5-288f12754593,Karoline Yised Lasso Torres,712020:172259ea-a77e-46f6-af04-a5c338f112f8,Alta,Validación del usuario,,17/jun/26 15:47,17/jun/26 17:02,
Incidente AMS,AMS-902,38235,JOY México - RPA no está leyendo el mantenedor ,,,Nicolas Prieto Camelo,712020:3f87e7d5-1b59-45ae-9674-027e748fb844,Alta,Cancelado,,17/jun/26 16:29,19/jun/26 16:19,
Incidente,INC-9564,38237,Se ha creado el requerimiento IS4-4201,,,Exportaciones Fdra San Vicente,712020:4eba58dd-b443-4ab5-baf1-31773e25c877,Alta,Creado,,17/jun/26 16:31,17/jun/26 16:31,
Incidente AMS,AMS-904,38252,Análisis transacción semáforo reportería SAP,,,Camilo Ignacio Garrido Valenzuela,712020:8b011310-a05a-4170-9f27-458dabadf633,Alta,Cancelado,,17/jun/26 17:35,19/jun/26 10:39,
Incidente,INC-9582,38264,Token Caducado,DANILO ESTEBAN Rodriguez Leiva,637297188fd2d2d5f12bc7aa,Leidy Tatiana León Lizcano,712020:7c332f1c-beea-4c36-850d-a4bebe955356,Alta,Validación del usuario,,17/jun/26 19:04,17/jun/26 19:47,
Incidente,INC-9601,38285,Problemas HMI,Nicolas Ignacio Lobos Muñoz,712020:231572bf-d0c7-4e49-bbe3-989381fb5348,Leidy Tatiana León Lizcano,712020:7c332f1c-beea-4c36-850d-a4bebe955356,Alta,Validación del usuario,,17/jun/26 23:01,17/jun/26 23:50,
Incidente S4,IS4-4222,38286,Error etiquetado,,,Leidy Tatiana León Lizcano,712020:7c332f1c-beea-4c36-850d-a4bebe955356,Alta,Equipo Resolutor Asignado,,17/jun/26 23:31,28/ago/26 15:44,
Incidente,INC-9602,38288,Problema de red AquaChile WIFI en oficina internacional China,Victor Mauricio Vera Nuñez,712020:46155656-0657-4144-9fa4-ba01a5c2fdf8,Erik Avello,712020:9d91180a-22c7-4d43-9eab-97c8cf49ecbf,Alta,Esperando por el usuario,,17/jun/26 23:45,18/jun/26 09:18,
Incidente AMS,AMS-909,38293,BDC – Cadenas con Error,,,Jair Stiven Méndez Baquero,712020:66e4c6db-2ecc-4e66-bfc2-850cc8894432,Alta,Cancelado,,18/jun/26 04:37,19/jun/26 10:39,
Incidente S4,IS4-4227,38336,Análisis transacción semáforo reportería SAP,Victor Manuel Acuña Caballero,712020:b1b7bbb9-be1a-4665-8069-cb1d1eaa2795,Matías Rafael Donoso Jiménez,712020:447c3261-7861-432f-9a7f-90c291135e15,Alta,Validación del usuario,,18/jun/26 07:48,25/ago/26 14:46,
Incidente,INC-9623,38353,Se solicita modificar horario de job de nacimiento,Jorge Arnaldo Quiroz Olmos,712020:4e6376c9-f6d2-4bc4-b833-100074be9526,Sebastian Latife,712020:523fdaee-0def-45cd-99d0-88abc4b3104d,Alta,Validación del usuario,,18/jun/26 09:23,18/jun/26 09:37,
Incidente AMS,AMS-911,38358,Usuario solicita una revision de la transferencia de gasto,,,Alejandro Enrique Gonzalez Bracho,712020:2a91d042-9782-44ad-8944-fe1523f3889d,Alta,Cancelado,,18/jun/26 09:33,19/jun/26 10:40,
Incidente S4,IS4-4237,38381,Usuario solicita una revision de la transferencia de gasto,Angie Espinoza,712020:d2d363d3-b9ac-47bf-923a-f89eb5887a5d,Sebastian Latife,712020:523fdaee-0def-45cd-99d0-88abc4b3104d,Alta,Validación del usuario,,18/jun/26 10:53,02/sep/26 16:53,
Incidente,INC-9651,38396,RE: Se ha creado el requerimiento IS4-4239,,,Catalina Belen Sandoval Caro,712020:c7d9c2bf-418c-4b9f-8342-9df62124dce3,Alta,Creado,,18/jun/26 11:31,18/jun/26 11:31,
Incidente,INC-9652,38401,Problema en el sistema de pesaje (semaforo),Felipe Andres Jeria Rodriguez,712020:f0d4df3d-4510-4e4a-be63-7258c31884e1,Franco Guinez A,712020:a3795c3a-aa5f-4cea-8071-60172591b157,Alta,Validación del usuario,,18/jun/26 11:41,14/jul/26 09:35,
Incidente S4,IS4-4246,38416,Favor dejar etiquetas y UMP en status A y libre utilización,Magda Patricia Espinosa Bustos,712020:bb2e79ad-1f51-4542-9922-ae2652bcf9dd,Cristian Ramon Mella Jorquera,712020:9094d3a9-7a88-487e-a1a8-361c4b6304ce,Alta,Validación del usuario,,18/jun/26 12:07,01/sep/26 03:00,
Incidente,INC-9666,38429,Internet - Falla de navegación,Benjamin Nicolas Schwalm Jara,712020:7762ff16-6b68-4f6f-a0ad-2b1b9a40b257,Nicolas Prieto Camelo,712020:3f87e7d5-1b59-45ae-9674-027e748fb844,Alta,Resuelto,,18/jun/26 13:08,22/jun/26 07:56,
Incidente,INC-9684,38454,Usuario Cristian Bazae presenta problemas para ingresar a la nueva plataforma de Sigpro,Benjamin Nicolas Schwalm Jara,712020:7762ff16-6b68-4f6f-a0ad-2b1b9a40b257,Alejandro Enrique Gonzalez Bracho,712020:2a91d042-9782-44ad-8944-fe1523f3889d,Alta,Resuelto,,18/jun/26 14:37,18/jun/26 16:58,
Incidente S4,IS4-4257,38461,Problemas integración Oracle Remoto Planta la Estrella,,,Alejandro Ladislao Avila Larrain,712020:bd865abc-a177-481f-92f9-b2907aa807d4,Alta,Equipo Resolutor Asignado,,18/jun/26 15:00,03/jul/26 16:17,
Incidente,INC-9689,38464,Equipo - presenta diferentes fallas,Benjamin Nicolas Vidal Caroca,712020:2062d08e-0238-40d5-a11c-67396d81019b,Nicolas Prieto Camelo,712020:3f87e7d5-1b59-45ae-9674-027e748fb844,Alta,Validación del usuario,,18/jun/26 15:12,18/jun/26 15:31,
Incidente S4,IS4-4264,38507,[VIM] Error en regla de validación de montos BL / Activación errónea de excepción (< 300.000 CLP) ,Rafael Perez,70121:b5c44554-7b1e-4a69-bfac-dfed44364c15,Karol Dayanna Palomino Serrano,712020:e4df31f3-cc17-4db7-b128-efd436a7f3c9,Alta,Validación del usuario,,18/jun/26 17:24,28/ago/26 09:44,
Incidente,INC-9724,38518,Intermitencia,Victor Mauricio Vera Nuñez,712020:46155656-0657-4144-9fa4-ba01a5c2fdf8,Leidy Tatiana León Lizcano,712020:7c332f1c-beea-4c36-850d-a4bebe955356,Alta,Validación del usuario,,18/jun/26 21:04,03/ago/26 11:13,
Incidente,INC-9731,38527,caída enlace mundo en Longovilo y entel en planta de alimentos la estrella,Victor Mauricio Vera Nuñez,712020:46155656-0657-4144-9fa4-ba01a5c2fdf8,Erik Avello,712020:9d91180a-22c7-4d43-9eab-97c8cf49ecbf,Alta,Validación del usuario,,18/jun/26 23:22,03/ago/26 11:13,
Incidente,INC-9734,38530,lotes hmi,Nicolas Ignacio Lobos Muñoz,712020:231572bf-d0c7-4e49-bbe3-989381fb5348,Matías Rafael Donoso Jiménez,712020:447c3261-7861-432f-9a7f-90c291135e15,Alta,Validación del usuario,,19/jun/26 02:14,19/jun/26 03:26,
Incidente,INC-9735,38531,Dosificación detenida,Nicolas Ignacio Lobos Muñoz,712020:231572bf-d0c7-4e49-bbe3-989381fb5348,Matías Rafael Donoso Jiménez,712020:447c3261-7861-432f-9a7f-90c291135e15,Alta,Validación del usuario,,19/jun/26 02:34,19/jun/26 05:24,
Incidente,INC-9738,38535,Monitoreo - Problema en enlace Sector Rubiana 3 (Proveedor Dimabe),Victor Mauricio Vera Nuñez,712020:46155656-0657-4144-9fa4-ba01a5c2fdf8,Bastian González M,712020:9607098c-323a-4de8-a44a-9176793df19d,Alta,Validación del usuario,,19/jun/26 07:13,03/ago/26 11:13,
Incidente S4,IS4-4273,38557,VENDEDOR V3873 NO LE  SINCRONIZAN GUIAS DE DESPACHO EN VENTA MOVIL  DEBIDO A QUE EN SAP NO SE ENCUENTRAN EN LA TABLA DE SINCRONIZACION DE LOS DOCUMENTOS DIGITALES,,,Catalina Constanza Diaz Herrera,712020:222ccb91-bc48-4606-a1a9-3b149a145d4d,Alta,Equipo Resolutor Asignado,,19/jun/26 08:55,08/jul/26 16:23,
Incidente AMS,AMS-922,38599,Se necesita contabilizar  dato,,,Franco Guinez A,712020:a3795c3a-aa5f-4cea-8071-60172591b157,Alta,Cancelado,,19/jun/26 10:13,22/jun/26 15:24,
Incidente AMS,AMS-924,38611,Eliminación PDAs SKU 1022388,,,Camila Alexandra Soto Saxton,712020:1f4e38fb-6ac1-4c81-b863-ad36f1502b40,Alta,Cancelado,,19/jun/26 10:45,22/jun/26 15:37,
Incidente,INC-9788,38614,RE: Se ha creado el requerimiento AMS-924,,,Camila Alexandra Soto Saxton,712020:1f4e38fb-6ac1-4c81-b863-ad36f1502b40,Alta,Creado,,19/jun/26 10:48,19/jun/26 10:48,
Incidente,INC-9792,38620,usuaria no tiene conexión por cable,Carlos Alberto Pavez Diaz,712020:07f89943-bb5b-4b7c-a927-9777b941f3cb,Karoline Yised Lasso Torres,712020:172259ea-a77e-46f6-af04-a5c338f112f8,Alta,Validación del usuario,,19/jun/26 11:04,30/jul/26 17:29,
Incidente,INC-9794,38623,revisión de equipo,Fernando Esteban Fuentes Morales,712020:fe5bcc67-ea2e-4406-b5b9-58211a6e5c8b,Jhonny Torres N,712020:3cecf351-efbc-43f7-8cdc-ccc90034c4a0,Alta,Validación del usuario,,19/jun/26 11:10,19/jun/26 11:59,
Incidente,INC-9797,38626,Problema con correo,Marcelo Patricio Celis Retamal,712020:077cd782-bf12-45d5-81ef-952c99739577,Sebastian Latife,712020:523fdaee-0def-45cd-99d0-88abc4b3104d,Alta,Resuelto,,19/jun/26 11:19,17/ago/26 15:51,
Incidente,INC-9804,38644,RE: Se ha creado el requerimiento IS4-4288,,,Charles Enrique Abreu Aranguren,712020:7dd5d96e-0367-4373-b2e1-18e07a84e2a1,Alta,Creado,,19/jun/26 11:43,19/jun/26 11:43,
Incidente AMS,AMS-928,38645,"Sacar stock almacen F101, material 2100010 Pollo vivo fecha sacrificio 07.05.2026 y 02.06.2026.",,,Luis Alamiro Diaz Sanchez,712020:97e3100e-14f7-49fe-824b-1f25273a6a11,Alta,Cancelado,,19/jun/26 11:43,22/jun/26 15:23,
Incidente AMS,AMS-930,38653,Prueba crear AMS-INC Frank ,,,Marcelo Alejandro Rodriguez Mackenzie,712020:a549febf-8809-4a49-8446-3e13b2de6e9a,Alta,Cancelado,,19/jun/26 12:04,22/jun/26 15:22,
Incidente,INC-9809,38654,RE: Se ha creado el requerimiento AMS-930,,,Frankyelbert Jose Granadino Riera,712020:465c0a71-5c30-4ae6-ab08-96eff7e3d5d1,Alta,Creado,,19/jun/26 12:05,19/jun/26 12:05,
Incidente AMS,AMS-932,38663,En legacy no aparecen viabilidad,Brayan Dario Guarnizo Celis,712020:3e04b4d9-d3d5-460e-8c1e-71260f00b901,Jhonny Torres N,712020:3cecf351-efbc-43f7-8cdc-ccc90034c4a0,Alta,Validación del usuario,,19/jun/26 13:29,26/jun/26 11:51,
Incidente,INC-9824,38673,Problema en agendamiento de citas por correo,DANILO ESTEBAN Rodriguez Leiva,637297188fd2d2d5f12bc7aa,Sebastian Latife,712020:523fdaee-0def-45cd-99d0-88abc4b3104d,Alta,Validación del usuario,,19/jun/26 14:49,08/jul/26 09:00,
Incidente S4,IS4-4302,38705,Bloqueos por Procesos de VIM,,,Cristian Andres Galvez Hidalgo,712020:6f789acc-1c74-4a8f-ad81-8bdda7aa0b41,Alta,Equipo Resolutor Asignado,,19/jun/26 16:24,02/jul/26 12:25,
Incidente AMS,AMS-934,38710,Problema con información en BDC,,,Karoline Yised Lasso Torres,712020:172259ea-a77e-46f6-af04-a5c338f112f8,Alta,Cancelado,,19/jun/26 16:57,22/jun/26 15:22,
Incidente,INC-9851,38714,(REQ-2241) se necesita revisión de telefono,Jonathan Andres Navarro Azocar,712020:a5042667-d0d7-4571-b766-9934e56fa4cb,Erik Avello,712020:9d91180a-22c7-4d43-9eab-97c8cf49ecbf,Alta,Validación del usuario,,19/jun/26 17:14,22/jun/26 11:19,
Incidente S4,IS4-4306,38716,revision de RPA con el proyecto JOY Atlanta,,,Erik Avello,712020:9d91180a-22c7-4d43-9eab-97c8cf49ecbf,Alta,Equipo Resolutor Asignado,,19/jun/26 18:40,26/jun/26 09:12,
Incidente S4,IS4-4307,38717,Usuario solicita una mejora en el RPA con el proyecto JOY Nacional,,,Erik Avello,712020:9d91180a-22c7-4d43-9eab-97c8cf49ecbf,Alta,Equipo Resolutor Asignado,,19/jun/26 18:42,26/jun/26 09:12,
Incidente,INC-9871,38742,Mensaje de expiracion de periodo de prueba ignition al intentar abrir o iniciar sesion en el HMI,Nicolas Ignacio Lobos Muñoz,712020:231572bf-d0c7-4e49-bbe3-989381fb5348,Jair Stiven Méndez Baquero,712020:66e4c6db-2ecc-4e66-bfc2-850cc8894432,Alta,Validación del usuario,,20/jun/26 06:55,20/jun/26 10:21,
Incidente,INC-9888,38760,Pesaje por ejes - no lee las patentes y no permite dar entrada y salida de camiones ,Felipe Andres Jeria Rodriguez,712020:f0d4df3d-4510-4e4a-be63-7258c31884e1,Nicolas Prieto Camelo,712020:3f87e7d5-1b59-45ae-9674-027e748fb844,Alta,Validación del usuario,,20/jun/26 09:34,22/jun/26 13:29,
Incidente,INC-9895,38769,Usuario presenta caída de internet en toda la sucursal de Curicó,Javier Esteban Castillo Jara,712020:1cf8bc7f-946e-4e1e-84b6-962e0924cd76,Alejandro Enrique Gonzalez Bracho,712020:2a91d042-9782-44ad-8944-fe1523f3889d,Alta,Validación del usuario,,20/jun/26 12:43,20/jun/26 13:21,
Incidente S4,IS4-4316,38777,Re: IS4-4311 transporte pendiente de recepción ,,,Diego Armando Marin Rojas,712020:95ce82a6-4b7b-4b95-8c1e-b05f27f83f9f,Alta,Creado,,20/jun/26 19:37,20/jun/26 19:37,
Incidente,INC-9936,38815,problemas de conexion,Felipe Andres Jeria Rodriguez,712020:f0d4df3d-4510-4e4a-be63-7258c31884e1,Jhonny Torres N,712020:3cecf351-efbc-43f7-8cdc-ccc90034c4a0,Alta,Validación del usuario,,22/jun/26 07:51,22/jun/26 13:27,
Incidente AMS,AMS-937,38850,Usuario llama para solicitar eliminar la carga del plan semanal del sector cerdo,,,Alejandro Enrique Gonzalez Bracho,712020:2a91d042-9782-44ad-8944-fe1523f3889d,Alta,Cancelado,,22/jun/26 09:34,24/jun/26 09:07,
Incidente,INC-9970,38852,revisión de equipo por fallos de rendimiento,Victor Manuel Currieco Marillan,712020:6499dafd-420b-45b4-8f3a-35c37c05a5c8,Erik Avello,712020:9d91180a-22c7-4d43-9eab-97c8cf49ecbf,Alta,Validación del usuario,,22/jun/26 09:39,26/jun/26 10:42,
Incidente,INC-9976,38859,Problemas equipo,Victor Manuel Currieco Marillan,712020:6499dafd-420b-45b4-8f3a-35c37c05a5c8,Leidy Tatiana León Lizcano,712020:7c332f1c-beea-4c36-850d-a4bebe955356,Alta,Validación del usuario,,22/jun/26 09:55,23/jun/26 09:21,
Incidente,INC-9979,38862,duplicados SAP,Claudio Daniel Figueroa Galaz,712020:c4952005-61dc-490c-8f66-552e4dbc4dcd,Jhonny Torres N,712020:3cecf351-efbc-43f7-8cdc-ccc90034c4a0,Alta,Validación del usuario,,22/jun/26 09:57,22/jun/26 11:08,
Incidente S4,IS4-4323,38871,RE: IS4-4267 Problema con transacción ZLET_MANT_ETIQUETAS - Mantenedor ZLE_ETIQUETAS ,,,Nicolas Ignacio Lizana Saez,62e170f63780798663d0a170,Alta,Creado,,22/jun/26 10:11,22/jun/26 10:11,
Incidente,INC-9995,38885,Credenciales expiradas ,Marcelo Patricio Celis Retamal,712020:077cd782-bf12-45d5-81ef-952c99739577,Franco Guinez A,712020:a3795c3a-aa5f-4cea-8071-60172591b157,Alta,Validación del usuario,,22/jun/26 10:35,22/jun/26 15:26,
Incidente S4,IS4-4325,38892,homologación de cuenta uriadi,,,Erik Avello,712020:9d91180a-22c7-4d43-9eab-97c8cf49ecbf,Alta,Creado,,22/jun/26 10:42,22/jun/26 10:42,
Incidente,INC-10002,38897,pantalla sin internet,Benjamin Nicolas Vidal Caroca,712020:2062d08e-0238-40d5-a11c-67396d81019b,Karoline Yised Lasso Torres,712020:172259ea-a77e-46f6-af04-a5c338f112f8,Alta,Validación del usuario,,22/jun/26 10:52,22/jun/26 13:35,
Incidente,INC-10015,38933,Equipo productivo sin red,Aldo Rodrigo Gonzalez Contreras,712020:444ef87b-e384-47e4-b76a-52abffc021d9,Erik Avello,712020:9d91180a-22c7-4d43-9eab-97c8cf49ecbf,Alta,Validación del usuario,,22/jun/26 12:07,03/ago/26 11:53,
Incidente,INC-10027,38945,Usuario solicita revision de equipo,Fernando Esteban Fuentes Morales,712020:fe5bcc67-ea2e-4406-b5b9-58211a6e5c8b,Alejandro Enrique Gonzalez Bracho,712020:2a91d042-9782-44ad-8944-fe1523f3889d,Alta,Validación del usuario,,22/jun/26 12:40,22/jun/26 14:18,
Incidente S4,IS4-4343,38956,RE: IS4-4243 Solicitud de Homologación por reemplazo por vacaciones,,,Catalina Castellon Lazcano,712020:0cc57e53-36c0-4339-adbc-8e8bbd608569,Alta,Creado,,22/jun/26 13:16,22/jun/26 13:16,
Incidente,INC-10051,38986,Error al realizar consulta en Legacy,Jonathan Andres Navarro Azocar,712020:a5042667-d0d7-4571-b766-9934e56fa4cb,Alejandro Enrique Gonzalez Bracho,712020:2a91d042-9782-44ad-8944-fe1523f3889d,Alta,Validación del usuario,,22/jun/26 15:07,22/jun/26 17:13,
Incidente AMS,AMS-955,38989,No puedo realizar la recepcion,,,Osler Duverseau -,712020:ef58147a-230c-449a-833d-c5d0a8d984e3,Alta,Cancelado,,22/jun/26 15:15,26/jun/26 14:37,
Incidente AMS,AMS-956,39005,Usuario imprimió nota de crédito por error 2 veces,,,Erik Avello,712020:9d91180a-22c7-4d43-9eab-97c8cf49ecbf,Alta,Cancelado,,22/jun/26 15:46,23/jun/26 12:15,
Incidente S4,IS4-4352,39015,RE: Información adicional Incidente IS4-4154,,,Juan Pablo Carvajal Oyarzun,6323085f55a96b85c31252c2,Alta,Creado,,22/jun/26 15:56,22/jun/26 15:56,
Incidente,INC-10085,39034,RPA sesiones DTE,,,Erik Avello,712020:9d91180a-22c7-4d43-9eab-97c8cf49ecbf,Alta,Equipo Asignado,,22/jun/26 16:21,22/jun/26 16:22,
Incidente AMS,AMS-960,39044,Usuario presenta problemas para contabilizar NC 973352425,,,Alejandro Enrique Gonzalez Bracho,712020:2a91d042-9782-44ad-8944-fe1523f3889d,Alta,Cancelado,,22/jun/26 16:41,23/jun/26 09:13,
Incidente S4,IS4-4362,39051,Diferencia de kilos entre reporte recepcion vivo vs reporte rendimiento faena,Francisco Javier Meneses Labatut,712020:25b1599a-7d16-430d-9304-bd0a59164714,Gadiel Gonzalez,712020:515d9b01-dfa2-4fd2-8451-74e7382988f7,Alta,Validación del usuario,,22/jun/26 17:21,24/ago/26 15:38,
Incidente,INC-10097,39057,MONITOREO - Caida Enlace Movistar Antofagasta,Felipe Andres Jeria Rodriguez,712020:f0d4df3d-4510-4e4a-be63-7258c31884e1,Matías Rafael Donoso Jiménez,712020:447c3261-7861-432f-9a7f-90c291135e15,Alta,Validación del usuario,,22/jun/26 17:53,23/jun/26 10:09,
Incidente,INC-10099,39059, MONITOREO - Caida Enlace Entel Pta Arenas,Felipe Andres Jeria Rodriguez,712020:f0d4df3d-4510-4e4a-be63-7258c31884e1,Matías Rafael Donoso Jiménez,712020:447c3261-7861-432f-9a7f-90c291135e15,Alta,Validación del usuario,,22/jun/26 18:10,31/jul/26 10:32,
Incidente AMS,AMS-963,39088,Dejar UMP 100000000046253417   / 100000000046240630 en centro p029 ,,,Coordinadores de Despacho,712020:986220e7-3e6e-41d9-aea3-c2226f535cdf,Alta,Cancelado,,23/jun/26 04:36,23/jun/26 23:02,
Incidente,INC-10123,39092,Problema en HMI en Planta la Estrella,,,Sebastian Latife,712020:523fdaee-0def-45cd-99d0-88abc4b3104d,Alta,Validación del usuario,,23/jun/26 07:53,28/jul/26 13:38,
Incidente S4,IS4-4374,39096,Problema con Picking TX ZPR_SD_PCKOOII y pedido 0040583505,Angie Espinoza,712020:d2d363d3-b9ac-47bf-923a-f89eb5887a5d,Diego Ignacio Carvajal Carrasco,712020:8acc2299-b4bc-4914-be54-fb7b970e6663,Alta,Esperando por el usuario,,23/jun/26 08:22,03/sep/26 11:45,
Incidente,INC-10139,39120,"usuario necesita asistencia con drive, no sincroniza",Fernando Esteban Fuentes Morales,712020:fe5bcc67-ea2e-4406-b5b9-58211a6e5c8b,Erik Avello,712020:9d91180a-22c7-4d43-9eab-97c8cf49ecbf,Alta,Validación del usuario,,23/jun/26 09:36,23/jun/26 14:06,
Incidente AMS,AMS-968,39128,ingresar una guía de alimento,Sebastian Suazo,712020:6b2b9a90-6b38-4d05-ae00-17b744f21325,Jhonny Torres N,712020:3cecf351-efbc-43f7-8cdc-ccc90034c4a0,Alta,Validación del usuario,,23/jun/26 10:01,23/jun/26 10:18,
Incidente AMS,AMS-970,39141,Usuario reporta que en sistema despacho grupo13 presentan error para asignar un corral.,,,Alejandro Enrique Gonzalez Bracho,712020:2a91d042-9782-44ad-8944-fe1523f3889d,Alta,Cancelado,,23/jun/26 10:44,23/jun/26 15:00,
Incidente,INC-10148,39142,Enlace GTD Lo Espejo,Felipe Andres Jeria Rodriguez,712020:f0d4df3d-4510-4e4a-be63-7258c31884e1,Luis Nibaldo Bustos Arriagada,712020:164a2568-3825-4854-b34b-12934469c8eb,Alta,Validación del usuario,,23/jun/26 10:50,23/jun/26 15:16,
Incidente,INC-10153,39149,EQUIPO NOTEBOOK NO ENCIENDE,Jonathan Andres Navarro Azocar,712020:a5042667-d0d7-4571-b766-9934e56fa4cb,Ivette Sepulveda B,712020:563aa2d0-0127-4b79-a108-c061e76eb239,Alta,Validación del usuario,,23/jun/26 11:03,23/jun/26 12:19,
Incidente,INC-10155,39154,revisión de antenas conéctate,Felipe Andres Jeria Rodriguez,712020:f0d4df3d-4510-4e4a-be63-7258c31884e1,Erik Avello,712020:9d91180a-22c7-4d43-9eab-97c8cf49ecbf,Alta,Validación del usuario,,23/jun/26 11:23,14/jul/26 09:33,
Incidente,INC-10168,39175,RE: Se ha creado el requerimiento IS4-4394,,,Jessica Cerda Clavero,712020:39f47428-3017-4ee8-9485-288767a9328f,Alta,Creado,,23/jun/26 12:18,23/jun/26 12:18,
Incidente S4,IS4-4399,39184,RE: IS4-4243 Solicitud de Homologación por reemplazo por vacaciones,,,Catalina Castellon Lazcano,712020:0cc57e53-36c0-4339-adbc-8e8bbd608569,Alta,Creado,,23/jun/26 12:34,23/jun/26 12:34,
Incidente AMS,AMS-976,39199,Se necesita modificar Folios,,,Franco Guinez A,712020:a3795c3a-aa5f-4cea-8071-60172591b157,Alta,Cancelado,,23/jun/26 13:04,24/jun/26 09:07,
Incidente,INC-10181,39201,IMPRESORA DESCONFIGURADA,Victor Manuel Currieco Marillan,712020:6499dafd-420b-45b4-8f3a-35c37c05a5c8,Ivette Sepulveda B,712020:563aa2d0-0127-4b79-a108-c061e76eb239,Alta,Validación del usuario,,23/jun/26 13:11,23/jun/26 15:56,
Incidente S4,IS4-4403,39205,Solicitud cambio de Motivos,Ruby del Carmen Troncoso Paillaleo,70121:b734ef72-dcc1-4ae2-a85b-464c97fad9e6,Consuelo Lyan Moreno Aguilar,712020:1c8dc022-6e71-4fa5-9834-ca4d245a3dda,Alta,Resolución del Incidente,,23/jun/26 13:18,19/ago/26 12:14,
Incidente,INC-10205,39239,Error en SAP,Jonathan Andres Navarro Azocar,712020:a5042667-d0d7-4571-b766-9934e56fa4cb,Karoline Yised Lasso Torres,712020:172259ea-a77e-46f6-af04-a5c338f112f8,Alta,Validación del usuario,,23/jun/26 15:41,23/jun/26 17:09,
Incidente,INC-10207,39244,Pantalla Rota,Javier Alejandro Gonzalez Abarca,712020:9fc9fa65-2e7a-4d4c-9ba5-288f12754593,Jhonny Torres N,712020:3cecf351-efbc-43f7-8cdc-ccc90034c4a0,Alta,Validación del usuario,,23/jun/26 15:52,23/jun/26 17:19,
Incidente,INC-10211,39252,Equipo no enciende,Jonathan Andres Navarro Azocar,712020:a5042667-d0d7-4571-b766-9934e56fa4cb,Jhonny Torres N,712020:3cecf351-efbc-43f7-8cdc-ccc90034c4a0,Alta,Validación del usuario,,23/jun/26 16:15,25/jun/26 15:15,
Incidente,INC-10212,39253,ERROR CARGA DISTRIBUCCION 88 - SAP LOGON,Enzo Sebastian Osorio Tiznado,712020:bdc566f5-eb54-4451-8fc0-407773ddbcaa,Ivette Sepulveda B,712020:563aa2d0-0127-4b79-a108-c061e76eb239,Alta,Validación del usuario,,23/jun/26 16:17,24/jun/26 10:04,
Incidente AMS,AMS-980,39255,Usuario Alejandra Orozco solicita corregir el promedio de la semana 1 de la duración de alimentos,Brayan Dario Guarnizo Celis,712020:3e04b4d9-d3d5-460e-8c1e-71260f00b901,Alejandro Enrique Gonzalez Bracho,712020:2a91d042-9782-44ad-8944-fe1523f3889d,Alta,Validación del usuario,,23/jun/26 16:22,15/jul/26 10:30,
Incidente,INC-10228,39275,El equipo del sector (Pollos/Mostazal/Lomas Norte) esta presentando problemas de rendimiento al encender,Fernando Esteban Fuentes Morales,712020:fe5bcc67-ea2e-4406-b5b9-58211a6e5c8b,Jair Stiven Méndez Baquero,712020:66e4c6db-2ecc-4e66-bfc2-850cc8894432,Alta,Validación del usuario,,23/jun/26 16:56,23/jun/26 17:23,
Incidente S4,IS4-4425,39288,RE: IS4-4373 Folio ocupado,,,Lorenzo Francisco Campos Quiroz,712020:6a55b690-c28c-4d8f-8822-832b0b0bcba4,Alta,Creado,,23/jun/26 17:26,02/jul/26 11:33,
Incidente AMS,AMS-982,39296,No puedo realizar la recepcion,,,Osler Duverseau -,712020:ef58147a-230c-449a-833d-c5d0a8d984e3,Alta,Cancelado,,23/jun/26 18:13,26/jun/26 14:37,
Incidente,INC-10267,39341,Problemas con conéctate crianza cerdos,,,Evelyn Pozo M,712020:8120de32-7eac-45d7-b464-84865a422b01,Alta,Equipo Asignado,,24/jun/26 08:16,24/jun/26 08:38,
Incidente,INC-10275,39351,Sistema de barerra sin conexion,Carlos Alberto Pavez Diaz,712020:07f89943-bb5b-4b7c-a927-9777b941f3cb,Franco Guinez A,712020:a3795c3a-aa5f-4cea-8071-60172591b157,Alta,Validación del usuario,,24/jun/26 08:47,30/jul/26 17:24,
Incidente AMS,AMS-989,39368,cambiar estado de gestante a repetidora,Diego Flores,712020:314bedea-6181-4d50-97d5-e114b8742d38,Karoline Yised Lasso Torres,712020:172259ea-a77e-46f6-af04-a5c338f112f8,Alta,Validación del usuario,,24/jun/26 09:36,26/jun/26 15:44,
Incidente,INC-10296,39387,lentitud en las etiquetas,Guillermo Andres Benavides  Farias,712020:fb05db58-0e87-4d5f-b8ef-019907a66fdc,Karoline Yised Lasso Torres,712020:172259ea-a77e-46f6-af04-a5c338f112f8,Alta,Validación del usuario,,24/jun/26 10:41,14/ago/26 16:38,
Incidente S4,IS4-4447,39396,Re: IS4-4401 ticket réplica IS4-2457,,,Jorge Salazar Godoy,712020:ae27795e-1551-4c45-908a-493098ce1802,Alta,Creado,,24/jun/26 11:00,24/jun/26 11:00,
Incidente,INC-10316,39420,Actualización de correo empresarial en información básica ,DANILO ESTEBAN Rodriguez Leiva,637297188fd2d2d5f12bc7aa,Karoline Yised Lasso Torres,712020:172259ea-a77e-46f6-af04-a5c338f112f8,Alta,Validación del usuario,,24/jun/26 11:52,24/jun/26 17:58,
Incidente,INC-10332,39438,Usuario informa que no puede recibir citas de reuniones via Teams ni Correo,Marcelo Patricio Celis Retamal,712020:077cd782-bf12-45d5-81ef-952c99739577,Alejandro Enrique Gonzalez Bracho,712020:2a91d042-9782-44ad-8944-fe1523f3889d,Alta,Resuelto,,24/jun/26 12:55,25/jun/26 16:26,
Incidente S4,IS4-4458,39448,RE: Información adicional Incidente IS4-3993,,,Yesenia Beatriz Oliveros Bocaranda,712020:9aae2313-c659-4f79-bb50-ca7d77361334,Alta,Creado,,24/jun/26 13:30,24/jun/26 13:30,
Incidente,INC-10383,39502,revision boca de switch,Aldo Rodrigo Gonzalez Contreras,712020:444ef87b-e384-47e4-b76a-52abffc021d9,Jhonny Torres N,712020:3cecf351-efbc-43f7-8cdc-ccc90034c4a0,Alta,Validación del usuario,,24/jun/26 15:32,03/ago/26 11:53,
Incidente,INC-10393,39515,Usuario presenta problemas posiblemente con la vigencia de los Tokens de los proyectos que están en Data Briks ,DANILO ESTEBAN Rodriguez Leiva,637297188fd2d2d5f12bc7aa,Alejandro Enrique Gonzalez Bracho,712020:2a91d042-9782-44ad-8944-fe1523f3889d,Alta,Validación del usuario,,24/jun/26 16:14,15/jul/26 15:41,
Incidente,INC-10410,39542,Cambiar IP a automática,Fernando Esteban Fuentes Morales,712020:fe5bcc67-ea2e-4406-b5b9-58211a6e5c8b,Endy Villasmil,712020:de760acd-5b27-4fc2-a4ea-e31854338f83,Alta,Validación del usuario,,24/jun/26 17:08,25/jun/26 08:10,
Incidente,INC-10414,39546,Enlace con Problemas  La Soledad 10 - Grupo 9 - Rubiana 3,Luis Nibaldo Bustos Arriagada,712020:164a2568-3825-4854-b34b-12934469c8eb,Luis Nibaldo Bustos Arriagada,712020:164a2568-3825-4854-b34b-12934469c8eb,Alta,Validación del usuario,,24/jun/26 17:23,25/jun/26 10:49,
Incidente,INC-10436,39585,[Monitoreo] Caída enlace principal de Hijuelas,Felipe Andres Jeria Rodriguez,712020:f0d4df3d-4510-4e4a-be63-7258c31884e1,Benjamín Reyes Aravena,712020:69f5cef6-164b-4af6-9971-75c05d019041,Alta,Validación del usuario,,25/jun/26 02:20,26/jun/26 16:24,
Incidente,INC-10440,39595,[Monitoreo] Caída de enlaces Proveedor Dimabe.,Aldo Rodrigo Gonzalez Contreras,712020:444ef87b-e384-47e4-b76a-52abffc021d9,Benjamín Reyes Aravena,712020:69f5cef6-164b-4af6-9971-75c05d019041,Alta,Validación del usuario,,25/jun/26 05:54,03/ago/26 11:53,
Incidente AMS,AMS-1002,39601,Asociar Folio a documento ,,,Franco Guinez A,712020:a3795c3a-aa5f-4cea-8071-60172591b157,Alta,Cancelado,,25/jun/26 07:37,26/jun/26 09:23,
Incidente AMS,AMS-1006,39634,"Aparición de órdenes de procesos ""sin adicionados""",,,Erik Avello,712020:9d91180a-22c7-4d43-9eab-97c8cf49ecbf,Alta,Cancelado,,25/jun/26 09:35,26/jun/26 09:25,
Incidente AMS,AMS-1007,39644,Quitar el folio fiscal ,,,Franco Guinez A,712020:a3795c3a-aa5f-4cea-8071-60172591b157,Alta,Cancelado,,25/jun/26 10:02,26/jun/26 09:25,
Incidente,INC-10471,39648,RE: Se ha creado el requerimiento AMS-987,,,Alejandro Hernando Caroca Huerta,712020:02be0956-88a7-409c-a89b-94cb4c2c6282,Alta,Creado,,25/jun/26 10:16,26/jun/26 08:45,
Incidente,INC-10475,39652,Faenadora La Calera - Enlace GTD sin servicio,Felipe Andres Jeria Rodriguez,712020:f0d4df3d-4510-4e4a-be63-7258c31884e1,Jonathan Ivo Milenko Carrasco Piña,712020:5ac2a5cf-ca53-47f2-9c59-4d37b2d42f65,Alta,Validación del usuario,,25/jun/26 10:24,26/jun/26 21:44,
Incidente AMS,AMS-1008,39653,Usuario solicita regularizar algunos pedidos de Call Center que están naciendo boqueados por crédito,,,Alejandro Enrique Gonzalez Bracho,712020:2a91d042-9782-44ad-8944-fe1523f3889d,Alta,Cancelado,,25/jun/26 10:26,26/jun/26 09:24,
Incidente,INC-10482,39660,Solicitud de habilitación acceso a Concur,,,Maximiliano Elias Oyarzun Contalva,712020:ee0b0ac5-b274-4754-a238-c0587b74a77d,Alta,Creado,,25/jun/26 10:43,25/jun/26 10:43,
Incidente AMS,AMS-1009,39669,Usuario solicita regularizar todas las tarjetas de las hembras están apareciendo con el sello de agua “R”,Sebastian Suazo,712020:6b2b9a90-6b38-4d05-ae00-17b744f21325,Alejandro Enrique Gonzalez Bracho,712020:2a91d042-9782-44ad-8944-fe1523f3889d,Alta,Validación del usuario,,25/jun/26 10:55,25/jun/26 16:12,
Incidente AMS,AMS-1011,39684,pedidos bloqueados,,,Karoline Yised Lasso Torres,712020:172259ea-a77e-46f6-af04-a5c338f112f8,Alta,Cancelado,,25/jun/26 11:41,26/jun/26 09:27,
Incidente,INC-10500,39697,Banco de Baterias UPS - SOC (% de Carga) en 30%,Marco Antonio Bozo Miranda,712020:e8d61fa0-6455-4252-9da6-60ad28970f7b,Jonathan Ivo Milenko Carrasco Piña,712020:5ac2a5cf-ca53-47f2-9c59-4d37b2d42f65,Alta,Validación del usuario,,25/jun/26 12:25,24/jul/26 16:59,
Incidente AMS,AMS-1016,39711,cayó mal el descarte desde SAP a legacy,Diego Flores,712020:314bedea-6181-4d50-97d5-e114b8742d38,Karoline Yised Lasso Torres,712020:172259ea-a77e-46f6-af04-a5c338f112f8,Alta,Validación del usuario,,25/jun/26 13:13,26/jun/26 09:42,
Incidente,INC-10517,39732,RE: INC-10485 red industrial con problemas,,,Javier Esteban Castillo Jara,712020:1cf8bc7f-946e-4e1e-84b6-962e0924cd76,Alta,Creado,,25/jun/26 14:34,25/jun/26 14:34,
Incidente,INC-10523,39744,Revision equipo,Francisco Dario Guzman Jimenez,712020:ca5f4f7a-9ba3-4bb0-9ee8-984c1f220411,Leidy Tatiana León Lizcano,712020:7c332f1c-beea-4c36-850d-a4bebe955356,Alta,Resuelto,,25/jun/26 15:25,30/jun/26 13:54,
Incidente,INC-10524,39747,RE: Se ha creado el requerimiento IS4-4514,,,Yierco Alejandro Pichincura Sepulveda,712020:00d80a3e-707a-4012-a3db-468269768290,Alta,Creado,,25/jun/26 15:33,25/jun/26 15:33,
Incidente,INC-10525,39749,RE: Se ha creado el requerimiento IS4-4514,,,Willians Sebastian Stevens Ulloa,712020:a82c0afe-9375-40bf-aa03-20ae357c9d42,Alta,Creado,,25/jun/26 15:37,25/jun/26 15:37,
Incidente S4,IS4-4523,39771,RE: IS4-4422 Usuario solicita acceso a la transaccion ZMCD010 en su usuario de SAP SPR (LVERGARAS),,,Carolina del Pilar Miranda Roman,712020:6a3def86-c7ef-40f0-ac05-43dae6c7db44,Alta,Creado,,25/jun/26 16:53,25/jun/26 16:53,
Incidente S4,IS4-4525,39777,RE: IS4-4422 Usuario solicita acceso a la transaccion ZMCD010 en su usuario de SAP SPR (LVERGARAS),,,Carolina del Pilar Miranda Roman,712020:6a3def86-c7ef-40f0-ac05-43dae6c7db44,Alta,Creado,,25/jun/26 17:33,25/jun/26 17:33,
Incidente S4,IS4-4526,39780,Realizar una mejora a un proyecto en productivo de mexico (JOY),,,Jair Stiven Méndez Baquero,712020:66e4c6db-2ecc-4e66-bfc2-850cc8894432,Alta,Equipo Resolutor Asignado,,25/jun/26 17:51,26/jun/26 09:11,
Incidente,INC-10547,39789,"Error al trabajar con documentos PDF o programas ADOBE , mensaje de error de ""licencia expirada en adobe acrobat""",Javier Alejandro Gonzalez Abarca,712020:9fc9fa65-2e7a-4d4c-9ba5-288f12754593,Jair Stiven Méndez Baquero,712020:66e4c6db-2ecc-4e66-bfc2-850cc8894432,Alta,Validación del usuario,,25/jun/26 18:44,26/jun/26 10:07,
Incidente S4,IS4-4529,39794,Re: Información adicional Incidente IS4-4522,,,Cristian Ramon Mella Jorquera,712020:9094d3a9-7a88-487e-a1a8-361c4b6304ce,Alta,Creado,,25/jun/26 20:15,25/jun/26 20:15,
Incidente S4,IS4-4531,39800,Re: Información adicional Incidente IS4-4522,,,Cristian Ramon Mella Jorquera,712020:9094d3a9-7a88-487e-a1a8-361c4b6304ce,Alta,Creado,,25/jun/26 21:18,25/jun/26 21:18,
Incidente S4,IS4-4537,39830,problema para ejecutar esta guía,,,Jhonny Torres N,712020:3cecf351-efbc-43f7-8cdc-ccc90034c4a0,Alta,Equipo Resolutor Asignado,,26/jun/26 09:11,06/jul/26 14:21,
Incidente,INC-10577,39836,RE: Se ha creado el requerimiento IS4-4538,,,Catalina Belen Sandoval Caro,712020:c7d9c2bf-418c-4b9f-8342-9df62124dce3,Alta,Creado,,26/jun/26 09:34,26/jun/26 09:34,
Incidente,INC-10611,39908,Buzon de correo lleno,Jacinth Andrew Cordova Marcano,712020:2cbd7839-f70b-4079-a0ca-3c26f66080aa,Franco Guinez A,712020:a3795c3a-aa5f-4cea-8071-60172591b157,Alta,Resuelto,,26/jun/26 13:03,07/ago/26 12:28,
Incidente AMS,AMS-1033,39912,eliminar tratamiento de baytril y gorban,Sebastian Suazo,712020:6b2b9a90-6b38-4d05-ae00-17b744f21325,Jhonny Torres N,712020:3cecf351-efbc-43f7-8cdc-ccc90034c4a0,Alta,Validación del usuario,,26/jun/26 13:27,26/jun/26 14:58,
Incidente S4,IS4-4555,39922,RE: Información adicional Incidente IS4-4546,,,Francisco Javier Castillo Soto,712020:bc402180-2913-42d3-a4b3-342e3fdbd28e,Alta,Creado,,26/jun/26 14:15,26/jun/26 14:15,
Incidente,INC-10621,39926,Se necesita revision de equipo telefonico,Benjamin Nicolas Vidal Caroca,712020:2062d08e-0238-40d5-a11c-67396d81019b,Franco Guinez A,712020:a3795c3a-aa5f-4cea-8071-60172591b157,Alta,Validación del usuario,,26/jun/26 14:26,26/jun/26 14:55,
Incidente S4,IS4-4556,39930,Solicitud de revision de la transferencia de gasto,Franco Guinez A,712020:a3795c3a-aa5f-4cea-8071-60172591b157,Franco Guinez A,712020:a3795c3a-aa5f-4cea-8071-60172591b157,Alta,Documentación Incidente,,26/jun/26 14:39,12/ago/26 17:00,
Incidente AMS,AMS-1035,39946,Fecha de parto equivocada,Diego Flores,712020:314bedea-6181-4d50-97d5-e114b8742d38,Franco Guinez A,712020:a3795c3a-aa5f-4cea-8071-60172591b157,Alta,Validación del usuario,,26/jun/26 15:03,26/jun/26 15:41,
Incidente AMS,AMS-1036,39947,hembra hay que sacarla del 30% de celo y ponerla en monta,Sebastian Suazo,712020:6b2b9a90-6b38-4d05-ae00-17b744f21325,Franco Guinez A,712020:a3795c3a-aa5f-4cea-8071-60172591b157,Alta,Validación del usuario,,26/jun/26 15:04,26/jun/26 15:52,
Incidente,INC-10636,39949,usuaria necesita revisión de equipo por fallos de rendimiento,Fernando Esteban Fuentes Morales,712020:fe5bcc67-ea2e-4406-b5b9-58211a6e5c8b,Erik Avello,712020:9d91180a-22c7-4d43-9eab-97c8cf49ecbf,Alta,Validación del usuario,,26/jun/26 15:10,26/jun/26 16:29,
Incidente,INC-10641,39956,PROBLEMAS CON EQUIPO,Jonathan Andres Navarro Azocar,712020:a5042667-d0d7-4571-b766-9934e56fa4cb,Ivette Sepulveda B,712020:563aa2d0-0127-4b79-a108-c061e76eb239,Alta,Validación del usuario,,26/jun/26 15:25,26/jun/26 16:15,
Incidente S4,IS4-4573,40001,"[SAP IBP] URGENTE: Incoherencia de cálculos en ratios, alteración en mes de junio y pérdida de datos históricos (mayo hacia atrás)",,,Karol Dayanna Palomino Serrano,712020:e4df31f3-cc17-4db7-b128-efd436a7f3c9,Alta,Equipo Resolutor Asignado,,26/jun/26 17:37,02/jul/26 12:25,
Incidente,INC-10670,40005,Juan Carlos Urbina - requerimiento IS4-4575,,,Juan Carlos Urbina Albornoz,712020:64ce3de9-cfa4-4c9e-95bb-a1fa67a44c21,Alta,Creado,,26/jun/26 17:55,26/jun/26 17:55,
Incidente,INC-10702,40045,[Monitoreo] Caída de enlaces Proveedor CS.,Felipe Andres Jeria Rodriguez,712020:f0d4df3d-4510-4e4a-be63-7258c31884e1,Benjamín Reyes Aravena,712020:69f5cef6-164b-4af6-9971-75c05d019041,Alta,Validación del usuario,,27/jun/26 06:30,31/jul/26 10:32,
Incidente,INC-10713,40056,Apagon equipo,Marcelo Enrique Molina Gonzalez,712020:6ff29a06-6a09-4d45-8fa6-b2455efeaf8c,Leidy Tatiana León Lizcano,712020:7c332f1c-beea-4c36-850d-a4bebe955356,Alta,Resuelto,,27/jun/26 09:35,30/jun/26 11:17,
Incidente,INC-10730,40075,Intermitencia internet,Felipe Andres Jeria Rodriguez,712020:f0d4df3d-4510-4e4a-be63-7258c31884e1,Leidy Tatiana León Lizcano,712020:7c332f1c-beea-4c36-850d-a4bebe955356,Alta,Validación del usuario,,27/jun/26 15:43,14/jul/26 09:33,
Incidente,INC-10735,40082,Monitoreo - Caída de enlace (Portería la Soledad),Felipe Andres Jeria Rodriguez,712020:f0d4df3d-4510-4e4a-be63-7258c31884e1,Bastian González M,712020:9607098c-323a-4de8-a44a-9176793df19d,Alta,Validación del usuario,,27/jun/26 23:07,14/jul/26 09:32,
Incidente,INC-10736,40083,Monitoreo - Caída de enlace (Castillo 8 - Aves),Felipe Andres Jeria Rodriguez,712020:f0d4df3d-4510-4e4a-be63-7258c31884e1,Bastian González M,712020:9607098c-323a-4de8-a44a-9176793df19d,Alta,Validación del usuario,,27/jun/26 23:08,14/jul/26 09:32,
Incidente AMS,AMS-1043,40089,Error al registrar información en módulo de información diaria en legacy aves.,Brayan Dario Guarnizo Celis,712020:3e04b4d9-d3d5-460e-8c1e-71260f00b901,Evelyn Pozo M,712020:8120de32-7eac-45d7-b464-84865a422b01,Alta,Validación del usuario,,28/jun/26 07:39,01/jul/26 09:25,
Incidente,INC-10741,40091,Problemas con pistola,Victor Manuel Currieco Marillan,712020:6499dafd-420b-45b4-8f3a-35c37c05a5c8,Leidy Tatiana León Lizcano,712020:7c332f1c-beea-4c36-850d-a4bebe955356,Alta,Resuelto,,28/jun/26 11:22,30/jun/26 10:55,
Incidente AMS,AMS-1044,40092,Problema en legacy,Crhistopher Sepulveda Gomez,712020:13f39121-e6b4-4cda-a566-699f9a1d5cfd,Leidy Tatiana León Lizcano,712020:7c332f1c-beea-4c36-850d-a4bebe955356,Alta,Validación del usuario,,28/jun/26 12:04,30/jun/26 10:35,
Incidente,INC-10759,40120,RE: Se ha creado el requerimiento AMS-1048,,,Grupo 6 Cerdos Reprod,712020:eb271fbd-1b78-4a7a-a362-a9b5300aeb26,Alta,Creado,,29/jun/26 10:14,30/jun/26 09:45,
Incidente,INC-10760,40122,Bloqueo total de estación de trabajo por falta de espacio en disco duro – (Cerdos Rancagua / Grupo 6),Benjamin Nicolas Vidal Caroca,712020:2062d08e-0238-40d5-a11c-67396d81019b,Karol Dayanna Palomino Serrano,712020:e4df31f3-cc17-4db7-b128-efd436a7f3c9,Alta,Validación del usuario,,29/jun/26 11:00,30/jun/26 09:34,
Incidente,INC-10769,40135,solicitud de credenciales para sistema teamveawer,Benjamin Nicolas Vidal Caroca,712020:2062d08e-0238-40d5-a11c-67396d81019b,Jair Stiven Méndez Baquero,712020:66e4c6db-2ecc-4e66-bfc2-850cc8894432,Alta,Validación del usuario,,29/jun/26 14:46,30/jun/26 09:06,
Incidente,INC-10771,40137,Tiene el correo lleno y no puede eliminar correos (bdlopez@agrosuper.com),Patrick Boris Abnet Muñoz  Molina,712020:ac944e1e-85dd-4869-b78d-ba8112bb7484,Jair Stiven Méndez Baquero,712020:66e4c6db-2ecc-4e66-bfc2-850cc8894432,Alta,Validación del usuario,,29/jun/26 15:25,30/jun/26 17:21,
Incidente AMS,AMS-1055,40140,[LEGACY] CRÍTICO - Error de ejecución ODBC Oracle en 'Acceso al Sistema de Aves' bloquea creación de días – Joaquín Meza (Huaquén),Brayan Dario Guarnizo Celis,712020:3e04b4d9-d3d5-460e-8c1e-71260f00b901,Karol Dayanna Palomino Serrano,712020:e4df31f3-cc17-4db7-b128-efd436a7f3c9,Alta,Validación del usuario,,29/jun/26 16:33,01/jul/26 10:11,
Incidente AMS,AMS-1056,40141,Legacy - falla a la hora de ingresar informacion a los datos diarios ,Brayan Dario Guarnizo Celis,712020:3e04b4d9-d3d5-460e-8c1e-71260f00b901,Nicolas Prieto Camelo,712020:3f87e7d5-1b59-45ae-9674-027e748fb844,Alta,Validación del usuario,,29/jun/26 16:38,01/jul/26 10:28,
Incidente,INC-10776,40145,HMI - sistemas de dosificación y paletizado se encuentran caidos ,Patrick Boris Abnet Muñoz  Molina,712020:ac944e1e-85dd-4869-b78d-ba8112bb7484,Nicolas Prieto Camelo,712020:3f87e7d5-1b59-45ae-9674-027e748fb844,Alta,Validación del usuario,,29/jun/26 18:37,29/jun/26 20:23,
Incidente,INC-10791,40160,Monitoreo - sectores sin servicio de internet | Netland,Kevin Alexis Maldonado Muñoz,712020:c8eacfb5-650a-4c88-857f-2414a8f12044,Franco Guinez A,712020:a3795c3a-aa5f-4cea-8071-60172591b157,Alta,Validación del usuario,,30/jun/26 04:44,01/jul/26 10:52,
Incidente,INC-10792,40161,Monitoreo - sectores sin servicio de internet | Dimabe,Kevin Alexis Maldonado Muñoz,712020:c8eacfb5-650a-4c88-857f-2414a8f12044,Franco Guinez A,712020:a3795c3a-aa5f-4cea-8071-60172591b157,Alta,Validación del usuario,,30/jun/26 04:46,01/jul/26 10:53,
Incidente,INC-10812,40189,error en tiempo de ejecución legacy,Fernando Esteban Fuentes Morales,712020:fe5bcc67-ea2e-4406-b5b9-58211a6e5c8b,Erik Avello,712020:9d91180a-22c7-4d43-9eab-97c8cf49ecbf,Alta,Validación del usuario,,30/jun/26 08:34,30/jun/26 09:38,
Incidente,INC-10819,40197,Problemas correo,Benjamin Nicolas Vidal Caroca,712020:2062d08e-0238-40d5-a11c-67396d81019b,Leidy Tatiana León Lizcano,712020:7c332f1c-beea-4c36-850d-a4bebe955356,Alta,Validación del usuario,,30/jun/26 08:46,01/jul/26 09:45,
Incidente,INC-10820,40199,[CUENTAS / AD] Bloqueo de inicio de sesión local en equipo tras actualización de credenciales,Javier Alejandro Gonzalez Abarca,712020:9fc9fa65-2e7a-4d4c-9ba5-288f12754593,Karol Dayanna Palomino Serrano,712020:e4df31f3-cc17-4db7-b128-efd436a7f3c9,Alta,Validación del usuario,,30/jun/26 08:49,30/jun/26 10:15,
Incidente,INC-10821,40200,computador no carga,Victor Manuel Currieco Marillan,712020:6499dafd-420b-45b4-8f3a-35c37c05a5c8,Erik Avello,712020:9d91180a-22c7-4d43-9eab-97c8cf49ecbf,Alta,Resuelto,,30/jun/26 08:50,30/jun/26 10:46,
Incidente,INC-10826,40205,RE: Juan Carlos Urbina - requerimiento IS4-4575,,,Alexandra Catalina Jerez Arce,712020:faf68302-df2e-478a-a7be-04a2085ed0a7,Alta,Creado,,30/jun/26 09:00,30/jun/26 09:00,
Incidente,INC-10827,40206,fallos con id en gdelite,Benjamin Nicolas Vidal Caroca,712020:2062d08e-0238-40d5-a11c-67396d81019b,Erik Avello,712020:9d91180a-22c7-4d43-9eab-97c8cf49ecbf,Alta,Validación del usuario,,30/jun/26 09:02,30/jun/26 14:47,
Incidente,INC-10847,40229,problemas correo,Fernando Esteban Fuentes Morales,712020:fe5bcc67-ea2e-4406-b5b9-58211a6e5c8b,Matías Rafael Donoso Jiménez,712020:447c3261-7861-432f-9a7f-90c291135e15,Alta,Validación del usuario,,30/jun/26 09:47,30/jun/26 15:01,
Incidente,INC-10862,40252,usuaria necesita reejecución de RPA,,,Erik Avello,712020:9d91180a-22c7-4d43-9eab-97c8cf49ecbf,Alta,Equipo Asignado,,30/jun/26 10:35,30/jun/26 10:35,
Incidente AMS,AMS-1061,40262,[SAP SPR] Error en MIGO (Mov. 551) impide contabilizar salida de mercancías – Alejandro Ayala (Planta San Vicente,,,Karol Dayanna Palomino Serrano,712020:e4df31f3-cc17-4db7-b128-efd436a7f3c9,Alta,Cancelado,,30/jun/26 10:56,01/jul/26 08:30,
Incidente,INC-10870,40266,fallo camaras barrera,Victor Manuel Currieco Marillan,712020:6499dafd-420b-45b4-8f3a-35c37c05a5c8,Matías Rafael Donoso Jiménez,712020:447c3261-7861-432f-9a7f-90c291135e15,Alta,Validación del usuario,,30/jun/26 11:02,01/jul/26 13:11,
Incidente AMS,AMS-1062,40272,eliminar datos tabla,,,Matías Rafael Donoso Jiménez,712020:447c3261-7861-432f-9a7f-90c291135e15,Alta,Cancelado,,30/jun/26 11:15,01/jul/26 08:31,
Incidente AMS,AMS-1063,40274,Cambio de lote,,,Leidy Tatiana León Lizcano,712020:7c332f1c-beea-4c36-850d-a4bebe955356,Alta,Cancelado,,30/jun/26 11:22,01/jul/26 08:31,
Incidente AMS,AMS-1064,40281,HUEVOS BOTADOS,Crhistopher Sepulveda Gomez,712020:13f39121-e6b4-4cda-a566-699f9a1d5cfd,Ivette Sepulveda B,712020:563aa2d0-0127-4b79-a108-c061e76eb239,Alta,Validación del usuario,,30/jun/26 11:36,30/jun/26 13:15,
Incidente S4,IS4-4612,40294,[SAP SPR] Error en MIGO (Mov. 551) impide contabilizar salida de mercancías – Alejandro Ayala (Planta San Vicente,,,Ivette Sepulveda B,712020:563aa2d0-0127-4b79-a108-c061e76eb239,Alta,Equipo Resolutor Asignado,,30/jun/26 12:02,03/jul/26 16:27,
Incidente AMS,AMS-1067,40298,Caso chequera WEB (Cliente 3200111275),,,Jair Stiven Méndez Baquero,712020:66e4c6db-2ecc-4e66-bfc2-850cc8894432,Alta,Cancelado,,30/jun/26 12:09,01/jul/26 08:36,
Incidente S4,IS4-4617,40304,RE: Información adicional Incidente IS4-4551,,,Katterin Valesca Santibañez Dinamarca,712020:d4e23237-beb5-41aa-b982-ede932fb0875,Alta,Creado,,30/jun/26 12:16,30/jun/26 12:16,
Incidente,INC-10900,40317,Problemas correo,Benjamin Nicolas Vidal Caroca,712020:2062d08e-0238-40d5-a11c-67396d81019b,Leidy Tatiana León Lizcano,712020:7c332f1c-beea-4c36-850d-a4bebe955356,Alta,Validación del usuario,,30/jun/26 12:58,30/jun/26 14:51,
Incidente,INC-10901,40318,Problemas al Actualizar SAP Logon con Mi Info Ti,Fernando Esteban Fuentes Morales,712020:fe5bcc67-ea2e-4406-b5b9-58211a6e5c8b,Bastian González M,712020:9607098c-323a-4de8-a44a-9176793df19d,Alta,Validación del usuario,,30/jun/26 13:04,01/jul/26 11:59,
Incidente AMS,AMS-1069,40333,caja 0,,,Matías Rafael Donoso Jiménez,712020:447c3261-7861-432f-9a7f-90c291135e15,Alta,Cancelado,,30/jun/26 13:54,01/jul/26 08:35,
Incidente,INC-10916,40342,PROBLEMAS CON CPU LOS CHINOS,Benjamin Nicolas Vidal Caroca,712020:2062d08e-0238-40d5-a11c-67396d81019b,Ivette Sepulveda B,712020:563aa2d0-0127-4b79-a108-c061e76eb239,Alta,Validación del usuario,,30/jun/26 14:29,31/jul/26 15:44,
Incidente,INC-10927,40357,[TECNOANDINA] - Falla total en generación de datos de consumo de agua en los 32 Pabellones,Jonathan Ivo Milenko Carrasco Piña,712020:5ac2a5cf-ca53-47f2-9c59-4d37b2d42f65,Karol Dayanna Palomino Serrano,712020:e4df31f3-cc17-4db7-b128-efd436a7f3c9,Alta,Validación del usuario,,30/jun/26 15:18,09/sep/26 14:35,
Incidente AMS,AMS-1074,40362,PROBLEMAS CON POSTURAS,Diego Flores,712020:314bedea-6181-4d50-97d5-e114b8742d38,Ivette Sepulveda B,712020:563aa2d0-0127-4b79-a108-c061e76eb239,Alta,Validación del usuario,,30/jun/26 15:27,07/jul/26 09:37,
Incidente AMS,AMS-1075,40365,Folio de guia,,,Leidy Tatiana León Lizcano,712020:7c332f1c-beea-4c36-850d-a4bebe955356,Alta,Cancelado,,30/jun/26 15:41,01/jul/26 08:38,
Incidente,INC-10932,40367,Lentitud equipo,Marcelo Enrique Molina Gonzalez,712020:6ff29a06-6a09-4d45-8fa6-b2455efeaf8c,Leidy Tatiana León Lizcano,712020:7c332f1c-beea-4c36-850d-a4bebe955356,Alta,Resuelto,,30/jun/26 15:47,01/jul/26 08:17,
Incidente,INC-10933,40369,Gestion dispositivo conectate,Marcelo Enrique Molina Gonzalez,712020:6ff29a06-6a09-4d45-8fa6-b2455efeaf8c,Leidy Tatiana León Lizcano,712020:7c332f1c-beea-4c36-850d-a4bebe955356,Alta,Resuelto,,30/jun/26 15:50,01/jul/26 08:18,
Incidente,INC-10935,40372,Gestion viajes,Marcelo Enrique Molina Gonzalez,712020:6ff29a06-6a09-4d45-8fa6-b2455efeaf8c,Leidy Tatiana León Lizcano,712020:7c332f1c-beea-4c36-850d-a4bebe955356,Alta,Resuelto,,30/jun/26 15:52,01/jul/26 08:20,
Incidente AMS,AMS-1076,40378,sin folio,,,Matías Rafael Donoso Jiménez,712020:447c3261-7861-432f-9a7f-90c291135e15,Alta,Cancelado,,30/jun/26 16:13,01/jul/26 08:39,
Incidente S4,IS4-4652,40421,RE: Información adicional Incidente IS4-4644,,,Romana Planta Lo Miranda,712020:b3e1ca41-cd0f-4a90-84ad-7ea814af13e5,Alta,Creado,,30/jun/26 17:41,30/jun/26 17:41,
Incidente,INC-10987,40465,EQUIPO CON LENTITUD,Benjamin Nicolas Vidal Caroca,712020:2062d08e-0238-40d5-a11c-67396d81019b,Ivette Sepulveda B,712020:563aa2d0-0127-4b79-a108-c061e76eb239,Alta,Validación del usuario,,01/jul/26 08:38,01/jul/26 09:57,
Incidente,INC-10988,40466,RE: Se ha creado el requerimiento AMS-1064,,,Jordan Bayron Farias Guzman,712020:21a963fc-c6d1-47ce-86ac-b2539e36712e,Alta,Creado,,01/jul/26 08:41,01/jul/26 08:41,
Incidente AMS,AMS-1082,40467,Problema para imprimir,Diego Flores,712020:314bedea-6181-4d50-97d5-e114b8742d38,Leidy Tatiana León Lizcano,712020:7c332f1c-beea-4c36-850d-a4bebe955356,Alta,Validación del usuario,,01/jul/26 08:43,03/jul/26 15:48,
Incidente,INC-10992,40473,almacenamiento de outlook lleno,Marcelo Patricio Celis Retamal,712020:077cd782-bf12-45d5-81ef-952c99739577,Erik Avello,712020:9d91180a-22c7-4d43-9eab-97c8cf49ecbf,Alta,Resuelto,,01/jul/26 08:59,02/jul/26 15:14,
Incidente AMS,AMS-1083,40495,Problemas folio,,,Leidy Tatiana León Lizcano,712020:7c332f1c-beea-4c36-850d-a4bebe955356,Alta,Cancelado,,01/jul/26 09:56,02/jul/26 09:42,
Incidente,INC-11009,40499,REVISION DE IMPRESORA,Marcelo Enrique Molina Gonzalez,712020:6ff29a06-6a09-4d45-8fa6-b2455efeaf8c,Ivette Sepulveda B,712020:563aa2d0-0127-4b79-a108-c061e76eb239,Alta,Resuelto,,01/jul/26 10:01,01/jul/26 16:05,
Incidente,INC-11010,40500,Usuario tiene el correo lleno y no puede realizar ninguna accion en outlook,Patrick Boris Abnet Muñoz  Molina,712020:ac944e1e-85dd-4869-b78d-ba8112bb7484,Jair Stiven Méndez Baquero,712020:66e4c6db-2ecc-4e66-bfc2-850cc8894432,Alta,Validación del usuario,,01/jul/26 10:03,30/jul/26 13:42,
Incidente,INC-11011,40501,[AZURE] Bucle infinito al iniciar sesión en Microsoft Azure Storage Explorer post-actualización,Fernando Esteban Fuentes Morales,712020:fe5bcc67-ea2e-4406-b5b9-58211a6e5c8b,Karol Dayanna Palomino Serrano,712020:e4df31f3-cc17-4db7-b128-efd436a7f3c9,Alta,Validación del usuario,,01/jul/26 10:04,01/jul/26 14:33,
Incidente S4,IS4-4672,40511,.problema duplicado pantalla sap,,,Matías Rafael Donoso Jiménez,712020:447c3261-7861-432f-9a7f-90c291135e15,Alta,Equipo Resolutor Asignado,,01/jul/26 10:33,12/ago/26 16:48,
Incidente S4,IS4-4673,40512,Problemas para el envio de papeleta de vacaciones - Integracion del sistema QA PAYROLL,,,Jair Stiven Méndez Baquero,712020:66e4c6db-2ecc-4e66-bfc2-850cc8894432,Alta,Equipo Resolutor Asignado,,01/jul/26 10:34,03/jul/26 16:26,
Incidente,INC-11020,40514,Sincronización ONEDRIVE archivos congelada en 51%,Benjamin Nicolas Vidal Caroca,712020:2062d08e-0238-40d5-a11c-67396d81019b,Karol Dayanna Palomino Serrano,712020:e4df31f3-cc17-4db7-b128-efd436a7f3c9,Alta,Validación del usuario,,01/jul/26 10:41,01/jul/26 17:33,
Incidente,INC-11027,40524,[CCTV/CONECTIVIDAD] Fallo de lectura de patentes en cámara LPR tras micro corté eléctrico - (Planta de Alimentos La Calera),Marcelo Patricio Celis Retamal,712020:077cd782-bf12-45d5-81ef-952c99739577,Karol Dayanna Palomino Serrano,712020:e4df31f3-cc17-4db7-b128-efd436a7f3c9,Alta,Resuelto,,01/jul/26 11:02,17/ago/26 15:48,
Incidente S4,IS4-4677,40530,Error en Contabilización / Caída de Transacción por ABAP runtime error en ambiente SPR - Múltiples Usuarios,Rafael Perez,70121:b5c44554-7b1e-4a69-bfac-dfed44364c15,Karol Dayanna Palomino Serrano,712020:e4df31f3-cc17-4db7-b128-efd436a7f3c9,Alta,Esperando por el usuario,,01/jul/26 11:18,28/ago/26 16:50,
Incidente AMS,AMS-1091,40539,Usuario reporta que tiene una hembra que se fue a faenacion pero en sistema aparece aun en fase,Brayan Dario Guarnizo Celis,712020:3e04b4d9-d3d5-460e-8c1e-71260f00b901,Jair Stiven Méndez Baquero,712020:66e4c6db-2ecc-4e66-bfc2-850cc8894432,Alta,Validación del usuario,,01/jul/26 11:58,01/jul/26 21:19,
Incidente,INC-11047,40566,Usuario se encuentra en la sucursal de Arica sin wifi y necesita conectarse a la red de su celular; necesita clave admin para poder cambiar ip fija a automatica,Victor Manuel Currieco Marillan,712020:6499dafd-420b-45b4-8f3a-35c37c05a5c8,Jair Stiven Méndez Baquero,712020:66e4c6db-2ecc-4e66-bfc2-850cc8894432,Alta,Validación del usuario,,01/jul/26 13:10,01/jul/26 14:41,
Incidente S4,IS4-4694,40592,RELANZAR FOLIO JUNIO 2026,,,Celinda Margarita Alvarez Gutierrez,712020:c124b491-8e81-4266-9c9d-354f4e3f38dd,Alta,Equipo Resolutor Asignado,,01/jul/26 14:54,06/jul/26 14:33,
Incidente,INC-11065,40599,CARPETA ELIMINADA DE RC,Marcelo Patricio Celis Retamal,712020:077cd782-bf12-45d5-81ef-952c99739577,Ivette Sepulveda B,712020:563aa2d0-0127-4b79-a108-c061e76eb239,Alta,Resuelto,,01/jul/26 15:07,17/ago/26 15:52,
Incidente AMS,AMS-1093,40601,Error en folio,,,Leidy Tatiana León Lizcano,712020:7c332f1c-beea-4c36-850d-a4bebe955356,Alta,Cancelado,,01/jul/26 15:14,01/jul/26 17:38,
Incidente AMS,AMS-1095,40605,Anulacion factura,,,Leidy Tatiana León Lizcano,712020:7c332f1c-beea-4c36-850d-a4bebe955356,Alta,Cancelado,,01/jul/26 15:22,01/jul/26 17:38,
Incidente,INC-11069,40611,pabellones de monta sin señal,Marcelo Enrique Molina Gonzalez,712020:6ff29a06-6a09-4d45-8fa6-b2455efeaf8c,Erik Avello,712020:9d91180a-22c7-4d43-9eab-97c8cf49ecbf,Alta,Resuelto,,01/jul/26 15:36,01/jul/26 16:39,
Incidente,INC-11082,40636,Falla en ejecución de azure function,Marcelo Patricio Celis Retamal,712020:077cd782-bf12-45d5-81ef-952c99739577,Sebastian Latife,712020:523fdaee-0def-45cd-99d0-88abc4b3104d,Alta,Resuelto,,01/jul/26 16:58,17/ago/26 15:53,
Incidente S4,IS4-4719,40664,material en transito,,,Despacho Chillan,712020:f76cc121-1e8c-4338-b90e-8d2f8baa91ba,Alta,Equipo Resolutor Asignado,,01/jul/26 21:48,02/jul/26 12:17,
Incidente,INC-11103,40679,RE: Se ha creado el requerimiento IS4-4724,,,Jairo Dionisio Zambra Chandia,712020:a4843aed-da4d-4dcb-b056-2db45e11f229,Alta,Creado,,02/jul/26 06:14,02/jul/26 06:14,
Incidente,INC-11105,40681,Lentitud de HMI,Patrick Boris Abnet Muñoz  Molina,712020:ac944e1e-85dd-4869-b78d-ba8112bb7484,Karoline Yised Lasso Torres,712020:172259ea-a77e-46f6-af04-a5c338f112f8,Alta,Validación del usuario,,02/jul/26 06:53,30/jul/26 13:39,
Incidente,INC-11108,40684,EJECUCION FALLIDA RPA,,,Ivette Sepulveda B,712020:563aa2d0-0127-4b79-a108-c061e76eb239,Alta,Equipo Asignado,,02/jul/26 07:51,02/jul/26 07:57,
Incidente,INC-11109,40685,incorporación de cuenta,,,Erik Avello,712020:9d91180a-22c7-4d43-9eab-97c8cf49ecbf,Alta,Equipo Asignado,,02/jul/26 07:52,02/jul/26 07:57,
Incidente,INC-11112,40690,RE: Se ha creado el requerimiento AMS-1060,,,Grupo 22 Cerdos Reprod,712020:99efdcba-534f-4373-b625-e7cb91502369,Alta,Creado,,02/jul/26 08:25,02/jul/26 08:25,
Incidente,INC-11115,40697,usuario reporta discrepancia en correos,Marcelo Patricio Celis Retamal,712020:077cd782-bf12-45d5-81ef-952c99739577,Erik Avello,712020:9d91180a-22c7-4d43-9eab-97c8cf49ecbf,Alta,Resuelto,,02/jul/26 08:45,17/ago/26 16:09,
Incidente,INC-11119,40704,PROBLEMAS CON IMPRESORA,Marcelo Enrique Molina Gonzalez,712020:6ff29a06-6a09-4d45-8fa6-b2455efeaf8c,Ivette Sepulveda B,712020:563aa2d0-0127-4b79-a108-c061e76eb239,Alta,Resuelto,,02/jul/26 09:23,09/jul/26 16:15,
Incidente AMS,AMS-1098,40707,Problema con el flujo de aprobacion de una nota de credito en SAP SPR; al llegar al ultimo proceso se regresa a la primera persona de nuevo,,,Jair Stiven Méndez Baquero,712020:66e4c6db-2ecc-4e66-bfc2-850cc8894432,Alta,Cancelado,,02/jul/26 09:29,02/jul/26 13:54,
Incidente,INC-11121,40708,problemas al cargar contingencia despacho lm,,,Erik Avello,712020:9d91180a-22c7-4d43-9eab-97c8cf49ecbf,Alta,Validación del usuario,,02/jul/26 09:29,14/ago/26 14:10,
Incidente AMS,AMS-1099,40714,Folio de guia,,,Leidy Tatiana León Lizcano,712020:7c332f1c-beea-4c36-850d-a4bebe955356,Alta,Cancelado,,02/jul/26 09:40,02/jul/26 13:51,
Incidente,INC-11137,40737,problema maquina virtual,Marcelo Patricio Celis Retamal,712020:077cd782-bf12-45d5-81ef-952c99739577,Matías Rafael Donoso Jiménez,712020:447c3261-7861-432f-9a7f-90c291135e15,Alta,Resuelto,,02/jul/26 10:54,17/ago/26 16:09,
Incidente,INC-11139,40739,Correo lleno,Marcelo Patricio Celis Retamal,712020:077cd782-bf12-45d5-81ef-952c99739577,Leidy Tatiana León Lizcano,712020:7c332f1c-beea-4c36-850d-a4bebe955356,Alta,Resuelto,,02/jul/26 11:02,17/ago/26 15:51,
Incidente,INC-11150,40756,revision de monitor del area de finanzas corporativa por fallas en la imagen,Fernando Esteban Fuentes Morales,712020:fe5bcc67-ea2e-4406-b5b9-58211a6e5c8b,Jair Stiven Méndez Baquero,712020:66e4c6db-2ecc-4e66-bfc2-850cc8894432,Alta,Validación del usuario,,02/jul/26 12:13,02/jul/26 14:59,
Incidente S4,IS4-4749,40759,RE: IS4-4373 Folio ocupado,,,Felipe Duran,712020:af79e742-ca83-4c13-91e8-5b24a7372f8b,Alta,Creado,,02/jul/26 12:22,02/jul/26 12:22,
Incidente,INC-11156,40768,Revision equipo,Javier Alejandro Gonzalez Abarca,712020:9fc9fa65-2e7a-4d4c-9ba5-288f12754593,Leidy Tatiana León Lizcano,712020:7c332f1c-beea-4c36-850d-a4bebe955356,Alta,Validación del usuario,,02/jul/26 12:55,02/jul/26 15:52,
Incidente,INC-11159,40774,error en la transaccion ZTR_ENVIAFACBCOESTAD asociado a la Soa Manager del ambiente SAP QA (SQR),Alexandra Daniela Camus Solari,712020:a62d03f5-2b5d-4efe-b08a-690a4b552ed2,Jair Stiven Méndez Baquero,712020:66e4c6db-2ecc-4e66-bfc2-850cc8894432,Alta,Validación del usuario,,02/jul/26 13:22,15/jul/26 08:59,
Incidente AMS,AMS-1103,40788,Error emisión de guia,,,Carlos Alexander Mora Andrade,712020:a0814fa5-9386-4f51-9dae-e7a494f40c36,Alta,Cancelado,,02/jul/26 14:27,02/jul/26 15:25,
Incidente,INC-11179,40820,No es posible conectar su onedrive ni realizar la sincronizacion de archivos,Javier Alejandro Gonzalez Abarca,712020:9fc9fa65-2e7a-4d4c-9ba5-288f12754593,Jair Stiven Méndez Baquero,712020:66e4c6db-2ecc-4e66-bfc2-850cc8894432,Alta,Resuelto,,02/jul/26 16:10,03/jul/26 15:36,
Incidente,INC-11183,40830,BUZON LLENO CORREO AS,Patrick Boris Abnet Muñoz  Molina,712020:ac944e1e-85dd-4869-b78d-ba8112bb7484,Ivette Sepulveda B,712020:563aa2d0-0127-4b79-a108-c061e76eb239,Alta,Validación del usuario,,02/jul/26 16:35,30/jul/26 13:38,
Incidente,INC-11213,40882,Re: Se ha creado el requerimiento IS4-4779,,,Pablo Felipe Mellado Vergara,712020:bf5ffb0e-1cdc-4866-baff-fe7d657b2606,Alta,Creado,,03/jul/26 00:44,03/jul/26 00:44,
Incidente,INC-11214,40883,RE: Se ha creado el requerimiento IS4-4779,,,Jairo Dionisio Zambra Chandia,712020:a4843aed-da4d-4dcb-b056-2db45e11f229,Alta,Creado,,03/jul/26 01:04,03/jul/26 06:21,
Incidente AMS,AMS-1111,40886,Error '1060' ,Diego Flores,712020:314bedea-6181-4d50-97d5-e114b8742d38,Jhonny Torres N,712020:3cecf351-efbc-43f7-8cdc-ccc90034c4a0,Alta,Validación del usuario,,03/jul/26 02:21,07/jul/26 09:38,
Incidente AMS,AMS-1112,40888,Error '1060' Legacy,Diego Flores,712020:314bedea-6181-4d50-97d5-e114b8742d38,Jhonny Torres N,712020:3cecf351-efbc-43f7-8cdc-ccc90034c4a0,Alta,Validación del usuario,,03/jul/26 03:00,07/jul/26 09:38,
Incidente,INC-11225,40899,Problemas para copiar archivos en windows. ,Jonathan Andres Navarro Azocar,712020:a5042667-d0d7-4571-b766-9934e56fa4cb,Jhonny Torres N,712020:3cecf351-efbc-43f7-8cdc-ccc90034c4a0,Alta,Validación del usuario,,03/jul/26 07:53,09/jul/26 09:49,
Incidente S4,IS4-4786,40908,RE: Información adicional Incidente IS4-4240,,,Jorge Luis Videla Gonzalez,712020:6eb13bc2-a9be-46a8-abc2-36d78ed8def3,Alta,Creado,,03/jul/26 08:21,03/jul/26 08:21,
Incidente AMS,AMS-1113,40913,Agregar vacuna,Diego Flores,712020:314bedea-6181-4d50-97d5-e114b8742d38,Leidy Tatiana León Lizcano,712020:7c332f1c-beea-4c36-850d-a4bebe955356,Alta,Validación del usuario,,03/jul/26 08:40,06/jul/26 09:54,
Incidente AMS,AMS-1114,40921,Actualizar informacion,,,Leidy Tatiana León Lizcano,712020:7c332f1c-beea-4c36-850d-a4bebe955356,Alta,Cancelado,,03/jul/26 08:55,03/jul/26 11:11,
Incidente,INC-11241,40922,REVISION DE EQUIPO CALL CENTER,Benjamin Nicolas Vidal Caroca,712020:2062d08e-0238-40d5-a11c-67396d81019b,Ivette Sepulveda B,712020:563aa2d0-0127-4b79-a108-c061e76eb239,Alta,Validación del usuario,,03/jul/26 08:57,03/jul/26 14:08,
Incidente,INC-11249,40934,problemas equipo,Benjamin Nicolas Vidal Caroca,712020:2062d08e-0238-40d5-a11c-67396d81019b,Matías Rafael Donoso Jiménez,712020:447c3261-7861-432f-9a7f-90c291135e15,Alta,Validación del usuario,,03/jul/26 09:31,03/jul/26 14:05,
Incidente,INC-11253,40940,bucle eterno de carga en drive,Fernando Esteban Fuentes Morales,712020:fe5bcc67-ea2e-4406-b5b9-58211a6e5c8b,Erik Avello,712020:9d91180a-22c7-4d43-9eab-97c8cf49ecbf,Alta,Validación del usuario,,03/jul/26 09:43,03/jul/26 15:37,
Incidente AMS,AMS-1116,40960,hembras con resguardo,Crhistopher Sepulveda Gomez,712020:13f39121-e6b4-4cda-a566-699f9a1d5cfd,Erik Avello,712020:9d91180a-22c7-4d43-9eab-97c8cf49ecbf,Alta,Validación del usuario,,03/jul/26 10:35,03/jul/26 11:02,
Incidente S4,IS4-4792,40962,Problemas orden de compra ,NANCY CATARI,712020:492b1cc8-64c6-45a0-b266-53afd12fe47a,Felipe Esteban Ravellos Lara,712020:34aa28de-0baa-4f2f-92d4-785379a9a54c,Alta,Esperando por el usuario,,03/jul/26 10:38,28/ago/26 16:52,
Incidente S4,IS4-4794,40966,Reversar transporte ,Felipe Duran,712020:af79e742-ca83-4c13-91e8-5b24a7372f8b,Andres Jesus Vasquez Mena,712020:8a9eeb33-576d-4158-a977-47cb9a8ec9c9,Alta,Validación del usuario,,03/jul/26 10:46,03/jul/26 14:32,
Incidente,INC-11261,40968,Permisos de administrador para instalar software de impresora Evolis Primacy / IMPRESORA EXTERNA,Jonathan Andres Navarro Azocar,712020:a5042667-d0d7-4571-b766-9934e56fa4cb,Karol Dayanna Palomino Serrano,712020:e4df31f3-cc17-4db7-b128-efd436a7f3c9,Alta,Validación del usuario,,03/jul/26 11:07,03/jul/26 12:21,
Incidente AMS,AMS-1117,40979,HERMBRAS CON RESGUARDO,Crhistopher Sepulveda Gomez,712020:13f39121-e6b4-4cda-a566-699f9a1d5cfd,Ivette Sepulveda B,712020:563aa2d0-0127-4b79-a108-c061e76eb239,Alta,Validación del usuario,,03/jul/26 11:27,03/jul/26 12:11,
Incidente,INC-11270,40987,Pérdida total de conectividad a Internet – Pabellón de ensayo (La Copa),Marcelo Enrique Molina Gonzalez,712020:6ff29a06-6a09-4d45-8fa6-b2455efeaf8c,Karol Dayanna Palomino Serrano,712020:e4df31f3-cc17-4db7-b128-efd436a7f3c9,Alta,Resuelto,,03/jul/26 11:44,03/jul/26 16:35,
Incidente AMS,AMS-1119,40995,relanzamiento de folios,,,Erik Avello,712020:9d91180a-22c7-4d43-9eab-97c8cf49ecbf,Alta,Cancelado,,03/jul/26 11:57,03/jul/26 13:20,
Incidente,INC-11282,41039,RE: Se ha creado el requerimiento IS4-4802,,,Yhon Alejandro Aguilera Gonzalez,712020:92ed42c4-9fb2-42eb-9cdf-8da717b52af4,Alta,Creado,,03/jul/26 13:08,03/jul/26 13:08,
Incidente,INC-11283,41040,Sucursal Miraflores,Kevin Alexis Maldonado Muñoz,712020:c8eacfb5-650a-4c88-857f-2414a8f12044,Luis Nibaldo Bustos Arriagada,712020:164a2568-3825-4854-b34b-12934469c8eb,Alta,Validación del usuario,,03/jul/26 13:14,06/jul/26 08:58,
Incidente,INC-11284,41041,REVISION DE EQUIPO,Jonathan Andres Navarro Azocar,712020:a5042667-d0d7-4571-b766-9934e56fa4cb,Ivette Sepulveda B,712020:563aa2d0-0127-4b79-a108-c061e76eb239,Alta,Validación del usuario,,03/jul/26 13:24,06/jul/26 08:51,
Incidente S4,IS4-4808,41045,RE: Información adicional Incidente IS4-4778,,,Andres Jesus Vasquez Mena,712020:8a9eeb33-576d-4158-a977-47cb9a8ec9c9,Alta,Creado,,03/jul/26 13:45,03/jul/26 13:45,
Incidente,INC-11298,41057,dar de baja pistolas de sectores,Victor Manuel Currieco Marillan,712020:6499dafd-420b-45b4-8f3a-35c37c05a5c8,Erik Avello,712020:9d91180a-22c7-4d43-9eab-97c8cf49ecbf,Alta,Resuelto,,03/jul/26 14:45,03/jul/26 15:43,
Incidente,INC-11299,41058,se necesita dar de baja equipo,Victor Manuel Currieco Marillan,712020:6499dafd-420b-45b4-8f3a-35c37c05a5c8,Erik Avello,712020:9d91180a-22c7-4d43-9eab-97c8cf49ecbf,Alta,Resuelto,,03/jul/26 14:46,03/jul/26 15:46,
Incidente,INC-11311,41077,ALMANCENAMIENTO LLENO DE CORREO AS,Patrick Boris Abnet Muñoz  Molina,712020:ac944e1e-85dd-4869-b78d-ba8112bb7484,Ivette Sepulveda B,712020:563aa2d0-0127-4b79-a108-c061e76eb239,Alta,Validación del usuario,,03/jul/26 15:58,30/jul/26 13:43,
Incidente S4,IS4-4818,41082,RE: IS4-4751 Error emisión de guia,,,Claudio Javier Osses Montenegro,712020:fe2c5dbf-33b2-4117-80e1-aaf75e18e82f,Alta,Creado,,03/jul/26 16:22,03/jul/26 16:22,
Incidente AMS,AMS-1120,41084,problemas con guías (están cargadas a crianza anterior),Diego Flores,712020:314bedea-6181-4d50-97d5-e114b8742d38,Erik Avello,712020:9d91180a-22c7-4d43-9eab-97c8cf49ecbf,Alta,Validación del usuario,,03/jul/26 16:23,03/jul/26 17:26,
Incidente S4,IS4-4826,41109,RE: IS4-4751 Error emisión de guia,,,Luis Humberto Moraga Vera,712020:4bacce68-d281-442b-ae87-bc56f34e3c61,Alta,Creado,,03/jul/26 20:23,03/jul/26 20:23,
Incidente S4,IS4-4829,41114,Re: Información adicional Incidente IS4-4781,,,Ricardo Trigo Barnier,712020:36143e8c-3bbf-4eab-9af4-d8daf9856203,Alta,Creado,,03/jul/26 22:12,03/jul/26 22:12,
Incidente S4,IS4-4834,41137,RE: IS4-4781 Error emisión de guia,,,Luis Isaac Cuadra Fernandez,712020:e877d523-b6d9-463c-8627-2f6be67a1f35,Alta,Creado,,04/jul/26 07:06,04/jul/26 07:06,
Incidente,INC-11348,41138,HMI Detrenido,Patrick Boris Abnet Muñoz  Molina,712020:ac944e1e-85dd-4869-b78d-ba8112bb7484,Karoline Yised Lasso Torres,712020:172259ea-a77e-46f6-af04-a5c338f112f8,Alta,Validación del usuario,,04/jul/26 07:16,04/jul/26 08:32,
Incidente S4,IS4-4835,41141,RE: IS4-4781 Error emisión de guia,,,Luis Isaac Cuadra Fernandez,712020:e877d523-b6d9-463c-8627-2f6be67a1f35,Alta,Creado,,04/jul/26 08:03,04/jul/26 08:03,
Incidente S4,IS4-4838,41151,RE: IS4-4781 Error emisión de guia,,,Luis Isaac Cuadra Fernandez,712020:e877d523-b6d9-463c-8627-2f6be67a1f35,Alta,Creado,,04/jul/26 10:05,04/jul/26 10:05,
Incidente,INC-11365,41161,Monitore-Caida enlaces ,Italo Hernan Pinto Montoya,712020:2f3e1c92-5fc9-40db-a408-9c532c1b54b5,Matías Rafael Donoso Jiménez,712020:447c3261-7861-432f-9a7f-90c291135e15,Alta,Resuelto,,04/jul/26 11:29,04/jul/26 12:23,
Incidente S4,IS4-4840,41180,RE: IS4-4781 Error emisión de guia,,,Luis Humberto Moraga Vera,712020:4bacce68-d281-442b-ae87-bc56f34e3c61,Alta,Creado,,04/jul/26 17:43,04/jul/26 17:43,
Incidente,INC-11382,41182,Monitoreo - qRFC entries: SPR.300 SAP Cloud ALM Notification  Health Monitoring Event ,Alexandra Daniela Camus Solari,712020:a62d03f5-2b5d-4efe-b08a-690a4b552ed2,Sebastian Latife,712020:523fdaee-0def-45cd-99d0-88abc4b3104d,Alta,Validación del usuario,,04/jul/26 23:20,04/jul/26 23:58,
Incidente S4,IS4-4842,41195,RE: IS4-4781 Error emisión de guia,,,Jorge Diego Mezzano Vallejos,70121:58bed9c2-14fb-4d67-be4a-2d2b2856c5ad,Alta,Creado,,05/jul/26 16:50,05/jul/26 16:50,
Incidente,INC-11398,41203,[Monitoreo] Caída de enlaces Proveedor Netland.,Italo Hernan Pinto Montoya,712020:2f3e1c92-5fc9-40db-a408-9c532c1b54b5,Benjamín Reyes Aravena,712020:69f5cef6-164b-4af6-9971-75c05d019041,Alta,Resuelto,,05/jul/26 22:34,22/jul/26 14:43,
Incidente,INC-11399,41204,[Monitoreo] Caída de enlaces Proveedor CS.,Italo Hernan Pinto Montoya,712020:2f3e1c92-5fc9-40db-a408-9c532c1b54b5,Benjamín Reyes Aravena,712020:69f5cef6-164b-4af6-9971-75c05d019041,Alta,Resuelto,,05/jul/26 22:34,06/jul/26 15:25,
Incidente,INC-11402,41209,Falla de comunicacion HMI,Patrick Boris Abnet Muñoz  Molina,712020:ac944e1e-85dd-4869-b78d-ba8112bb7484,Leidy Tatiana León Lizcano,712020:7c332f1c-beea-4c36-850d-a4bebe955356,Alta,Validación del usuario,,06/jul/26 01:46,06/jul/26 02:46,
Incidente S4,IS4-4845,41220,Reservas no aparecen  SAP FIORI,Dario Mur,712020:1b7b8e72-361a-425c-9bee-5bce3e920961,Leidy Tatiana León Lizcano,712020:7c332f1c-beea-4c36-850d-a4bebe955356,Alta,Esperando por el usuario,,06/jul/26 03:48,27/ago/26 13:57,
Incidente S4,IS4-4849,41230,Re: IS4-4781 Error emisión de guia,,,Claudio Javier Osses Montenegro,712020:fe2c5dbf-33b2-4117-80e1-aaf75e18e82f,Alta,Creado,,06/jul/26 07:52,06/jul/26 07:52,
Incidente,INC-11424,41239,"Usuario reporta que al intentar ingresar a su equipo aparece un error ""la informacion de configuracion no se puede leer del controlador de dominio""",Javier Alejandro Gonzalez Abarca,712020:9fc9fa65-2e7a-4d4c-9ba5-288f12754593,Jair Stiven Méndez Baquero,712020:66e4c6db-2ecc-4e66-bfc2-850cc8894432,Alta,Validación del usuario,,06/jul/26 08:12,06/jul/26 11:36,
Incidente,INC-11428,41244,RE: Se ha creado el requerimiento AMS-1129,,,Grupo 6 Cerdos Reprod,712020:eb271fbd-1b78-4a7a-a362-a9b5300aeb26,Alta,Creado,,06/jul/26 08:19,06/jul/26 08:19,
Incidente,INC-11454,41274,Atasco de papel en Impresora ,Gustavo Adolfo Fierro Morales,712020:34251f21-925f-4970-bea7-659d3ebfa34a,Bastian González M,712020:9607098c-323a-4de8-a44a-9176793df19d,Alta,Validación del usuario,,06/jul/26 09:04,07/jul/26 12:19,
Incidente,INC-11455,41275,Problemas con telefono Anexo de usuaria,,,Bastian González M,712020:9607098c-323a-4de8-a44a-9176793df19d,Alta,Validación del usuario,,06/jul/26 09:07,06/jul/26 10:30,
Incidente S4,IS4-4855,41278,ERROR DE FACTURA (ÁREA DE CONTROL AG20) DERIVAR A SOFTTEK,,,Maximiliano Andres Araya Donoso,712020:562821e0-7f8c-4f91-afbb-12b044702bef,Alta,Validación Asignación Equipo Proyecto S4,,06/jul/26 09:11,06/jul/26 16:03,
Incidente,INC-11459,41280,Pistola - no realiza conteo,Gustavo Adolfo Fierro Morales,712020:34251f21-925f-4970-bea7-659d3ebfa34a,Nicolas Prieto Camelo,712020:3f87e7d5-1b59-45ae-9674-027e748fb844,Alta,Validación del usuario,,06/jul/26 09:12,07/jul/26 16:54,
Incidente,INC-11493,41324,Instalación de aplicaciones en celular nuevo,Gustavo Adolfo Fierro Morales,712020:34251f21-925f-4970-bea7-659d3ebfa34a,Felipe Esteban Ravellos Lara,712020:34aa28de-0baa-4f2f-92d4-785379a9a54c,Alta,Validación del usuario,,06/jul/26 10:09,06/jul/26 11:33,
Incidente S4,IS4-4864,41335,Re: IS4-4781 Error emisión de guia,,,Claudio Javier Osses Montenegro,712020:fe2c5dbf-33b2-4117-80e1-aaf75e18e82f,Alta,Creado,,06/jul/26 10:24,06/jul/26 10:24,
Incidente,INC-11509,41343,Reincidencia de falla en monitor con conexión USB-C,Gustavo Adolfo Fierro Morales,712020:34251f21-925f-4970-bea7-659d3ebfa34a,Benjamín Reyes Aravena,712020:69f5cef6-164b-4af6-9971-75c05d019041,Alta,Validación del usuario,,06/jul/26 10:41,08/jul/26 08:39,
Incidente,INC-11510,41344,Usuario reporta que en el contact center a los operadores se les cortan las llamadas contantemente,Kevin Alexis Maldonado Muñoz,712020:c8eacfb5-650a-4c88-857f-2414a8f12044,Jair Stiven Méndez Baquero,712020:66e4c6db-2ecc-4e66-bfc2-850cc8894432,Alta,Validación del usuario,,06/jul/26 10:43,06/jul/26 15:00,
Incidente S4,IS4-4866,41351,Falta condicion de pago 42 dias acuerdo comercial cliente CIAL-Agrosuper,,,Francisco Andres Zamorano Lopez,712020:54c0682f-cd8e-4470-a9d0-729cb0c10e60,Alta,Validación Asignación Equipo Proyecto S4,,06/jul/26 10:51,06/jul/26 16:05,
Incidente,INC-11520,41360,Usuario reporta que su equipo esta presentando problemas de rendimiento y reinicios inesperados,Benjamin Nicolas Vidal Caroca,712020:2062d08e-0238-40d5-a11c-67396d81019b,Jair Stiven Méndez Baquero,712020:66e4c6db-2ecc-4e66-bfc2-850cc8894432,Alta,Validación del usuario,,06/jul/26 11:04,22/jul/26 13:17,
Incidente,INC-11537,41389,Pantalla rota,Gustavo Adolfo Fierro Morales,712020:34251f21-925f-4970-bea7-659d3ebfa34a,Cristian Fernando Gonzalez Salazar,712020:fea82959-496f-4b4f-b771-47213d3e02cd,Alta,Validación del usuario,,06/jul/26 12:16,07/jul/26 16:53,
Incidente,INC-11538,41390,Problema de almacenamiento en Correo corporativo,Jacinth Andrew Cordova Marcano,712020:2cbd7839-f70b-4079-a0ca-3c26f66080aa,Sebastian Latife,712020:523fdaee-0def-45cd-99d0-88abc4b3104d,Alta,Resuelto,,06/jul/26 12:17,07/ago/26 12:27,
Incidente,INC-11541,41394,Lentitud en BIZERBA al generar etiquetas,Marcelo Patricio Celis Retamal,712020:077cd782-bf12-45d5-81ef-952c99739577,Sebastian Latife,712020:523fdaee-0def-45cd-99d0-88abc4b3104d,Alta,Resuelto,,06/jul/26 12:35,17/ago/26 16:10,
Incidente AMS,AMS-1133,41419,Hembras con resguardo ,Crhistopher Sepulveda Gomez,712020:13f39121-e6b4-4cda-a566-699f9a1d5cfd,Felipe Esteban Ravellos Lara,712020:34aa28de-0baa-4f2f-92d4-785379a9a54c,Alta,Validación del usuario,,06/jul/26 13:49,07/jul/26 11:48,
Incidente S4,IS4-4886,41450,RE: IS4-4823 Validar documentos de facturas de exportación que no aparecen en BDC ,,,Fernando Andres Matus Muñoz,712020:e560ba91-29f8-4825-84a8-17f74c2d653e,Alta,Creado,,06/jul/26 15:05,06/jul/26 15:05,
Incidente,INC-11583,41454,Celular de la empresa no prende ,Jonathan Andres Navarro Azocar,712020:a5042667-d0d7-4571-b766-9934e56fa4cb,Felipe Esteban Ravellos Lara,712020:34aa28de-0baa-4f2f-92d4-785379a9a54c,Alta,Validación del usuario,,06/jul/26 15:12,06/jul/26 16:23,
Incidente S4,IS4-4887,41462,RE: IS4-4855 ERROR DE FACTURA (ÁREA DE CONTROL AG20) DERIVAR A SOFTTEK,,,Ivan Andres Ortega Gacitua,712020:f529ce09-f7a9-4ac2-8097-5fa433978c2c,Alta,Creado,,06/jul/26 15:29,06/jul/26 15:29,
Incidente S4,IS4-4890,41470,RE: IS4-4781 Error emisión de guia,,,Erick Alexander Quintero Yepes,712020:68408aa7-575f-48b0-a79a-9afc75f13fba,Alta,Creado,,06/jul/26 15:44,06/jul/26 15:44,
Incidente,INC-11596,41483,Pantalla rota,Benjamin Nicolas Vidal Caroca,712020:2062d08e-0238-40d5-a11c-67396d81019b,Cristian Fernando Gonzalez Salazar,712020:fea82959-496f-4b4f-b771-47213d3e02cd,Alta,Validación del usuario,,06/jul/26 16:13,07/jul/26 08:50,
Incidente S4,IS4-4895,41506,RE: IS4-4781 Error emisión de guia,,,Erick Alexander Quintero Yepes,712020:68408aa7-575f-48b0-a79a-9afc75f13fba,Alta,Creado,,06/jul/26 17:07,06/jul/26 17:07,
Incidente,INC-11617,41511,Equipo no se puede conectar a la red,Felipe Andres Jeria Rodriguez,712020:f0d4df3d-4510-4e4a-be63-7258c31884e1,Franco Guinez A,712020:a3795c3a-aa5f-4cea-8071-60172591b157,Alta,Validación del usuario,,06/jul/26 17:15,07/jul/26 15:22,
Incidente,INC-11619,41513,No le funciona la pantalla externa,Benjamin Nicolas Vidal Caroca,712020:2062d08e-0238-40d5-a11c-67396d81019b,Karoline Yised Lasso Torres,712020:172259ea-a77e-46f6-af04-a5c338f112f8,Alta,Validación del usuario,,06/jul/26 17:26,07/jul/26 13:50,
Incidente S4,IS4-4898,41528,RE: IS4-4781 Error emisión de guia,,,Erick Alexander Quintero Yepes,712020:68408aa7-575f-48b0-a79a-9afc75f13fba,Alta,Creado,,06/jul/26 18:29,06/jul/26 18:29,
Incidente AMS,AMS-1138,41558,Lentitud al imprimir guias,,,Leidy Tatiana León Lizcano,712020:7c332f1c-beea-4c36-850d-a4bebe955356,Alta,Cancelado,,07/jul/26 00:37,14/jul/26 10:11,
Incidente AMS,AMS-1139,41560,Problema en guia,,,Leidy Tatiana León Lizcano,712020:7c332f1c-beea-4c36-850d-a4bebe955356,Alta,Cancelado,,07/jul/26 01:52,09/jul/26 17:35,
Incidente AMS,AMS-1140,41574,usuario necesita devolución de carga,,,Erik Avello,712020:9d91180a-22c7-4d43-9eab-97c8cf49ecbf,Alta,Cancelado,,07/jul/26 07:09,07/jul/26 13:04,
Incidente S4,IS4-4912,41590,error RFC SAP ,,,Erik Avello,712020:9d91180a-22c7-4d43-9eab-97c8cf49ecbf,Alta,Equipo Resolutor Asignado,,07/jul/26 08:19,08/jul/26 16:28,
Incidente,INC-11675,41607,RE: Se ha creado el requerimiento IS4-4913,,,Maximiliano Andres Araya Donoso,712020:562821e0-7f8c-4f91-afbb-12b044702bef,Alta,Creado,,07/jul/26 09:10,07/jul/26 09:10,
Incidente,INC-11684,41626,Caída de pagina Biosystemcoo.agrosuper.cl,Jacinth Andrew Cordova Marcano,712020:2cbd7839-f70b-4079-a0ca-3c26f66080aa,Bastian González M,712020:9607098c-323a-4de8-a44a-9176793df19d,Alta,Validación del usuario,,07/jul/26 09:45,07/jul/26 17:27,
Incidente,INC-11694,41650,Problema con ejecución de job ZPR_CONSUL_ETIQ_D_AQ,Alexandra Daniela Camus Solari,712020:a62d03f5-2b5d-4efe-b08a-690a4b552ed2,Sebastian Latife,712020:523fdaee-0def-45cd-99d0-88abc4b3104d,Alta,Validación del usuario,,07/jul/26 10:31,07/jul/26 12:53,
Incidente S4,IS4-4925,41653,Clinetes nuevos sin frecuencia en CX,,,Romina De Lourdes Hernandez Manriquez,712020:4f641638-fee0-4550-bbb6-14aff9dea01c,Alta,Equipo Resolutor Asignado,,07/jul/26 10:42,07/jul/26 14:47,
Incidente AMS,AMS-1144,41655,duplicidad de pedidos,,,Matías Rafael Donoso Jiménez,712020:447c3261-7861-432f-9a7f-90c291135e15,Alta,Cancelado,,07/jul/26 10:44,07/jul/26 13:06,
Incidente S4,IS4-4929,41666,problemas desenbolsos sap,Rafael Perez,70121:b5c44554-7b1e-4a69-bfac-dfed44364c15,Matías Rafael Donoso Jiménez,712020:447c3261-7861-432f-9a7f-90c291135e15,Alta,Validación del usuario,,07/jul/26 11:20,27/ago/26 18:12,
Incidente AMS,AMS-1145,41672,Error en configuración de material 1022885 y 1021156 genera descuentos de materiales no correspondientes luego de proceso de cierre de ordenes ,,,Camila Marcela Gutierrez Donoso,712020:6fe4e4bd-3e68-45f7-8e62-578bbe1d2e85,Alta,Cancelado,,07/jul/26 11:27,08/jul/26 10:39,
Incidente,INC-11710,41680,Problema con almacenamiento de Sharepoint,Marcelo Patricio Celis Retamal,712020:077cd782-bf12-45d5-81ef-952c99739577,Sebastian Latife,712020:523fdaee-0def-45cd-99d0-88abc4b3104d,Alta,Resuelto,,07/jul/26 11:44,17/ago/26 15:51,
Incidente,INC-11716,41689,RE: Se ha creado el requerimiento IS4-4880,,,Charles Enrique Abreu Aranguren,712020:7dd5d96e-0367-4373-b2e1-18e07a84e2a1,Alta,Creado,,07/jul/26 11:56,07/jul/26 11:56,
Incidente S4,IS4-4935,41690,Problemas visualización informes BDC,Jorge Andres Perez Saez,712020:5584c1ba-2f69-4291-b750-558fd5e49056,Exequiel Omar Contreras Ochoa,712020:b635ca60-ded3-4943-9210-ada45abd87b5,Alta,Validación del usuario,,07/jul/26 11:58,26/ago/26 10:23,
Incidente,INC-11731,41729,RE: Se ha creado el requerimiento IS4-4861,,,Posicionamiento Fdra Lo Miranda,712020:f534fd77-b75a-4545-aec0-93c275ba83fe,Alta,Creado,,07/jul/26 13:34,07/jul/26 13:34,
Incidente,INC-11743,41751,Problemas de equipo de rendimiento,Fernando Esteban Fuentes Morales,712020:fe5bcc67-ea2e-4406-b5b9-58211a6e5c8b,Felipe Esteban Ravellos Lara,712020:34aa28de-0baa-4f2f-92d4-785379a9a54c,Alta,Validación del usuario,,07/jul/26 14:33,08/jul/26 15:42,
Incidente,INC-11748,41763,RE: Se ha creado el requerimiento IS4-4951,,,despcurico,712020:f75fc02b-467c-4e0a-a1a2-49fd23a8f37d,Alta,Creado,,07/jul/26 14:55,07/jul/26 14:55,
Incidente,INC-11757,41780,RE: Se ha creado el requerimiento IS4-4959,,,Romina De Lourdes Hernandez Manriquez,712020:4f641638-fee0-4550-bbb6-14aff9dea01c,Alta,Creado,,07/jul/26 15:23,07/jul/26 15:23,
Incidente AMS,AMS-1150,41799,"Sacar hembras que estan con resguardo a pre-faenacion, se solicita antes de la faneacion que se realiza el dia jueves 09/07/2026",Sebastian Suazo,712020:6b2b9a90-6b38-4d05-ae00-17b744f21325,Jair Stiven Méndez Baquero,712020:66e4c6db-2ecc-4e66-bfc2-850cc8894432,Alta,Validación del usuario,,07/jul/26 16:03,17/ago/26 17:26,
Incidente,INC-11781,41829,No puede recibir correos,DANILO ESTEBAN Rodriguez Leiva,637297188fd2d2d5f12bc7aa,Jhonny Torres N,712020:3cecf351-efbc-43f7-8cdc-ccc90034c4a0,Alta,Validación del usuario,,07/jul/26 16:56,08/jul/26 08:37,
Incidente S4,IS4-4970,41848,RE: IS4-4948 Error en configuración de material 1022885 y 1021156 genera descuentos de materiales no correspondientes luego de proceso de cierre de ordenes ,,,Juan Francisco Garrido Gomez,712020:ce8d4475-6f47-4fa5-bc0f-818dc8f0b661,Alta,Creado,,07/jul/26 20:19,07/jul/26 20:19,
Incidente,INC-11792,41852,Monitoreo - Caida de enlace Entel en Sucursal San Antonio,Nivaldo Damian Farias Cornejo,712020:b0d13dab-a32c-4cb0-96c6-898a73162599,Alejandro Enrique Gonzalez Bracho,712020:2a91d042-9782-44ad-8944-fe1523f3889d,Alta,Validación del usuario,,07/jul/26 21:26,03/ago/26 12:51,
Incidente,INC-11806,41871,Problemas HMI,Jacinth Andrew Cordova Marcano,712020:2cbd7839-f70b-4079-a0ca-3c26f66080aa,Leidy Tatiana León Lizcano,712020:7c332f1c-beea-4c36-850d-a4bebe955356,Alta,Resuelto,,08/jul/26 00:45,07/ago/26 12:06,
Incidente S4,IS4-4976,41874,fallo materia prima específica ,,,Erik Avello,712020:9d91180a-22c7-4d43-9eab-97c8cf49ecbf,Alta,Equipo Resolutor Asignado,,08/jul/26 04:57,08/jul/26 16:29,
Incidente,INC-11812,41882,Correo lleno,DANILO ESTEBAN Rodriguez Leiva,637297188fd2d2d5f12bc7aa,Leidy Tatiana León Lizcano,712020:7c332f1c-beea-4c36-850d-a4bebe955356,Alta,Validación del usuario,,08/jul/26 08:00,08/jul/26 08:50,
Requerimiento,REQ-346,41891,Consulta ticket is4-4934,Sebastian Latife,712020:523fdaee-0def-45cd-99d0-88abc4b3104d,Sebastian Latife,712020:523fdaee-0def-45cd-99d0-88abc4b3104d,Media,Revisión del N1,,08/jul/26 08:45,08/jul/26 12:18,
Incidente AMS,AMS-1152,41903,No se estan generando los nodos del grupo 26 en Legacy,Claudio Salamanca,6316239d3310c2492b5b2c5f,Jair Stiven Méndez Baquero,712020:66e4c6db-2ecc-4e66-bfc2-850cc8894432,Alta,Validación del usuario,,08/jul/26 09:00,25/ago/26 17:46,
Incidente AMS,AMS-1153,41908,Problemas Vacunas Grupo 13,,,Felipe Esteban Ravellos Lara,712020:34aa28de-0baa-4f2f-92d4-785379a9a54c,Alta,Cancelado,,08/jul/26 09:15,14/jul/26 10:11,
Incidente,INC-11824,41909,problemas inicio pc,Benjamin Nicolas Vidal Caroca,712020:2062d08e-0238-40d5-a11c-67396d81019b,Matías Rafael Donoso Jiménez,712020:447c3261-7861-432f-9a7f-90c291135e15,Alta,Validación del usuario,,08/jul/26 09:15,08/jul/26 09:28,
Incidente,INC-11833,41927,Conectividad - falla de conexion a https://app-chiller-prd.azurewebsites.net/ desde red corporativa ,Benjamin Nicolas Schwalm Jara,712020:7762ff16-6b68-4f6f-a0ad-2b1b9a40b257,Nicolas Prieto Camelo,712020:3f87e7d5-1b59-45ae-9674-027e748fb844,Alta,Resuelto,,08/jul/26 09:44,05/ago/26 17:07,
Incidente,INC-11841,41943,RE: Se ha creado el requerimiento IS4-4889,,,Javiera Francisca Allendes Castillo,712020:e4390b38-2d23-4612-8890-e5b6001f10d2,Alta,Creado,,08/jul/26 10:25,09/jul/26 09:06,
Incidente,INC-11842,41944,Poblemas con la segunda pantalla ,Fernando Esteban Fuentes Morales,712020:fe5bcc67-ea2e-4406-b5b9-58211a6e5c8b,Cristian Fernando Gonzalez Salazar,712020:fea82959-496f-4b4f-b771-47213d3e02cd,Alta,Validación del usuario,,08/jul/26 10:26,08/jul/26 11:50,
Incidente,INC-11846,41950,Monitor presenta pantalla blanca,Javier Alejandro Gonzalez Abarca,712020:9fc9fa65-2e7a-4d4c-9ba5-288f12754593,Benjamín Reyes Aravena,712020:69f5cef6-164b-4af6-9971-75c05d019041,Alta,Validación del usuario,,08/jul/26 10:30,08/jul/26 10:52,
Incidente AMS,AMS-1156,41961,Corrección de carencia aplicada a hembras 84121 y 86553,Diego Flores,712020:314bedea-6181-4d50-97d5-e114b8742d38,Benjamín Reyes Aravena,712020:69f5cef6-164b-4af6-9971-75c05d019041,Alta,Validación del usuario,,08/jul/26 10:46,08/jul/26 11:10,
Incidente AMS,AMS-1157,41962,"No se puede reimprimir packing list de transporte 6674652, arroja solo una hoja en blanco",,,romana1@agrosuper.com,712020:c83b1e53-e1cf-4f1c-9f29-fde5430f1171,Alta,Cancelado,,08/jul/26 10:52,10/jul/26 09:58,
Incidente,INC-11856,41966,Revisión de equipo ,Gustavo Adolfo Fierro Morales,712020:34251f21-925f-4970-bea7-659d3ebfa34a,Sebastian Latife,712020:523fdaee-0def-45cd-99d0-88abc4b3104d,Alta,Validación del usuario,,08/jul/26 11:02,08/jul/26 11:48,
Incidente,INC-11859,41972,"No puede abrir SAP SPR, aparece error de distribucion de carga 88",Daniella Alejandra Molina Rojas,712020:b69fb040-89e8-4c71-be2a-7fccb7c55def,Jair Stiven Méndez Baquero,712020:66e4c6db-2ecc-4e66-bfc2-850cc8894432,Alta,Resuelto,,08/jul/26 11:11,29/jul/26 10:30,
Incidente,INC-11864,41982,Buzón de correo con almacenamiento al límite,Jacinth Andrew Cordova Marcano,712020:2cbd7839-f70b-4079-a0ca-3c26f66080aa,Benjamín Reyes Aravena,712020:69f5cef6-164b-4af6-9971-75c05d019041,Alta,Resuelto,,08/jul/26 11:25,07/ago/26 12:25,
Incidente S4,IS4-4994,41993,RE: Información adicional Incidente IS4-4669,,,Felipe Andres Franzini Escobar,712020:e7392d2d-c748-4f75-aa15-f004ce0d7e8e,Alta,Creado,,08/jul/26 11:43,08/jul/26 11:43,
Incidente,INC-11874,42008,RE: Se ha creado el requerimiento IS4-5000,,,Catalina Belen Sandoval Caro,712020:c7d9c2bf-418c-4b9f-8342-9df62124dce3,Alta,Creado,,08/jul/26 12:17,08/jul/26 12:17,
Incidente AMS,AMS-1158,42011,SAP - Factura no aparece en SAP ,,,Nicolas Prieto Camelo,712020:3f87e7d5-1b59-45ae-9674-027e748fb844,Alta,Cancelado,,08/jul/26 12:20,09/jul/26 17:33,
Incidente,INC-11886,42029,Revisión de equipo por extrema lentitud y otros problemas,Fernando Esteban Fuentes Morales,712020:fe5bcc67-ea2e-4406-b5b9-58211a6e5c8b,Sebastian Latife,712020:523fdaee-0def-45cd-99d0-88abc4b3104d,Alta,Validación del usuario,,08/jul/26 13:03,10/jul/26 11:17,
Incidente,INC-11892,42037,Impresora - falla de impresión ,Gustavo Adolfo Fierro Morales,712020:34251f21-925f-4970-bea7-659d3ebfa34a,Nicolas Prieto Camelo,712020:3f87e7d5-1b59-45ae-9674-027e748fb844,Alta,Validación del usuario,,08/jul/26 13:55,08/jul/26 16:49,
Incidente AMS,AMS-1167,42083,"realizar un Debug a la transacción Z de finanzas ""ztrd010n"" (workflow de aprobación de propuestas de pago de proveedores)",,,Jair Stiven Méndez Baquero,712020:66e4c6db-2ecc-4e66-bfc2-850cc8894432,Alta,Cancelado,,08/jul/26 15:56,09/jul/26 17:34,
Incidente AMS,AMS-1168,42084,Bajar guías a sistema Legacy,Diego Flores,712020:314bedea-6181-4d50-97d5-e114b8742d38,Benjamín Reyes Aravena,712020:69f5cef6-164b-4af6-9971-75c05d019041,Alta,Validación del usuario,,08/jul/26 15:57,05/ago/26 12:48,
Incidente S4,IS4-5019,42097,Problema con un archivo del RPA “conciliacion de sucursales y partidas RRHH”,Luis Emanuel Arellano Castro,712020:85de1ce8-3c37-418f-a95d-efabd4c1641f,Jair Stiven Méndez Baquero,712020:66e4c6db-2ecc-4e66-bfc2-850cc8894432,Alta,Validación del usuario,,08/jul/26 16:48,25/ago/26 16:22,
Incidente,INC-11914,42103,Solicitud de Impresora HP - Tóner,Gustavo Adolfo Fierro Morales,712020:34251f21-925f-4970-bea7-659d3ebfa34a,Rodrigo Luiz Suarez Guzman,712020:63dbecc2-428b-4d9b-9548-63224ecaacb6,Alta,Validación del usuario,,08/jul/26 17:23,09/jul/26 13:26,
Requerimiento,REQ-406,42143,Llamado de consulta,Jhonny Torres N,712020:3cecf351-efbc-43f7-8cdc-ccc90034c4a0,Jhonny Torres N,712020:3cecf351-efbc-43f7-8cdc-ccc90034c4a0,Media,Revisión del N1,,08/jul/26 20:43,09/jul/26 16:22,
Incidente,INC-11940,42153,buzón de correo lleno,Jacinth Andrew Cordova Marcano,712020:2cbd7839-f70b-4079-a0ca-3c26f66080aa,Jhonny Torres N,712020:3cecf351-efbc-43f7-8cdc-ccc90034c4a0,Alta,Resuelto,,08/jul/26 21:22,07/ago/26 12:24,
Incidente S4,IS4-5040,42175,Anular recepción,,,Fabian Andres Pinochet Garcia,712020:e1882a78-d2c8-4f46-b946-c108d6bddbe4,Alta,Equipo Resolutor Asignado,,09/jul/26 00:20,14/jul/26 16:10,
Incidente S4,IS4-5041,42177,Re: IS4-5040 Anular recepción,,,Marcelo Isaias Roman Leon,712020:a6cf7a6e-6f35-4b1d-9a1b-7d600d43317c,Alta,Creado,,09/jul/26 01:38,09/jul/26 01:38,
Incidente AMS,AMS-1171,42199,Mejora en sesion factory,,,Jair Stiven Méndez Baquero,712020:66e4c6db-2ecc-4e66-bfc2-850cc8894432,Alta,Cancelado,,09/jul/26 08:35,09/jul/26 17:31,
Incidente,INC-11962,42204,SAP IBP – Error SAML2 SERVICE NOT ACCESSIBLE al ingresar desde Excel,Gustavo Adolfo Fierro Morales,712020:34251f21-925f-4970-bea7-659d3ebfa34a,Evelyn Pozo M,712020:8120de32-7eac-45d7-b464-84865a422b01,Alta,Validación del usuario,,09/jul/26 08:42,09/jul/26 16:15,
Incidente S4,IS4-5049,42205,RE: Información adicional Incidente IS4-4669,,,Felipe Andres Franzini Escobar,712020:e7392d2d-c748-4f75-aa15-f004ce0d7e8e,Alta,Creado,,09/jul/26 08:42,09/jul/26 08:42,
Incidente,INC-11964,42207,Problemas con la energía de se equipo,Jonathan Andres Navarro Azocar,712020:a5042667-d0d7-4571-b766-9934e56fa4cb,Cristian Fernando Gonzalez Salazar,712020:fea82959-496f-4b4f-b771-47213d3e02cd,Alta,Validación del usuario,,09/jul/26 08:47,09/jul/26 11:21,
Incidente AMS,AMS-1172,42213,problema,,,Matías Rafael Donoso Jiménez,712020:447c3261-7861-432f-9a7f-90c291135e15,Alta,Cancelado,,09/jul/26 08:57,09/jul/26 17:32,
Incidente AMS,AMS-1173,42229,sacar hembra en celo,Diego Flores,712020:314bedea-6181-4d50-97d5-e114b8742d38,Matías Rafael Donoso Jiménez,712020:447c3261-7861-432f-9a7f-90c291135e15,Alta,Validación del usuario,,09/jul/26 09:25,09/jul/26 11:00,
Incidente,INC-11980,42232,RE: Se ha creado el requerimiento IS4-4919,,,despcurico,712020:f75fc02b-467c-4e0a-a1a2-49fd23a8f37d,Alta,Creado,,09/jul/26 09:28,09/jul/26 09:28,
Incidente,INC-11981,42233,telefono roto,Gustavo Adolfo Fierro Morales,712020:34251f21-925f-4970-bea7-659d3ebfa34a,Matías Rafael Donoso Jiménez,712020:447c3261-7861-432f-9a7f-90c291135e15,Alta,Validación del usuario,,09/jul/26 09:30,09/jul/26 12:02,
Incidente,INC-11989,42243,RE: Se ha creado el requerimiento IS4-4889,,,Antonia Belen Fuenzalida Pena,712020:27c40a0b-6a9b-424b-97cd-e06c7e50f4a1,Alta,Creado,,09/jul/26 09:58,09/jul/26 09:58,
Incidente,INC-11992,42247,Pantalla rota,Marcelo Enrique Molina Gonzalez,712020:6ff29a06-6a09-4d45-8fa6-b2455efeaf8c,Cristian Fernando Gonzalez Salazar,712020:fea82959-496f-4b4f-b771-47213d3e02cd,Alta,Resuelto,,09/jul/26 10:12,09/jul/26 12:04,
Incidente,INC-11993,42248,Permisos de administrador para instalar software de impresora Evolis Primacy / IMPRESORA EXTERNA,Jonathan Andres Navarro Azocar,712020:a5042667-d0d7-4571-b766-9934e56fa4cb,Nicolas Prieto Camelo,712020:3f87e7d5-1b59-45ae-9674-027e748fb844,Alta,Validación del usuario,,09/jul/26 10:18,09/jul/26 10:41,
Incidente,INC-12012,42295,RE: Se ha creado el requerimiento IS4-4889,,,Javiera Francisca Allendes Castillo,712020:e4390b38-2d23-4612-8890-e5b6001f10d2,Alta,Creado,,09/jul/26 11:36,09/jul/26 11:36,
Incidente,INC-12018,42307,RE:       Información adicional Incidente INC-7719,,,Gabriel Alarcon Hernandez,712020:6f69ea9c-9d62-4b9d-8e30-9397d82d071d,Alta,Creado,,09/jul/26 12:06,09/jul/26 12:06,
Incidente S4,IS4-5071,42309,"Acceso usuarios proyecto ACA-002102, ROL ZAS_CLIENTE_INTERNAICONAL_CREACION_IT",,,Nicolas Esteban Navarro Valderrama,712020:2eea1d6d-8b88-46a7-b704-7cbe4690f432,Alta,Validación Asignación Equipo Proyecto S4,,09/jul/26 12:15,03/ago/26 09:28,
Requerimiento,REQ-447,42330,Usuario solicita acceso a recurso compartido altiris,Jair Stiven Méndez Baquero,712020:66e4c6db-2ecc-4e66-bfc2-850cc8894432,Jair Stiven Méndez Baquero,712020:66e4c6db-2ecc-4e66-bfc2-850cc8894432,Media,Revisión del N1,,09/jul/26 13:32,09/jul/26 17:49,
Incidente,INC-12030,42334,Problemas de rendimiento y fallas en la pantalla en su equipo PC (notebook),Jonathan Andres Navarro Azocar,712020:a5042667-d0d7-4571-b766-9934e56fa4cb,Jair Stiven Méndez Baquero,712020:66e4c6db-2ecc-4e66-bfc2-850cc8894432,Alta,Validación del usuario,,09/jul/26 13:47,09/jul/26 17:00,
Incidente AMS,AMS-1176,42349,no se puede ingresar transporte,,,Matías Rafael Donoso Jiménez,712020:447c3261-7861-432f-9a7f-90c291135e15,Alta,Cancelado,,09/jul/26 14:35,14/jul/26 10:10,
Incidente AMS,AMS-1177,42359,motivo de reclamo VIM /opt/vim_va2,,,Matías Rafael Donoso Jiménez,712020:447c3261-7861-432f-9a7f-90c291135e15,Alta,Cancelado,,09/jul/26 15:05,14/jul/26 10:09,
Incidente S4,IS4-5080,42360,motivo de reclamo VIM /opt/vim_va2,Rafael Perez,70121:b5c44554-7b1e-4a69-bfac-dfed44364c15,Matías Rafael Donoso Jiménez,712020:447c3261-7861-432f-9a7f-90c291135e15,Alta,Resolución del Incidente,,09/jul/26 15:08,28/ago/26 16:30,
Incidente AMS,AMS-1178,42361,"Hembras con resguardo mal asignado, se solicita correcion para poder enviar a faenacion ",Sebastian Suazo,712020:6b2b9a90-6b38-4d05-ae00-17b744f21325,Jair Stiven Méndez Baquero,712020:66e4c6db-2ecc-4e66-bfc2-850cc8894432,Alta,Validación del usuario,,09/jul/26 15:10,09/jul/26 15:17,
Incidente,INC-12045,42374,Impresora - impresora no imprime,Marcelo Enrique Molina Gonzalez,712020:6ff29a06-6a09-4d45-8fa6-b2455efeaf8c,Nicolas Prieto Camelo,712020:3f87e7d5-1b59-45ae-9674-027e748fb844,Alta,Resuelto,,09/jul/26 15:38,10/jul/26 07:41,
Incidente,INC-12046,42375,Altiris - falla de conexión a unidad de red ,Marcelo Enrique Molina Gonzalez,712020:6ff29a06-6a09-4d45-8fa6-b2455efeaf8c,Nicolas Prieto Camelo,712020:3f87e7d5-1b59-45ae-9674-027e748fb844,Alta,Resuelto,,09/jul/26 15:38,10/jul/26 07:41,
Incidente,INC-12047,42376,equipo - no puede proyectar en el segundo monitor ,Marcelo Enrique Molina Gonzalez,712020:6ff29a06-6a09-4d45-8fa6-b2455efeaf8c,Nicolas Prieto Camelo,712020:3f87e7d5-1b59-45ae-9674-027e748fb844,Alta,Resuelto,,09/jul/26 15:38,10/jul/26 07:42,
Incidente,INC-12049,42382,Equipo  -  se apaga de manera constante ,Benjamin Nicolas Vidal Caroca,712020:2062d08e-0238-40d5-a11c-67396d81019b,Nicolas Prieto Camelo,712020:3f87e7d5-1b59-45ae-9674-027e748fb844,Alta,Validación del usuario,,09/jul/26 15:51,09/jul/26 17:00,
Incidente S4,IS4-5083,42383,Headers and buttons translation,,,Josue Colocho Monge,712020:97142ce0-89ce-4eaa-a422-c23ce7a0960b,Alta,Equipo Resolutor Asignado,,09/jul/26 15:53,20/jul/26 13:37,
Incidente AMS,AMS-1181,42417,Datos de agua no se reflejan en Conectate,Crhistopher Sepulveda Gomez,712020:13f39121-e6b4-4cda-a566-699f9a1d5cfd,Franco Guinez A,712020:a3795c3a-aa5f-4cea-8071-60172591b157,Alta,Validación del usuario,,09/jul/26 18:24,10/jul/26 11:42,
Incidente,INC-12081,42447,[SAP SPR] Error SAP GUI FOR WINDOWS 800 / SAP no se esta conectando al servidor,Kevin Alexis Maldonado Muñoz,712020:c8eacfb5-650a-4c88-857f-2414a8f12044,Karol Dayanna Palomino Serrano,712020:e4df31f3-cc17-4db7-b128-efd436a7f3c9,Alta,Validación del usuario,,10/jul/26 05:54,17/jul/26 09:14,
Incidente S4,IS4-5106,42451,problema RFC,Jorge Andres Perez Saez,712020:5584c1ba-2f69-4291-b750-558fd5e49056,Erik Avello,712020:9d91180a-22c7-4d43-9eab-97c8cf49ecbf,Alta,Validación del usuario,,10/jul/26 06:38,26/ago/26 10:14,
Incidente AMS,AMS-1182,42458, [PORTAL PROVEEDORES / SAP] Falla en sincronización de interfaz de datos: nuevos proveedores,,,Karol Dayanna Palomino Serrano,712020:e4df31f3-cc17-4db7-b128-efd436a7f3c9,Alta,Cancelado,,10/jul/26 07:55,14/jul/26 10:09,
Incidente,INC-12089,42469,Equipo dejo de Cargar la Energia,Victor Manuel Currieco Marillan,712020:6499dafd-420b-45b4-8f3a-35c37c05a5c8,Cristian Fernando Gonzalez Salazar,712020:fea82959-496f-4b4f-b771-47213d3e02cd,Alta,Validación del usuario,,10/jul/26 08:38,10/jul/26 10:53,
Incidente,INC-12101,42491,RE: Se ha creado el requerimiento IS4-5110,,,Javiera Francisca Allendes Castillo,712020:e4390b38-2d23-4612-8890-e5b6001f10d2,Alta,Creado,,10/jul/26 09:20,10/jul/26 09:20,
Requerimiento,REQ-480,42494,CONSULTA TICKET REQ-2450,Evelyn Pozo M,712020:8120de32-7eac-45d7-b464-84865a422b01,Evelyn Pozo M,712020:8120de32-7eac-45d7-b464-84865a422b01,Media,Revisión del N1,,10/jul/26 09:26,10/jul/26 09:33,
Incidente AMS,AMS-1184,42506,cuadrar mortalidad de lechones de la sala 6 correlativo 402,Crhistopher Sepulveda Gomez,712020:13f39121-e6b4-4cda-a566-699f9a1d5cfd,Jair Stiven Méndez Baquero,712020:66e4c6db-2ecc-4e66-bfc2-850cc8894432,Alta,Validación del usuario,,10/jul/26 09:52,10/jul/26 11:46,
Incidente AMS,AMS-1185,42524,Problemas con Legacy,Sebastian Suazo,712020:6b2b9a90-6b38-4d05-ae00-17b744f21325,Cristian Fernando Gonzalez Salazar,712020:fea82959-496f-4b4f-b771-47213d3e02cd,Alta,Validación del usuario,,10/jul/26 10:43,10/jul/26 11:48,
Incidente,INC-12118,42526,Revision de equipo por problemas de rendimiento y daño en las teclas ,Gustavo Adolfo Fierro Morales,712020:34251f21-925f-4970-bea7-659d3ebfa34a,Jair Stiven Méndez Baquero,712020:66e4c6db-2ecc-4e66-bfc2-850cc8894432,Alta,Validación del usuario,,10/jul/26 10:44,10/jul/26 15:10,
Incidente S4,IS4-5116,42527,"error, en la transacción ZML_ARENDTROZADO_PRO - Rendimiento de Trozado para Aves.",Francisco Javier Meneses Labatut,712020:25b1599a-7d16-430d-9304-bd0a59164714,Guillermo Antonio Valdivia Morales,712020:8f8207f9-a5b6-444d-801b-229b4a75c194,Alta,Validación del usuario,,10/jul/26 10:44,24/ago/26 15:39,
Incidente S4,IS4-5119,42533,RE: IS4-4888 Revisión de partición de facturas en transacción VF01,,,Maria Jose Perez Carquin,712020:04da1def-7183-4ef0-87dc-24e57a0b3419,Alta,Creado,,10/jul/26 11:02,10/jul/26 11:02,
Incidente S4,IS4-5126,42556,RE: IS4-4948 Error en configuración de material 1022885 y 1021156 genera descuentos de materiales no correspondientes luego de proceso de cierre de ordenes ,,,Juan Francisco Garrido Gomez,712020:ce8d4475-6f47-4fa5-bc0f-818dc8f0b661,Alta,Creado,,10/jul/26 11:32,10/jul/26 11:32,
Incidente AMS,AMS-1187,42580,no se pueden destetar salas,Crhistopher Sepulveda Gomez,712020:13f39121-e6b4-4cda-a566-699f9a1d5cfd,Matías Rafael Donoso Jiménez,712020:447c3261-7861-432f-9a7f-90c291135e15,Alta,Validación del usuario,,10/jul/26 12:17,11/ago/26 12:50,
Incidente,INC-12140,42589,Error de distribución de carga 88 en SAP SPR,Kevin Alexis Maldonado Muñoz,712020:c8eacfb5-650a-4c88-857f-2414a8f12044,Evelyn Pozo M,712020:8120de32-7eac-45d7-b464-84865a422b01,Alta,Validación del usuario,,10/jul/26 12:40,17/jul/26 09:15,
Incidente AMS,AMS-1188,42591,Error al ingresar datos en Conéctate,,,Benjamín Reyes Aravena,712020:69f5cef6-164b-4af6-9971-75c05d019041,Alta,Validación del usuario,,10/jul/26 12:41,11/ago/26 12:49,
Incidente S4,IS4-5139,42635,Incidente emisión de guía contingencia,Jazmin Ulloa Castillo,70121:720243fc-8069-4ba1-b414-3e11b13052c1,Emilio Alejandro Ruiz Correa,712020:140fca0e-5eed-48ae-a9aa-4abecf1321b8,Alta,Equipo Resolutor Asignado,,10/jul/26 15:44,10/jul/26 17:26,
Incidente,INC-12161,42644,problemas ingreso afo,Jorge Arnaldo Quiroz Olmos,712020:4e6376c9-f6d2-4bc4-b833-100074be9526,Matías Rafael Donoso Jiménez,712020:447c3261-7861-432f-9a7f-90c291135e15,Alta,Validación del usuario,,10/jul/26 15:56,15/jul/26 10:42,
Incidente,INC-12163,42648,Comportamiento irregular en acceso a aplicativos según tipo de conexión,Fernando Esteban Fuentes Morales,712020:fe5bcc67-ea2e-4406-b5b9-58211a6e5c8b,Benjamín Reyes Aravena,712020:69f5cef6-164b-4af6-9971-75c05d019041,Alta,Validación del usuario,,10/jul/26 16:01,10/jul/26 17:06,
Incidente AMS,AMS-1192,42666,Problemas con Insumos trazables - Conéctate ,Diego Flores,712020:314bedea-6181-4d50-97d5-e114b8742d38,Bastian González M,712020:9607098c-323a-4de8-a44a-9176793df19d,Alta,Validación del usuario,,10/jul/26 16:59,10/jul/26 18:09,
Incidente,INC-12172,42667,usuario no tiene acceso a internet,Benjamin Nicolas Vidal Caroca,712020:2062d08e-0238-40d5-a11c-67396d81019b,Karoline Yised Lasso Torres,712020:172259ea-a77e-46f6-af04-a5c338f112f8,Alta,Validación del usuario,,10/jul/26 17:04,13/jul/26 08:37,
Incidente S4,IS4-5150,42674,Despegable de notificaciones no da acuse de actividades abiertas ,,,Romina De Lourdes Hernandez Manriquez,712020:4f641638-fee0-4550-bbb6-14aff9dea01c,Alta,Equipo Resolutor Asignado,,10/jul/26 17:24,15/jul/26 08:26,
Incidente AMS,AMS-1193,42676,no aparecen guías en conectate. ,Diego Flores,712020:314bedea-6181-4d50-97d5-e114b8742d38,Jhonny Torres N,712020:3cecf351-efbc-43f7-8cdc-ccc90034c4a0,Alta,Validación del usuario,,10/jul/26 17:39,23/jul/26 11:03,
Incidente S4,IS4-5151,42690,Re: IS4-5148 Favor dejar etiquetas y ump en status A libres de entrega y transporte asociado,,,Cristian Ramon Mella Jorquera,712020:9094d3a9-7a88-487e-a1a8-361c4b6304ce,Alta,Creado,,10/jul/26 21:54,10/jul/26 21:54,
Incidente,INC-12185,42695,No Tiene acceso a sap,Benjamin Nicolas Vidal Caroca,712020:2062d08e-0238-40d5-a11c-67396d81019b,Karoline Yised Lasso Torres,712020:172259ea-a77e-46f6-af04-a5c338f112f8,Alta,Validación del usuario,,10/jul/26 23:46,13/jul/26 11:04,
Incidente,INC-12195,42711,MONITOREO - INTERMITENCIA INTERNET LOS OLIVOS 2,Carlos Alberto Pavez Diaz,712020:07f89943-bb5b-4b7c-a927-9777b941f3cb,Ivette Sepulveda B,712020:563aa2d0-0127-4b79-a108-c061e76eb239,Alta,Validación del usuario,,11/jul/26 08:02,31/ago/26 15:54,
Incidente AMS,AMS-1196,42721,Conectate - no puede recepcionar guias ,Rafael Perez,70121:b5c44554-7b1e-4a69-bfac-dfed44364c15,Nicolas Prieto Camelo,712020:3f87e7d5-1b59-45ae-9674-027e748fb844,Alta,Validación del usuario,,11/jul/26 10:20,05/ago/26 12:47,
Incidente,INC-12216,42743,"Sincronización congelada en bucle ""Procesando cambios""",Jacinth Andrew Cordova Marcano,712020:2cbd7839-f70b-4079-a0ca-3c26f66080aa,Karol Dayanna Palomino Serrano,712020:e4df31f3-cc17-4db7-b128-efd436a7f3c9,Alta,Resuelto,,11/jul/26 15:48,07/ago/26 12:23,
Incidente,INC-12221,42751,MONITOREO Ex-Sopraval Humedad Relativa 3,Martin Horacio Ramirez Riquelme,712020:bb4df128-bdb5-431a-b8a1-5431a84aaa16,Alejandro Enrique Gonzalez Bracho,712020:2a91d042-9782-44ad-8944-fe1523f3889d,Alta,Validación del usuario,,11/jul/26 17:24,24/jul/26 16:28,
Incidente,INC-12225,42758,Falla monitoreo WMI servicio SAPRouter en servidor SAP Router Payroll,Jacinth Andrew Cordova Marcano,712020:2cbd7839-f70b-4079-a0ca-3c26f66080aa,Benjamín Reyes Aravena,712020:69f5cef6-164b-4af6-9971-75c05d019041,Alta,Resuelto,,12/jul/26 09:44,07/ago/26 12:22,
Incidente,INC-12259,42806,Equipo no enciende,Benjamin Nicolas Vidal Caroca,712020:2062d08e-0238-40d5-a11c-67396d81019b,Jhonny Torres N,712020:3cecf351-efbc-43f7-8cdc-ccc90034c4a0,Alta,Validación del usuario,,13/jul/26 08:41,13/jul/26 11:03,
Incidente,INC-12260,42808, Error de distribución de carga 88 en SAP SPR,Kevin Alexis Maldonado Muñoz,712020:c8eacfb5-650a-4c88-857f-2414a8f12044,Evelyn Pozo M,712020:8120de32-7eac-45d7-b464-84865a422b01,Alta,Validación del usuario,,13/jul/26 08:42,17/jul/26 09:17,
Incidente AMS,AMS-1198,42813,Contabilización de PDA en status D vara caliente con cabeza,,,Camila Alexandra Soto Saxton,712020:1f4e38fb-6ac1-4c81-b863-ad36f1502b40,Alta,Cancelado,,13/jul/26 08:53,14/jul/26 10:08,
Incidente S4,IS4-5168,42815,RE: IS4-4747 UMPS con error de devolución ,,,Diego Ignacio Fortuzzi Gonzalez,712020:6de01407-0042-48c9-96de-c4279702653a,Alta,Creado,,13/jul/26 08:54,13/jul/26 08:55,
Incidente,INC-12268,42823,Falla al ingresar a notebook. ,Gustavo Adolfo Fierro Morales,712020:34251f21-925f-4970-bea7-659d3ebfa34a,Evelyn Pozo M,712020:8120de32-7eac-45d7-b464-84865a422b01,Alta,Validación del usuario,,13/jul/26 09:11,14/jul/26 16:05,
Incidente,INC-12290,42862,Revision de equipo por problemas de funcionamiento,Benjamin Nicolas Vidal Caroca,712020:2062d08e-0238-40d5-a11c-67396d81019b,Franco Guinez A,712020:a3795c3a-aa5f-4cea-8071-60172591b157,Alta,Validación del usuario,,13/jul/26 10:13,13/jul/26 12:11,
Incidente,INC-12296,42875,Usuario solicita revision de su equipo notebook,Gustavo Adolfo Fierro Morales,712020:34251f21-925f-4970-bea7-659d3ebfa34a,Alejandro Enrique Gonzalez Bracho,712020:2a91d042-9782-44ad-8944-fe1523f3889d,Alta,Validación del usuario,,13/jul/26 10:37,20/jul/26 08:48,
Incidente AMS,AMS-1201,42876,Diferencia de información entre Legacy y SAP en registro de insumos,Diego Flores,712020:314bedea-6181-4d50-97d5-e114b8742d38,Benjamín Reyes Aravena,712020:69f5cef6-164b-4af6-9971-75c05d019041,Alta,Validación del usuario,,13/jul/26 10:42,15/jul/26 15:02,
Incidente AMS,AMS-1202,42878,Error en facturacion,,,Franco Guinez A,712020:a3795c3a-aa5f-4cea-8071-60172591b157,Alta,Cancelado,,13/jul/26 10:50,14/jul/26 10:08,
Incidente S4,IS4-5180,42880,Cambio de nombre de razon social no esta impactado en CX,,,Romina De Lourdes Hernandez Manriquez,712020:4f641638-fee0-4550-bbb6-14aff9dea01c,Alta,Equipo Resolutor Asignado,,13/jul/26 10:57,20/ago/26 10:05,
Incidente,INC-12300,42891,Problema en equipo,Marcelo Enrique Molina Gonzalez,712020:6ff29a06-6a09-4d45-8fa6-b2455efeaf8c,Sebastian Latife,712020:523fdaee-0def-45cd-99d0-88abc4b3104d,Alta,Resuelto,,13/jul/26 11:25,13/jul/26 15:38,
Incidente,INC-12306,42904,Sharepoint portal proveedores - no es posible invitar a un proveedor ,Marcelo Patricio Celis Retamal,712020:077cd782-bf12-45d5-81ef-952c99739577,Nicolas Prieto Camelo,712020:3f87e7d5-1b59-45ae-9674-027e748fb844,Alta,Resuelto,,13/jul/26 11:53,17/ago/26 16:11,
Incidente,INC-12308,42908,revisión de equipo,Jonathan Andres Navarro Azocar,712020:a5042667-d0d7-4571-b766-9934e56fa4cb,Jhonny Torres N,712020:3cecf351-efbc-43f7-8cdc-ccc90034c4a0,Alta,Validación del usuario,,13/jul/26 11:57,14/jul/26 14:47,
Requerimiento,REQ-571,42915,instalación de legacy ,,,Jhonny Torres N,712020:3cecf351-efbc-43f7-8cdc-ccc90034c4a0,Media,Validación de requisitos,,13/jul/26 12:25,03/ago/26 12:09,
Incidente,INC-12316,42923,Error fiori ,Enzo Sebastian Osorio Tiznado,712020:bdc566f5-eb54-4451-8fc0-407773ddbcaa,Jhonny Torres N,712020:3cecf351-efbc-43f7-8cdc-ccc90034c4a0,Alta,Validación del usuario,,13/jul/26 12:40,22/jul/26 09:46,
Incidente,INC-12320,42938,Telefono movil - falla de señal y pantalla quebrada,Benjamin Nicolas Vidal Caroca,712020:2062d08e-0238-40d5-a11c-67396d81019b,Nicolas Prieto Camelo,712020:3f87e7d5-1b59-45ae-9674-027e748fb844,Alta,Validación del usuario,,13/jul/26 13:15,13/jul/26 15:48,
Incidente,INC-12332,42972,Usuario presenta problema con la app ChatGPT por Bloqueo Fortinet,Scarlet Aracely Muñoz Castillo,712020:34dce0a0-0ac6-4759-a94a-13e2ae86b706,Alejandro Enrique Gonzalez Bracho,712020:2a91d042-9782-44ad-8944-fe1523f3889d,Alta,Resuelto,,13/jul/26 14:27,13/jul/26 15:51,
Incidente,INC-12334,42977,RE: Se ha creado el requerimiento AMS-1208,,,Grupo 6 Cerdos Reprod,712020:eb271fbd-1b78-4a7a-a362-a9b5300aeb26,Alta,Creado,,13/jul/26 14:34,13/jul/26 14:34,
Incidente AMS,AMS-1210,42980,error 1060 legacy,,,Jhonny Torres N,712020:3cecf351-efbc-43f7-8cdc-ccc90034c4a0,Alta,Cancelado,,13/jul/26 14:43,14/jul/26 09:27,
Incidente AMS,AMS-1211,42987,error 500 conectate,Crhistopher Sepulveda Gomez,712020:13f39121-e6b4-4cda-a566-699f9a1d5cfd,Jhonny Torres N,712020:3cecf351-efbc-43f7-8cdc-ccc90034c4a0,Alta,Validación del usuario,,13/jul/26 14:57,13/jul/26 16:03,
Incidente,INC-12340,42990,Equipo  - falla con puerto ethernet ,Jonathan Andres Navarro Azocar,712020:a5042667-d0d7-4571-b766-9934e56fa4cb,Nicolas Prieto Camelo,712020:3f87e7d5-1b59-45ae-9674-027e748fb844,Alta,Validación del usuario,,13/jul/26 15:10,14/jul/26 12:29,
Incidente,INC-12342,42994,Error 1060 legacy,Jorge Arnaldo Quiroz Olmos,712020:4e6376c9-f6d2-4bc4-b833-100074be9526,Evelyn Pozo M,712020:8120de32-7eac-45d7-b464-84865a422b01,Alta,Validación del usuario,,13/jul/26 15:14,13/jul/26 16:19,
Incidente,INC-12352,43008,Sin señal de antenas conectate,Marcelo Enrique Molina Gonzalez,712020:6ff29a06-6a09-4d45-8fa6-b2455efeaf8c,Karoline Yised Lasso Torres,712020:172259ea-a77e-46f6-af04-a5c338f112f8,Alta,Resuelto,,13/jul/26 15:48,14/jul/26 08:38,
Incidente,INC-12354,43011,falla al acceder a recuerso compartido,Marcelo Enrique Molina Gonzalez,712020:6ff29a06-6a09-4d45-8fa6-b2455efeaf8c,Karoline Yised Lasso Torres,712020:172259ea-a77e-46f6-af04-a5c338f112f8,Alta,Resuelto,,13/jul/26 15:50,14/jul/26 08:38,
Incidente,INC-12356,43014,actualizar sistema de ventilacion,Marcelo Enrique Molina Gonzalez,712020:6ff29a06-6a09-4d45-8fa6-b2455efeaf8c,Karoline Yised Lasso Torres,712020:172259ea-a77e-46f6-af04-a5c338f112f8,Alta,Resuelto,,13/jul/26 15:52,14/jul/26 08:42,
Incidente AMS,AMS-1212,43015,Error en el procesamiento de OC.,,,Benjamín Reyes Aravena,712020:69f5cef6-164b-4af6-9971-75c05d019041,Alta,Cancelado,,13/jul/26 15:53,14/jul/26 10:05,
Incidente,INC-12357,43016,falla con segundo monitor,Marcelo Enrique Molina Gonzalez,712020:6ff29a06-6a09-4d45-8fa6-b2455efeaf8c,Karoline Yised Lasso Torres,712020:172259ea-a77e-46f6-af04-a5c338f112f8,Alta,Resuelto,,13/jul/26 15:54,14/jul/26 08:39,
Incidente,INC-12359,43018,buzón lleno ,Marcelo Patricio Celis Retamal,712020:077cd782-bf12-45d5-81ef-952c99739577,Jhonny Torres N,712020:3cecf351-efbc-43f7-8cdc-ccc90034c4a0,Alta,Resuelto,,13/jul/26 15:56,17/ago/26 15:50,
Requerimiento,REQ-597,43033,Llamado de consulta,Jhonny Torres N,712020:3cecf351-efbc-43f7-8cdc-ccc90034c4a0,Jhonny Torres N,712020:3cecf351-efbc-43f7-8cdc-ccc90034c4a0,Media,Revisión del N1,,13/jul/26 16:14,13/jul/26 16:21,
Incidente AMS,AMS-1215,43035,"[CONÉCTATE] Error ""No existe 'Macho'"" al procesar recepción de Dosis Laboratorio – N° Macho 10790",Diego Flores,712020:314bedea-6181-4d50-97d5-e114b8742d38,Karol Dayanna Palomino Serrano,712020:e4df31f3-cc17-4db7-b128-efd436a7f3c9,Alta,Validación del usuario,,13/jul/26 16:19,13/jul/26 16:48,
Incidente,INC-12377,43050,Problema con Successfactor,DANILO ESTEBAN Rodriguez Leiva,637297188fd2d2d5f12bc7aa,Sebastian Latife,712020:523fdaee-0def-45cd-99d0-88abc4b3104d,Alta,Validación del usuario,,13/jul/26 16:50,14/jul/26 17:59,
Incidente,INC-12390,43068,BLOQUEO DE FUNCIONALIDADES EN ChatGPT,Scarlet Aracely Muñoz Castillo,712020:34dce0a0-0ac6-4759-a94a-13e2ae86b706,Ivette Sepulveda B,712020:563aa2d0-0127-4b79-a108-c061e76eb239,Alta,Resuelto,,13/jul/26 17:37,14/jul/26 09:22,
Incidente,INC-12391,43069,BUZON DE ALMACENAMIENTO LLENO,Patrick Boris Abnet Muñoz  Molina,712020:ac944e1e-85dd-4869-b78d-ba8112bb7484,Ivette Sepulveda B,712020:563aa2d0-0127-4b79-a108-c061e76eb239,Alta,Validación del usuario,,13/jul/26 17:41,14/jul/26 14:25,
Requerimiento,REQ-602,43077,Instalar aplicaciones,,,Maria Jose Abud Pizarro,712020:1371bff8-0337-40c8-a6f7-b3cfe399e51f,Media,Validación de requisitos,,13/jul/26 18:36,13/jul/26 18:40,
Requerimiento,REQ-603,43078,Instalar aplicaciones,,,Maria Jose Abud Pizarro,712020:1371bff8-0337-40c8-a6f7-b3cfe399e51f,Media,Validación de requisitos,,13/jul/26 18:39,13/jul/26 21:51,
Incidente,INC-12406,43100,LENTITUD DE HMI,Hector Mauricio Maturana Sepulveda,712020:5ef99b58-b0e5-4fa4-bf37-5ecd42e4f255,Ivette Sepulveda B,712020:563aa2d0-0127-4b79-a108-c061e76eb239,Alta,Resuelto,,13/jul/26 23:12,14/jul/26 00:01,
Incidente AMS,AMS-1218,43130,Conectate - Hembras en estado de resguardo por error ,Crhistopher Sepulveda Gomez,712020:13f39121-e6b4-4cda-a566-699f9a1d5cfd,Nicolas Prieto Camelo,712020:3f87e7d5-1b59-45ae-9674-027e748fb844,Alta,Validación del usuario,,14/jul/26 08:07,14/jul/26 11:42,
Incidente,INC-12425,43131,Impresora - con atasco ,Gustavo Adolfo Fierro Morales,712020:34251f21-925f-4970-bea7-659d3ebfa34a,Nicolas Prieto Camelo,712020:3f87e7d5-1b59-45ae-9674-027e748fb844,Alta,Validación del usuario,,14/jul/26 08:08,14/jul/26 16:10,
Incidente,INC-12429,43135,"Usuario de la planta no pueden acceder al sistema de dosificacion (Java), arroja un error ",Marcelo Patricio Celis Retamal,712020:077cd782-bf12-45d5-81ef-952c99739577,Jair Stiven Méndez Baquero,712020:66e4c6db-2ecc-4e66-bfc2-850cc8894432,Alta,Resuelto,,14/jul/26 08:28,17/ago/26 16:15,
Requerimiento,REQ-622,43158,Consulta estado ticket is4-5218,Felipe Esteban Ravellos Lara,712020:34aa28de-0baa-4f2f-92d4-785379a9a54c,Felipe Esteban Ravellos Lara,712020:34aa28de-0baa-4f2f-92d4-785379a9a54c,Media,Revisión del N1,,14/jul/26 09:13,14/jul/26 09:56,
Incidente,INC-12450,43173,Problemas con equipo ,Victor Manuel Currieco Marillan,712020:6499dafd-420b-45b4-8f3a-35c37c05a5c8,Evelyn Pozo M,712020:8120de32-7eac-45d7-b464-84865a422b01,Alta,Validación del usuario,,14/jul/26 09:43,20/jul/26 16:32,
Incidente,INC-12457,43194,bloqueos en las palmas,Scarlet Aracely Muñoz Castillo,712020:34dce0a0-0ac6-4759-a94a-13e2ae86b706,Jhonny Torres N,712020:3cecf351-efbc-43f7-8cdc-ccc90034c4a0,Alta,Resuelto,,14/jul/26 10:28,28/jul/26 11:03,
Incidente,INC-12461,43203,Revision de equipo Error en actualización de sistema / Windows,Marcelo Enrique Molina Gonzalez,712020:6ff29a06-6a09-4d45-8fa6-b2455efeaf8c,Karol Dayanna Palomino Serrano,712020:e4df31f3-cc17-4db7-b128-efd436a7f3c9,Alta,Resuelto,,14/jul/26 10:50,14/jul/26 14:55,
Incidente AMS,AMS-1220,43204,Regularización de correlativo único de macho,Sebastian Suazo,712020:6b2b9a90-6b38-4d05-ae00-17b744f21325,Evelyn Pozo M,712020:8120de32-7eac-45d7-b464-84865a422b01,Alta,Validación del usuario,,14/jul/26 10:50,14/jul/26 14:03,
Incidente,INC-12464,43207,Revision de equipo Error en actualización de sistema / Windows,Marcelo Enrique Molina Gonzalez,712020:6ff29a06-6a09-4d45-8fa6-b2455efeaf8c,Karol Dayanna Palomino Serrano,712020:e4df31f3-cc17-4db7-b128-efd436a7f3c9,Alta,Resuelto,,14/jul/26 10:54,15/jul/26 10:33,
Incidente S4,IS4-5243,43208,RE: IS4-5227 Contabilización de PDA en status D vara caliente con cabeza,,,Paola Ignacia Vasquez Rojas,712020:7ce28e5d-d156-4016-86fc-346c6dd11b6e,Alta,Creado,,14/jul/26 10:54,14/jul/26 10:54,
Incidente,INC-12466,43210,Revision de equipo Error en actualización de sistema / Windows,Marcelo Enrique Molina Gonzalez,712020:6ff29a06-6a09-4d45-8fa6-b2455efeaf8c,Karol Dayanna Palomino Serrano,712020:e4df31f3-cc17-4db7-b128-efd436a7f3c9,Alta,Resuelto,,14/jul/26 10:55,14/jul/26 14:56,
Incidente,INC-12470,43217,Revisar servidor de portal de proveedores ,DANILO ESTEBAN Rodriguez Leiva,637297188fd2d2d5f12bc7aa,Evelyn Pozo M,712020:8120de32-7eac-45d7-b464-84865a422b01,Alta,Validación del usuario,,14/jul/26 11:11,14/jul/26 13:07,
Incidente,INC-12472,43219,Lentitud crítica en planillas Excel y apertura de correos (Outlook),Gustavo Adolfo Fierro Morales,712020:34251f21-925f-4970-bea7-659d3ebfa34a,Karol Dayanna Palomino Serrano,712020:e4df31f3-cc17-4db7-b128-efd436a7f3c9,Alta,Validación del usuario,,14/jul/26 11:13,14/jul/26 15:49,
Incidente AMS,AMS-1221,43232,Usuario presenta problema con el rut 61.978.700-5 no ve reflejado el 5% del impuesto a la carne.,,,Alejandro Enrique Gonzalez Bracho,712020:2a91d042-9782-44ad-8944-fe1523f3889d,Alta,Cancelado,,14/jul/26 11:35,15/jul/26 17:32,
Incidente,INC-12485,43250,Equipo de escritorio presenta problemas de funcionamiento,Benjamin Nicolas Vidal Caroca,712020:2062d08e-0238-40d5-a11c-67396d81019b,Franco Guinez A,712020:a3795c3a-aa5f-4cea-8071-60172591b157,Alta,Validación del usuario,,14/jul/26 12:13,15/jul/26 13:45,
Incidente AMS,AMS-1224,43279,Agregar macho a la monta,Sebastian Suazo,712020:a4a56762-0331-420c-8f6d-843ae4ac3cf7,Franco Guinez A,712020:a3795c3a-aa5f-4cea-8071-60172591b157,Alta,Validación del usuario,,14/jul/26 13:32,15/jul/26 10:07,
Incidente,INC-12505,43288,Problema conexión LAN sucusal temuco,Javier Esteban Castillo Jara,712020:1cf8bc7f-946e-4e1e-84b6-962e0924cd76,Sebastian Latife,712020:523fdaee-0def-45cd-99d0-88abc4b3104d,Alta,Validación del usuario,,14/jul/26 14:04,14/jul/26 16:39,
Incidente,INC-12516,43311,Revision archivo onedrive ppt pilares,Javier Alejandro Gonzalez Abarca,712020:9fc9fa65-2e7a-4d4c-9ba5-288f12754593,Sebastian Latife,712020:523fdaee-0def-45cd-99d0-88abc4b3104d,Alta,Validación del usuario,,14/jul/26 14:37,20/jul/26 09:32,
Incidente,INC-12518,43318,AFO - falla con excel ,Jonathan Andres Navarro Azocar,712020:a5042667-d0d7-4571-b766-9934e56fa4cb,Nicolas Prieto Camelo,712020:3f87e7d5-1b59-45ae-9674-027e748fb844,Alta,Validación del usuario,,14/jul/26 15:01,14/jul/26 15:44,
Incidente S4,IS4-5265,43328,Creacion condicion de pago 42 dias en sistema SAP,,,Francisco Andres Zamorano Lopez,712020:54c0682f-cd8e-4470-a9d0-729cb0c10e60,Alta,Validación Asignación Equipo Proyecto S4,,14/jul/26 15:23,21/jul/26 08:54,
Incidente AMS,AMS-1226,43337,PROBLEMA RELANZAMIENTO DE PACKING LIST// ZTSD_MONITOR_DOC // COMEX,,,Karol Dayanna Palomino Serrano,712020:e4df31f3-cc17-4db7-b128-efd436a7f3c9,Alta,Cancelado,,14/jul/26 15:29,15/jul/26 17:32,
Incidente S4,IS4-5271,43352,PROBLEMA RELANZAMIENTO DE PACKING LIST// ZTSD_MONITOR_DOC // COMEX,LUZ ADRIANA CORREDOR GARCIA,712020:c4cdd827-d310-4562-a053-e021cad8b4d8,Sebastian Latife,712020:523fdaee-0def-45cd-99d0-88abc4b3104d,Alta,Esperando por el usuario,,14/jul/26 16:08,25/ago/26 02:41,
Incidente AMS,AMS-1228,43373,Numero de macho mal recepcionado grupo 3,Crhistopher Sepulveda Gomez,712020:13f39121-e6b4-4cda-a566-699f9a1d5cfd,Sebastian Latife,712020:523fdaee-0def-45cd-99d0-88abc4b3104d,Alta,Validación del usuario,,14/jul/26 16:38,15/jul/26 11:45,
Incidente AMS,AMS-1230,43386,Problema en pallet,,,Leidy Tatiana León Lizcano,712020:7c332f1c-beea-4c36-850d-a4bebe955356,Alta,Cancelado,,14/jul/26 17:23,15/jul/26 17:32,
Incidente,INC-12573,43431,Problema Batch,Hector Mauricio Maturana Sepulveda,712020:5ef99b58-b0e5-4fa4-bf37-5ecd42e4f255,Leidy Tatiana León Lizcano,712020:7c332f1c-beea-4c36-850d-a4bebe955356,Alta,Resuelto,,14/jul/26 22:15,14/jul/26 23:17,
Incidente,INC-12580,43450,Monitoreo- System not responding: SOP.300,Cristian Andres Galvez Hidalgo,712020:6f789acc-1c74-4a8f-ad81-8bdda7aa0b41,Matías Rafael Donoso Jiménez,712020:447c3261-7861-432f-9a7f-90c291135e15,Alta,Validación del usuario,,15/jul/26 02:51,15/jul/26 02:55,
Incidente,INC-12605,43482,Problema con memoria en outlook,Jacinth Andrew Cordova Marcano,712020:2cbd7839-f70b-4079-a0ca-3c26f66080aa,Sebastian Latife,712020:523fdaee-0def-45cd-99d0-88abc4b3104d,Alta,Resuelto,,15/jul/26 09:00,07/ago/26 12:21,
Incidente AMS,AMS-1232,43493,problema con nota credito,,,Karoline Yised Lasso Torres,712020:172259ea-a77e-46f6-af04-a5c338f112f8,Alta,Cancelado,,15/jul/26 09:20,27/jul/26 08:46,
Incidente,INC-12617,43508,RE: Se ha creado el requerimiento IS4-5288,,,Catalina Belen Sandoval Caro,712020:c7d9c2bf-418c-4b9f-8342-9df62124dce3,Alta,Creado,,15/jul/26 10:06,15/jul/26 10:06,
Incidente AMS,AMS-1234,43510,SAP - falla con los comprometidos de la oficina de Japon,,,Nicolas Prieto Camelo,712020:3f87e7d5-1b59-45ae-9674-027e748fb844,Alta,Cancelado,,15/jul/26 10:18,27/jul/26 08:46,
Incidente,INC-12623,43525,RE: Se ha creado el requerimiento IS4-5293,,,Catalina Belen Sandoval Caro,712020:c7d9c2bf-418c-4b9f-8342-9df62124dce3,Alta,Creado,,15/jul/26 11:00,15/jul/26 11:00,
Incidente AMS,AMS-1236,43532,Solicitud de retiro de hembras con resguardo para faenación,Sebastian Suazo,712020:6b2b9a90-6b38-4d05-ae00-17b744f21325,Benjamín Reyes Aravena,712020:69f5cef6-164b-4af6-9971-75c05d019041,Alta,Validación del usuario,,15/jul/26 11:27,15/jul/26 12:25,
Incidente,INC-12629,43536,Excel - falla con el complemento de IBP ,Gustavo Adolfo Fierro Morales,712020:34251f21-925f-4970-bea7-659d3ebfa34a,Nicolas Prieto Camelo,712020:3f87e7d5-1b59-45ae-9674-027e748fb844,Alta,Validación del usuario,,15/jul/26 11:35,15/jul/26 11:44,
Requerimiento,REQ-720,43538,Instalacion de punto de red ,Javier Esteban Castillo Jara,712020:1cf8bc7f-946e-4e1e-84b6-962e0924cd76,Franco Guinez A,712020:a3795c3a-aa5f-4cea-8071-60172591b157,Media,Equipo Proveedor,,15/jul/26 11:46,15/jul/26 13:04,
Incidente AMS,AMS-1237,43543,Los nodos aparecen sin informacion,Crhistopher Sepulveda Gomez,712020:13f39121-e6b4-4cda-a566-699f9a1d5cfd,Franco Guinez A,712020:a3795c3a-aa5f-4cea-8071-60172591b157,Alta,Validación del usuario,,15/jul/26 12:01,15/jul/26 17:19,
Incidente,INC-12633,43544,RE: Se ha creado el requerimiento IS4-5297,,,Catalina Belen Sandoval Caro,712020:c7d9c2bf-418c-4b9f-8342-9df62124dce3,Alta,Creado,,15/jul/26 12:03,15/jul/26 12:03,
Incidente,INC-12652,43595,Sector sin internet crianza de aves santa teresa,Javier Esteban Castillo Jara,712020:1cf8bc7f-946e-4e1e-84b6-962e0924cd76,Nicolas Prieto Camelo,712020:3f87e7d5-1b59-45ae-9674-027e748fb844,Alta,Validación del usuario,,15/jul/26 15:03,22/jul/26 14:35,
Incidente,INC-12654,43599,Revisión de tótem - Match Perfecto,Carlos Matias Silva Vallejos,712020:95d453b0-e38b-4b7e-9645-a341f5ec1736,Evelyn Pozo M,712020:8120de32-7eac-45d7-b464-84865a422b01,Alta,Validación del usuario,,15/jul/26 15:09,06/ago/26 13:45,
Incidente AMS,AMS-1244,43620,Solicitud de retiro de tratamiento de Floxinolona para faenación,Diego Flores,712020:314bedea-6181-4d50-97d5-e114b8742d38,Benjamín Reyes Aravena,712020:69f5cef6-164b-4af6-9971-75c05d019041,Alta,Validación del usuario,,15/jul/26 15:57,20/jul/26 09:24,
Incidente AMS,AMS-1245,43643,Contabilización PDAs en D,,,Camila Alexandra Soto Saxton,712020:1f4e38fb-6ac1-4c81-b863-ad36f1502b40,Alta,Cancelado,,15/jul/26 16:38,20/jul/26 15:46,
Incidente AMS,AMS-1246,43650,Error en guias de Despacho en distintas sucursales,,,Endy Villasmil,712020:de760acd-5b27-4fc2-a4ea-e31854338f83,Alta,Cancelado,,15/jul/26 16:58,17/jul/26 13:38,
Incidente,INC-12676,43664,RE: Se ha creado el requerimiento IS4-5275,,,Bruno Antonio Castillo Fuenzalida,712020:d0d2f1a4-f94b-46eb-811c-191925764e85,Alta,Creado,,15/jul/26 18:09,15/jul/26 18:09,
Incidente,INC-12679,43672,[Monitoreo] Caída de enlaces Proveedor CS,Javier Esteban Castillo Jara,712020:1cf8bc7f-946e-4e1e-84b6-962e0924cd76,Erik Avello,712020:9d91180a-22c7-4d43-9eab-97c8cf49ecbf,Alta,Validación del usuario,,15/jul/26 18:45,20/jul/26 09:43,
Incidente,INC-12680,43674,[Monitoreo] Caída de enlaces DIMABE,Javier Esteban Castillo Jara,712020:1cf8bc7f-946e-4e1e-84b6-962e0924cd76,Erik Avello,712020:9d91180a-22c7-4d43-9eab-97c8cf49ecbf,Alta,Validación del usuario,,15/jul/26 18:53,20/jul/26 09:43,
Requerimiento,REQ-787,43695,CONSULTA DERIVACION DE TK IS4 A IDENTIDADES,Ivette Sepulveda B,712020:563aa2d0-0127-4b79-a108-c061e76eb239,Ivette Sepulveda B,712020:563aa2d0-0127-4b79-a108-c061e76eb239,Media,Subtarea N1,,15/jul/26 21:05,15/jul/26 22:13,
Incidente S4,IS4-5319,43697,Error en guías de Despacho en distintas sucursales,,,Ivette Sepulveda B,712020:563aa2d0-0127-4b79-a108-c061e76eb239,Alta,Equipo Resolutor Asignado,,15/jul/26 21:10,01/sep/26 11:29,
Incidente,INC-12685,43701,[Monitoreo] Caída de enlaces Proveedor CS,Javier Esteban Castillo Jara,712020:1cf8bc7f-946e-4e1e-84b6-962e0924cd76,Erik Avello,712020:9d91180a-22c7-4d43-9eab-97c8cf49ecbf,Alta,Validación del usuario,,15/jul/26 23:57,20/jul/26 09:43,
Incidente,INC-12686,43702,[Monitoreo] Caída de enlaces Proveedor DIMABE,Javier Esteban Castillo Jara,712020:1cf8bc7f-946e-4e1e-84b6-962e0924cd76,Erik Avello,712020:9d91180a-22c7-4d43-9eab-97c8cf49ecbf,Alta,Validación del usuario,,15/jul/26 23:59,20/jul/26 09:43,
Incidente,INC-12688,43704,Monitoreo - Caida de enlace Entel y Movistar Concepcion,Javier Esteban Castillo Jara,712020:1cf8bc7f-946e-4e1e-84b6-962e0924cd76,Matías Rafael Donoso Jiménez,712020:447c3261-7861-432f-9a7f-90c291135e15,Alta,Validación del usuario,,16/jul/26 07:20,16/jul/26 09:17,
Incidente,INC-12689,43706,[Monitoreo] Caída de enlaces Proveedor Netland,Javier Esteban Castillo Jara,712020:1cf8bc7f-946e-4e1e-84b6-962e0924cd76,Matías Rafael Donoso Jiménez,712020:447c3261-7861-432f-9a7f-90c291135e15,Alta,Validación del usuario,,16/jul/26 07:38,20/jul/26 09:43,
Incidente,INC-12690,43707,Monitoreo - Caída Enlaces Cs,Javier Esteban Castillo Jara,712020:1cf8bc7f-946e-4e1e-84b6-962e0924cd76,Matías Rafael Donoso Jiménez,712020:447c3261-7861-432f-9a7f-90c291135e15,Alta,Validación del usuario,,16/jul/26 07:47,20/jul/26 09:44,
Incidente,INC-12692,43709, [Monitoreo] Caída de enlaces Proveedor Dimabe,Javier Esteban Castillo Jara,712020:1cf8bc7f-946e-4e1e-84b6-962e0924cd76,Matías Rafael Donoso Jiménez,712020:447c3261-7861-432f-9a7f-90c291135e15,Alta,Validación del usuario,,16/jul/26 07:56,20/jul/26 09:44,
Incidente,INC-12696,43716,caída de enlace,Javier Esteban Castillo Jara,712020:1cf8bc7f-946e-4e1e-84b6-962e0924cd76,Jhonny Torres N,712020:3cecf351-efbc-43f7-8cdc-ccc90034c4a0,Alta,Validación del usuario,,16/jul/26 10:09,03/ago/26 11:09,
Incidente,INC-12698,43718,caída de enlace,Javier Esteban Castillo Jara,712020:1cf8bc7f-946e-4e1e-84b6-962e0924cd76,Jhonny Torres N,712020:3cecf351-efbc-43f7-8cdc-ccc90034c4a0,Alta,Validación del usuario,,16/jul/26 10:50,20/jul/26 09:52,
Incidente,INC-12699,43719,[Monitoreo] Caída de enlaces Proveedor CS,Javier Esteban Castillo Jara,712020:1cf8bc7f-946e-4e1e-84b6-962e0924cd76,Alejandro Enrique Gonzalez Bracho,712020:2a91d042-9782-44ad-8944-fe1523f3889d,Alta,Validación del usuario,,16/jul/26 11:05,22/jul/26 14:45,
Incidente,INC-12702,43728,[Monitoreo] Caida de enlace Entel en sucursal Los Angeles,Javier Esteban Castillo Jara,712020:1cf8bc7f-946e-4e1e-84b6-962e0924cd76,Alejandro Enrique Gonzalez Bracho,712020:2a91d042-9782-44ad-8944-fe1523f3889d,Alta,Validación del usuario,,16/jul/26 14:33,17/jul/26 00:36,
Incidente,INC-12703,43729,[Monitoreo] Caida de enlace Movistar en sucursal Los Angeles,Javier Esteban Castillo Jara,712020:1cf8bc7f-946e-4e1e-84b6-962e0924cd76,Alejandro Enrique Gonzalez Bracho,712020:2a91d042-9782-44ad-8944-fe1523f3889d,Alta,Validación del usuario,,16/jul/26 15:03,17/jul/26 00:36,
Incidente,INC-12704,43731,sector sin internet,Javier Esteban Castillo Jara,712020:1cf8bc7f-946e-4e1e-84b6-962e0924cd76,Karoline Yised Lasso Torres,712020:172259ea-a77e-46f6-af04-a5c338f112f8,Alta,Validación del usuario,,16/jul/26 15:17,03/ago/26 11:09,
Incidente,INC-12706,43733,Caída de Internet y pérdida de Bioseguridad en Portería El Ajial,Javier Esteban Castillo Jara,712020:1cf8bc7f-946e-4e1e-84b6-962e0924cd76,Karol Dayanna Palomino Serrano,712020:e4df31f3-cc17-4db7-b128-efd436a7f3c9,Alta,Validación del usuario,,16/jul/26 17:26,16/jul/26 18:05,
Incidente,INC-12708,43735,[Monitoreo] Caída de enlaces proveedor Netland,Javier Esteban Castillo Jara,712020:1cf8bc7f-946e-4e1e-84b6-962e0924cd76,Erik Avello,712020:9d91180a-22c7-4d43-9eab-97c8cf49ecbf,Alta,Validación del usuario,,16/jul/26 18:59,22/jul/26 14:45,
Incidente,INC-12709,43736,[Monitoreo] Caída de enlaces proveedor DIMABE,Javier Esteban Castillo Jara,712020:1cf8bc7f-946e-4e1e-84b6-962e0924cd76,Erik Avello,712020:9d91180a-22c7-4d43-9eab-97c8cf49ecbf,Alta,Validación del usuario,,16/jul/26 19:55,22/jul/26 14:52,
Incidente,INC-12714,43741,[Monitoreo] Caída de enlaces Proveedor DIMABE,Javier Esteban Castillo Jara,712020:1cf8bc7f-946e-4e1e-84b6-962e0924cd76,Erik Avello,712020:9d91180a-22c7-4d43-9eab-97c8cf49ecbf,Alta,Validación del usuario,,17/jul/26 00:03,22/jul/26 14:51,
Incidente,INC-12715,43742,[Monitoreo] Caída de enlaces CS,Javier Esteban Castillo Jara,712020:1cf8bc7f-946e-4e1e-84b6-962e0924cd76,Erik Avello,712020:9d91180a-22c7-4d43-9eab-97c8cf49ecbf,Alta,Validación del usuario,,17/jul/26 00:05,22/jul/26 14:53,
Incidente,INC-12719,43747,Sin acceso a correo corporativo por viaje internacional,Scarlet Aracely Muñoz Castillo,712020:34dce0a0-0ac6-4759-a94a-13e2ae86b706,Jair Stiven Méndez Baquero,712020:66e4c6db-2ecc-4e66-bfc2-850cc8894432,Alta,Resuelto,,17/jul/26 02:16,17/jul/26 11:12,
Incidente,INC-12721,43750,Monitoreo - Caída de enlaces Proveedor Netland,Javier Esteban Castillo Jara,712020:1cf8bc7f-946e-4e1e-84b6-962e0924cd76,Bastian González M,712020:9607098c-323a-4de8-a44a-9176793df19d,Alta,Validación del usuario,,17/jul/26 03:35,22/jul/26 14:55,
Incidente,INC-12722,43751,Monitoreo - Caída de enlaces Proveedor CS,Javier Esteban Castillo Jara,712020:1cf8bc7f-946e-4e1e-84b6-962e0924cd76,Bastian González M,712020:9607098c-323a-4de8-a44a-9176793df19d,Alta,Validación del usuario,,17/jul/26 03:36,22/jul/26 21:54,
Incidente,INC-12726,43758,Monitoreo - Caída de enlaces Proveedor CS,Javier Esteban Castillo Jara,712020:1cf8bc7f-946e-4e1e-84b6-962e0924cd76,Bastian González M,712020:9607098c-323a-4de8-a44a-9176793df19d,Alta,Validación del usuario,,17/jul/26 07:05,20/jul/26 09:40,
Incidente S4,IS4-5327,43761,Libro ha llegado al límite de folios,Christian Mendez,712020:d3138b76-6aa2-432d-8832-e38d9cbf41e1,Frigorifico Vina del Mar,712020:11e3d3c1-a2d7-4093-9b40-a2874cf55959,Alta,Validación del usuario,,17/jul/26 07:34,20/jul/26 09:32,
Incidente,INC-12738,43783,Telefono celular - sector las diucas no enciende,Marcelo Enrique Molina Gonzalez,712020:6ff29a06-6a09-4d45-8fa6-b2455efeaf8c,Nicolas Prieto Camelo,712020:3f87e7d5-1b59-45ae-9674-027e748fb844,Alta,Resuelto,,17/jul/26 08:51,17/jul/26 12:09,
Incidente,INC-12744,43811,sin internet ,Javier Esteban Castillo Jara,712020:1cf8bc7f-946e-4e1e-84b6-962e0924cd76,Jhonny Torres N,712020:3cecf351-efbc-43f7-8cdc-ccc90034c4a0,Alta,Validación del usuario,,17/jul/26 09:47,29/jul/26 11:37,
Incidente,INC-12748,43819,Sucursal Viña del Mar - Sin servicio Internet,Javier Esteban Castillo Jara,712020:1cf8bc7f-946e-4e1e-84b6-962e0924cd76,Jonathan Ivo Milenko Carrasco Piña,712020:5ac2a5cf-ca53-47f2-9c59-4d37b2d42f65,Alta,Validación del usuario,,17/jul/26 10:13,03/ago/26 15:17,
Incidente,INC-12750,43822,Sector sin servicio de internet,Javier Esteban Castillo Jara,712020:1cf8bc7f-946e-4e1e-84b6-962e0924cd76,Franco Guinez A,712020:a3795c3a-aa5f-4cea-8071-60172591b157,Alta,Validación del usuario,,17/jul/26 10:22,30/jul/26 16:22,
Incidente,INC-12757,43838,sectores sin internet. ,Javier Esteban Castillo Jara,712020:1cf8bc7f-946e-4e1e-84b6-962e0924cd76,Jhonny Torres N,712020:3cecf351-efbc-43f7-8cdc-ccc90034c4a0,Alta,Validación del usuario,,17/jul/26 11:05,22/jul/26 22:32,
Incidente AMS,AMS-1251,43862,Conectate - sacar hembras de resguardo,Crhistopher Sepulveda Gomez,712020:13f39121-e6b4-4cda-a566-699f9a1d5cfd,Nicolas Prieto Camelo,712020:3f87e7d5-1b59-45ae-9674-027e748fb844,Alta,Validación del usuario,,17/jul/26 11:53,17/jul/26 12:33,
Incidente AMS,AMS-1252,43863,modificar peso,Diego Flores,712020:314bedea-6181-4d50-97d5-e114b8742d38,Franco Guinez A,712020:a3795c3a-aa5f-4cea-8071-60172591b157,Alta,Validación del usuario,,17/jul/26 11:55,17/jul/26 12:41,
Incidente AMS,AMS-1253,43873,Ingreso de correlativo de falta de macho,Sebastian Suazo,712020:6b2b9a90-6b38-4d05-ae00-17b744f21325,Felipe Esteban Ravellos Lara,712020:34aa28de-0baa-4f2f-92d4-785379a9a54c,Alta,Validación del usuario,,17/jul/26 12:07,17/jul/26 12:30,
Incidente S4,IS4-5349,43878,error con fechas de pedidos,,,Jhonny Torres N,712020:3cecf351-efbc-43f7-8cdc-ccc90034c4a0,Alta,Equipo Resolutor Asignado,,17/jul/26 12:13,28/jul/26 11:14,
Incidente AMS,AMS-1254,43880,Se necesita sacar salto de celo a 2 números de hembras y montar hembras con fecha: 16-07-2026,Diego Flores,712020:314bedea-6181-4d50-97d5-e114b8742d38,Evelyn Pozo M,712020:8120de32-7eac-45d7-b464-84865a422b01,Alta,Validación del usuario,,17/jul/26 12:16,17/jul/26 15:26,
Incidente AMS,AMS-1256,43901,Eliminar guia,Sebastian Suazo,712020:6b2b9a90-6b38-4d05-ae00-17b744f21325,Franco Guinez A,712020:a3795c3a-aa5f-4cea-8071-60172591b157,Alta,Validación del usuario,,17/jul/26 13:17,17/jul/26 14:45,
Incidente,INC-12778,43906,Reinicio de Maquina de Virtual,Marcelo Patricio Celis Retamal,712020:077cd782-bf12-45d5-81ef-952c99739577,Franco Guinez A,712020:a3795c3a-aa5f-4cea-8071-60172591b157,Alta,Resuelto,,17/jul/26 13:45,17/ago/26 16:16,
Incidente S4,IS4-5356,43914,.Lentitud integración Innova - SAP,,,Sebastian Rodrigo Diaz Diaz,712020:c0d3cd53-7fbe-4028-8f38-cec714e28631,Alta,Equipo Resolutor Asignado,,17/jul/26 13:59,11/ago/26 13:39,
Incidente S4,IS4-5358,43931,Regularización kilos GO Costillar 75 Mitad Marinado,Francisco Javier Meneses Labatut,712020:25b1599a-7d16-430d-9304-bd0a59164714,Jordan Gabriel Blanco Ibañez,712020:42bf878f-1454-4049-83e2-f4ced6ae9d7d,Alta,Validación del usuario,,17/jul/26 14:47,24/ago/26 15:39,
Incidente,INC-12821,43989,Caída de enlaces Movistar - Entel (Viña del mar),Javier Esteban Castillo Jara,712020:1cf8bc7f-946e-4e1e-84b6-962e0924cd76,Erik Avello,712020:9d91180a-22c7-4d43-9eab-97c8cf49ecbf,Alta,Validación del usuario,,17/jul/26 17:04,17/jul/26 18:06,
Incidente,INC-12825,43999,Error de dominio no disponible tras instalación de VPN – Carolina Oyaneder Castillo,Benjamin Nicolas Vidal Caroca,712020:2062d08e-0238-40d5-a11c-67396d81019b,Karol Dayanna Palomino Serrano,712020:e4df31f3-cc17-4db7-b128-efd436a7f3c9,Alta,Resuelto,,17/jul/26 18:03,20/jul/26 07:44,
Incidente,INC-12832,44013,[Monitoreo] Caída de enlaces Proveedor CS,Javier Esteban Castillo Jara,712020:1cf8bc7f-946e-4e1e-84b6-962e0924cd76,Erik Avello,712020:9d91180a-22c7-4d43-9eab-97c8cf49ecbf,Alta,Validación del usuario,,17/jul/26 22:02,20/jul/26 09:39,
Incidente,INC-12833,44015,[Monitoreo] Caída de enlaces Proveedor Netland,Javier Esteban Castillo Jara,712020:1cf8bc7f-946e-4e1e-84b6-962e0924cd76,Erik Avello,712020:9d91180a-22c7-4d43-9eab-97c8cf49ecbf,Alta,Validación del usuario,,17/jul/26 22:08,20/jul/26 09:39,
Incidente,INC-12843,44028,Monitoreo - Caida de enlace Entel y Movistar Concepcion,Javier Esteban Castillo Jara,712020:1cf8bc7f-946e-4e1e-84b6-962e0924cd76,Matías Rafael Donoso Jiménez,712020:447c3261-7861-432f-9a7f-90c291135e15,Alta,Validación del usuario,,18/jul/26 01:38,03/ago/26 11:09,
Incidente,INC-12847,44035,Monitoreo - Caida de enlaces cs,Javier Esteban Castillo Jara,712020:1cf8bc7f-946e-4e1e-84b6-962e0924cd76,Matías Rafael Donoso Jiménez,712020:447c3261-7861-432f-9a7f-90c291135e15,Alta,Validación del usuario,,18/jul/26 07:21,22/jul/26 22:30,
Incidente,INC-12851,44040,Sin conexión a internet,Javier Esteban Castillo Jara,712020:1cf8bc7f-946e-4e1e-84b6-962e0924cd76,Felipe Esteban Ravellos Lara,712020:34aa28de-0baa-4f2f-92d4-785379a9a54c,Alta,Validación del usuario,,18/jul/26 08:56,03/ago/26 11:09,
Incidente,INC-12853,44042,Usuario reporta que no puede acceder al programa Farm Manager,Marcelo Enrique Molina Gonzalez,712020:6ff29a06-6a09-4d45-8fa6-b2455efeaf8c,Alejandro Enrique Gonzalez Bracho,712020:2a91d042-9782-44ad-8944-fe1523f3889d,Alta,Resuelto,,18/jul/26 09:12,20/jul/26 11:42,
Incidente AMS,AMS-1262,44048,Usuario necesita Modificar fechas de hembra de la sala 9 que esta con el año 2018 al 2026,Crhistopher Sepulveda Gomez,712020:13f39121-e6b4-4cda-a566-699f9a1d5cfd,Alejandro Enrique Gonzalez Bracho,712020:2a91d042-9782-44ad-8944-fe1523f3889d,Alta,Validación del usuario,,18/jul/26 09:58,20/jul/26 14:19,
Incidente,INC-12870,44068,Re: Se ha creado el requerimiento AMS-1262,,,Cristian Gabriel Manriquez Venegas,712020:bfb3ff3d-5b0b-4324-b2fc-b0cc24744a6b,Alta,Creado,,18/jul/26 12:10,18/jul/26 12:10,
Incidente,INC-12871,44069,RE: Se ha creado el requerimiento AMS-1255,,,Coya 1 Cerdos Reprod,712020:391c4de5-9f3a-4673-8738-944b3b529eb4,Alta,Creado,,18/jul/26 12:16,18/jul/26 12:16,
Incidente,INC-12872,44070,Usuario presenta problemas con las aplicaciones VPN y TeamViewer,Scarlet Aracely Muñoz Castillo,712020:34dce0a0-0ac6-4759-a94a-13e2ae86b706,Alejandro Enrique Gonzalez Bracho,712020:2a91d042-9782-44ad-8944-fe1523f3889d,Alta,Resuelto,,18/jul/26 12:19,28/jul/26 11:04,
Incidente,INC-12881,44093,Apagado controlado de servidores por corte de energía en planta – Planta de Alimentos Casablanca,Guillermo Andres Benavides  Farias,712020:fb05db58-0e87-4d5f-b8ef-019907a66fdc,Karol Dayanna Palomino Serrano,712020:e4df31f3-cc17-4db7-b128-efd436a7f3c9,Alta,Validación del usuario,,18/jul/26 20:51,14/ago/26 16:38,
Incidente,INC-12887,44099,MONITOREO - CAIDA ENLACES ARICA,Javier Esteban Castillo Jara,712020:1cf8bc7f-946e-4e1e-84b6-962e0924cd76,Ivette Sepulveda B,712020:563aa2d0-0127-4b79-a108-c061e76eb239,Alta,Validación del usuario,,19/jul/26 00:12,22/jul/26 14:43,
Incidente,INC-12889,44101,sector sin internet ,Aldo Rodrigo Gonzalez Contreras,712020:444ef87b-e384-47e4-b76a-52abffc021d9,Jhonny Torres N,712020:3cecf351-efbc-43f7-8cdc-ccc90034c4a0,Alta,Validación del usuario,,19/jul/26 08:51,03/ago/26 11:53,
Incidente,INC-12890,44102,Monitoreo - Sectores sin servicio de internet ,Aldo Rodrigo Gonzalez Contreras,712020:444ef87b-e384-47e4-b76a-52abffc021d9,Franco Guinez A,712020:a3795c3a-aa5f-4cea-8071-60172591b157,Alta,Documentación Incidente,,19/jul/26 08:58,04/sep/26 20:19,
Incidente,INC-12892,44106,Monitoreo - Sucursal Hijuelas sin servicio de internet,Javier Esteban Castillo Jara,712020:1cf8bc7f-946e-4e1e-84b6-962e0924cd76,Franco Guinez A,712020:a3795c3a-aa5f-4cea-8071-60172591b157,Alta,Validación del usuario,,19/jul/26 11:09,24/jul/26 08:58,
Incidente,INC-12899,44118,Monitoreo - Caída de enlace Telxius ,Javier Esteban Castillo Jara,712020:1cf8bc7f-946e-4e1e-84b6-962e0924cd76,Evelyn Pozo M,712020:8120de32-7eac-45d7-b464-84865a422b01,Alta,Validación del usuario,,20/jul/26 02:55,22/jul/26 14:41,
Incidente,INC-12900,44119,Monitoreo - Caída enlace Principal Silica-AWS SAP S/4HANA,Javier Esteban Castillo Jara,712020:1cf8bc7f-946e-4e1e-84b6-962e0924cd76,Evelyn Pozo M,712020:8120de32-7eac-45d7-b464-84865a422b01,Alta,Validación del usuario,,20/jul/26 03:06,20/jul/26 09:00,
Incidente,INC-12905,44124,biosystem.agrosuper.cl - genera mensaje de error ,Jacinth Andrew Cordova Marcano,712020:2cbd7839-f70b-4079-a0ca-3c26f66080aa,Nicolas Prieto Camelo,712020:3f87e7d5-1b59-45ae-9674-027e748fb844,Alta,Resuelto,,20/jul/26 07:26,07/ago/26 12:20,
Incidente,INC-12912,44134,Sector sin servicio de internet,Aldo Rodrigo Gonzalez Contreras,712020:444ef87b-e384-47e4-b76a-52abffc021d9,Franco Guinez A,712020:a3795c3a-aa5f-4cea-8071-60172591b157,Alta,Validación del usuario,,20/jul/26 08:11,03/ago/26 11:53,
Incidente,INC-12937,44166,Revisión de equipo (Pantalla rota),Benjamin Nicolas Vidal Caroca,712020:2062d08e-0238-40d5-a11c-67396d81019b,Erik Avello,712020:9d91180a-22c7-4d43-9eab-97c8cf49ecbf,Alta,Validación del usuario,,20/jul/26 09:13,20/jul/26 11:30,
Incidente,INC-12959,44205,Enlace Telxius - Sin servicio,Javier Esteban Castillo Jara,712020:1cf8bc7f-946e-4e1e-84b6-962e0924cd76,Jonathan Ivo Milenko Carrasco Piña,712020:5ac2a5cf-ca53-47f2-9c59-4d37b2d42f65,Alta,Validación del usuario,,20/jul/26 10:05,22/jul/26 14:34,
Incidente S4,IS4-5392,44213,Stock en almacén F126 en status D,,,Pedro Exequiel Sandoval Arce,712020:e6dd7454-6afc-4abc-ae3a-4eea16dcd46f,Alta,Equipo Resolutor Asignado,,20/jul/26 10:19,20/jul/26 13:16,
Incidente,INC-12963,44216,Equipo aislado ,Fernando Esteban Fuentes Morales,712020:fe5bcc67-ea2e-4406-b5b9-58211a6e5c8b,Franco Guinez A,712020:a3795c3a-aa5f-4cea-8071-60172591b157,Alta,Validación del usuario,,20/jul/26 10:25,20/jul/26 15:22,
Incidente,INC-12965,44219,Usuario presenta problemas para acceder a la VPN,Giovanna Tavianni Lanzarini Manzano,712020:0ce6a8e2-f88d-4cb0-babb-fdedbed16c94,Alejandro Enrique Gonzalez Bracho,712020:2a91d042-9782-44ad-8944-fe1523f3889d,Alta,Resuelto,,20/jul/26 10:32,21/jul/26 09:36,
Incidente,INC-12967,44224,Usuario presenta problemas para acceder a la VPN se genera bloqueo de Fortinet,Benjamin Nicolas Vidal Caroca,712020:2062d08e-0238-40d5-a11c-67396d81019b,Alejandro Enrique Gonzalez Bracho,712020:2a91d042-9782-44ad-8944-fe1523f3889d,Alta,Validación del usuario,,20/jul/26 10:43,20/jul/26 17:05,
Incidente,INC-12970,44230,Equipo aislado ,Javier Alejandro Gonzalez Abarca,712020:9fc9fa65-2e7a-4d4c-9ba5-288f12754593,Franco Guinez A,712020:a3795c3a-aa5f-4cea-8071-60172591b157,Alta,Validación del usuario,,20/jul/26 10:54,31/jul/26 10:33,
Incidente AMS,AMS-1269,44232,[LEGACY / CERDOS] Guía duplicada en sistema desde el 06/07/2026 (Lote 69 y Lote 70),Crhistopher Sepulveda Gomez,712020:13f39121-e6b4-4cda-a566-699f9a1d5cfd,Karol Dayanna Palomino Serrano,712020:e4df31f3-cc17-4db7-b128-efd436a7f3c9,Alta,Validación del usuario,,20/jul/26 10:58,20/jul/26 15:31,
Incidente,INC-12971,44233,Equipo aislado ,Fernando Esteban Fuentes Morales,712020:fe5bcc67-ea2e-4406-b5b9-58211a6e5c8b,Franco Guinez A,712020:a3795c3a-aa5f-4cea-8071-60172591b157,Alta,Validación del usuario,,20/jul/26 11:03,21/jul/26 14:15,
Incidente,INC-12973,44241,Equipo aislado ,Jonathan Andres Navarro Azocar,712020:a5042667-d0d7-4571-b766-9934e56fa4cb,Franco Guinez A,712020:a3795c3a-aa5f-4cea-8071-60172591b157,Alta,Validación del usuario,,20/jul/26 11:20,22/jul/26 15:34,
Incidente,INC-12982,44254,Usuario presenta problemas con el Microsoft Autenticator,Jacinth Andrew Cordova Marcano,712020:2cbd7839-f70b-4079-a0ca-3c26f66080aa,Alejandro Enrique Gonzalez Bracho,712020:2a91d042-9782-44ad-8944-fe1523f3889d,Alta,Resuelto,,20/jul/26 11:33,07/ago/26 12:19,
Incidente,INC-12983,44257,Impresora de finanzas detenida,Jorge Arnaldo Quiroz Olmos,712020:4e6376c9-f6d2-4bc4-b833-100074be9526,Erik Avello,712020:9d91180a-22c7-4d43-9eab-97c8cf49ecbf,Alta,Validación del usuario,,20/jul/26 11:35,20/jul/26 13:54,
Incidente,INC-12986,44263,RE: Se ha creado el requerimiento IS4-5261,,,Rafael Antonio Fuentes Garcia,712020:8266a282-eba7-4727-baf9-d855f25169e8,Alta,Creado,,20/jul/26 11:43,20/jul/26 11:43,
Incidente,INC-12990,44275,error de politicas de windows.,Benjamin Nicolas Vidal Caroca,712020:2062d08e-0238-40d5-a11c-67396d81019b,Jhonny Torres N,712020:3cecf351-efbc-43f7-8cdc-ccc90034c4a0,Alta,Validación del usuario,,20/jul/26 12:07,21/jul/26 08:46,
Incidente,INC-12995,44291,[TELEFONÍA MÓVIL / HARDWARE] Sin señal en equipo corporativo por posible falla física (SIM / Antena) –,Gustavo Adolfo Fierro Morales,712020:34251f21-925f-4970-bea7-659d3ebfa34a,Karol Dayanna Palomino Serrano,712020:e4df31f3-cc17-4db7-b128-efd436a7f3c9,Alta,Validación del usuario,,20/jul/26 12:39,20/jul/26 16:23,
Requerimiento,REQ-928,44295,LLAMADA CONSULTA,Ivette Sepulveda B,712020:563aa2d0-0127-4b79-a108-c061e76eb239,Ivette Sepulveda B,712020:563aa2d0-0127-4b79-a108-c061e76eb239,Media,Revisión del N1,,20/jul/26 12:44,21/jul/26 14:05,
Incidente,INC-13006,44315,Usuario presenta problemas ya que no se pueden conectar a las antenas conéctate del grupo 18 ,Marcelo Enrique Molina Gonzalez,712020:6ff29a06-6a09-4d45-8fa6-b2455efeaf8c,Alejandro Enrique Gonzalez Bracho,712020:2a91d042-9782-44ad-8944-fe1523f3889d,Alta,Resuelto,,20/jul/26 13:21,20/jul/26 16:41,
Incidente,INC-13008,44317,Usuario presenta problemas con monitor ya que se apagó y no enciende,Marcelo Enrique Molina Gonzalez,712020:6ff29a06-6a09-4d45-8fa6-b2455efeaf8c,Alejandro Enrique Gonzalez Bracho,712020:2a91d042-9782-44ad-8944-fe1523f3889d,Alta,Resuelto,,20/jul/26 13:25,20/jul/26 16:11,
Incidente,INC-13011,44321,REVISAR EL CONTROLADOR UNIFY,Aldo Rodrigo Gonzalez Contreras,712020:444ef87b-e384-47e4-b76a-52abffc021d9,Ivette Sepulveda B,712020:563aa2d0-0127-4b79-a108-c061e76eb239,Alta,Documentación Incidente,,20/jul/26 13:28,31/ago/26 16:12,
Incidente,INC-13013,44323,sector sin internet ,Aldo Rodrigo Gonzalez Contreras,712020:444ef87b-e384-47e4-b76a-52abffc021d9,Jhonny Torres N,712020:3cecf351-efbc-43f7-8cdc-ccc90034c4a0,Alta,Validación del usuario,,20/jul/26 13:43,03/ago/26 11:53,
Incidente,INC-13020,44334,Sistema HMI caido,Marcelo Patricio Celis Retamal,712020:077cd782-bf12-45d5-81ef-952c99739577,Franco Guinez A,712020:a3795c3a-aa5f-4cea-8071-60172591b157,Alta,Resuelto,,20/jul/26 14:06,17/ago/26 15:49,
Incidente,INC-13023,44337,Planta de Alimentos La Calera sin internet,Benjamin Salas Delgado,712020:623bd1ef-d260-489d-a6a2-dbbc38b83e31,Benjamin Salas Delgado,712020:623bd1ef-d260-489d-a6a2-dbbc38b83e31,Alta,Validación del usuario,,20/jul/26 14:10,31/jul/26 10:45,
Incidente AMS,AMS-1273,44342,guías de alimento,Diego Flores,712020:314bedea-6181-4d50-97d5-e114b8742d38,Jhonny Torres N,712020:3cecf351-efbc-43f7-8cdc-ccc90034c4a0,Alta,Validación del usuario,,20/jul/26 14:14,20/jul/26 15:35,
Requerimiento,REQ-949,44385,usuario posee dispositivo con pantalla rota,Erik Avello,712020:9d91180a-22c7-4d43-9eab-97c8cf49ecbf,Erik Avello,712020:9d91180a-22c7-4d43-9eab-97c8cf49ecbf,Media,Subtarea N1,,20/jul/26 15:16,20/jul/26 15:45,
Incidente,INC-13050,44400,.[EQUIPOS TI / HARDWARE] Solicitud de revisión por apagado involuntario de PC ,Jonathan Andres Navarro Azocar,712020:a5042667-d0d7-4571-b766-9934e56fa4cb,Karol Dayanna Palomino Serrano,712020:e4df31f3-cc17-4db7-b128-efd436a7f3c9,Alta,Validación del usuario,,20/jul/26 15:44,13/ago/26 13:08,
Incidente AMS,AMS-1276,44417,No me llegan las HES en formato PDF luego de liberar ni a mi ni al proveedor,,,Karol Dayanna Palomino Serrano,712020:e4df31f3-cc17-4db7-b128-efd436a7f3c9,Alta,Cancelado,,20/jul/26 16:12,23/jul/26 09:48,
Incidente S4,IS4-5430,44429,Diferencia de tarja VS guia de despacho ,Angie Espinoza,712020:d2d363d3-b9ac-47bf-923a-f89eb5887a5d,Victor Javier Enrique Riveros Crespo,712020:e1e8fff9-faa5-4f29-9e17-a2fcd1fbb35a,Alta,Validación del usuario,,20/jul/26 16:32,24/ago/26 15:36,
Incidente S4,IS4-5434,44452,"RE: IS4-5386 necesitamos poder procesar guia de despacho aparece pendiente de impresión pero SAP indica guia impresa, lo mismo al reimprimir",,,Jorge Gonzalez Ramirez De Arellano,70121:1d0aeaab-2bfe-4fcd-9001-5b535954a68a,Alta,Creado,,20/jul/26 17:17,20/jul/26 17:17,
Incidente AMS,AMS-1281,44453,RE: AMS-1183 no se pueden rescatar guias,,,Manuel Alejandro Meneses Miranda,61d72be28534980073c99662,Alta,Cancelado,,20/jul/26 17:24,27/jul/26 11:53,
Incidente AMS,AMS-1282,44461,RE: AMS-1196 Conectate - no puede recepcionar guias,,,Manuel Alejandro Meneses Miranda,61d72be28534980073c99662,Alta,Cancelado,,20/jul/26 17:39,21/jul/26 11:47,
Incidente,INC-13090,44490,apagado controlado de servidor ,Marcelo Patricio Celis Retamal,712020:077cd782-bf12-45d5-81ef-952c99739577,Matías Rafael Donoso Jiménez,712020:447c3261-7861-432f-9a7f-90c291135e15,Alta,Resuelto,,20/jul/26 20:14,17/ago/26 16:16,
Incidente,INC-13092,44492,Problemas de lentitud con SAP,Jorge Arnaldo Quiroz Olmos,712020:4e6376c9-f6d2-4bc4-b833-100074be9526,Cristian Fernando Gonzalez Salazar,712020:fea82959-496f-4b4f-b771-47213d3e02cd,Alta,Validación del usuario,,20/jul/26 20:26,20/jul/26 21:27,
Incidente S4,IS4-5441,44493,No me llegan las HES en formato PDF luego de liberar ni a mi ni al proveedor,,,Matías Rafael Donoso Jiménez,712020:447c3261-7861-432f-9a7f-90c291135e15,Alta,Equipo Resolutor Asignado,,20/jul/26 20:45,21/jul/26 14:51,
Incidente S4,IS4-5442,44494,Re: IS4-5438 Al usar la transaccion ZZLE_DE02 aparece un error al intentar despachar etiquetas,,,Alvaro Enrique Senn Campos,712020:880441da-ad70-417b-a46a-a5cf6fe0b1bc,Alta,Creado,,20/jul/26 20:48,20/jul/26 20:48,
Incidente,INC-13093,44496,Monitoreo - Caída de enlaces Proveedor DIMABE,Aldo Rodrigo Gonzalez Contreras,712020:444ef87b-e384-47e4-b76a-52abffc021d9,Bastian González M,712020:9607098c-323a-4de8-a44a-9176793df19d,Alta,Validación del usuario,,20/jul/26 21:40,03/ago/26 11:53,
Incidente,INC-13094,44498,Monitoreo - Caída de enlaces Proveedor Netland,Aldo Rodrigo Gonzalez Contreras,712020:444ef87b-e384-47e4-b76a-52abffc021d9,Bastian González M,712020:9607098c-323a-4de8-a44a-9176793df19d,Alta,Validación del usuario,,20/jul/26 21:41,03/ago/26 11:53,
Incidente S4,IS4-5445,44499,RE: IS4-5433 etiquetas en estatus i,,,Jaime Castro Caceres,70121:2dc4d511-f070-4677-bb73-e80e167b10cb,Alta,Creado,,20/jul/26 21:42,20/jul/26 21:42,
Incidente,INC-13095,44501,Encender los servidores de la planta de alimentos casablanca,Marcelo Patricio Celis Retamal,712020:077cd782-bf12-45d5-81ef-952c99739577,Jair Stiven Méndez Baquero,712020:66e4c6db-2ecc-4e66-bfc2-850cc8894432,Alta,Resuelto,,20/jul/26 22:24,17/ago/26 16:17,
Incidente,INC-13101,44508,Monitoreo - Caída de enlace Planta Alimentos La Calera - ENTEL,Aldo Rodrigo Gonzalez Contreras,712020:444ef87b-e384-47e4-b76a-52abffc021d9,Evelyn Pozo M,712020:8120de32-7eac-45d7-b464-84865a422b01,Alta,Validación del usuario,,21/jul/26 01:44,03/ago/26 11:53,
Incidente,INC-13108,44518,Planta de tratamiento Ramirana - sin internet ,Aldo Rodrigo Gonzalez Contreras,712020:444ef87b-e384-47e4-b76a-52abffc021d9,Nicolas Prieto Camelo,712020:3f87e7d5-1b59-45ae-9674-027e748fb844,Alta,Validación del usuario,,21/jul/26 07:02,03/ago/26 11:53,
Incidente,INC-13111,44521,Sector sin servicio de internet,Aldo Rodrigo Gonzalez Contreras,712020:444ef87b-e384-47e4-b76a-52abffc021d9,Benjamín Reyes Aravena,712020:69f5cef6-164b-4af6-9971-75c05d019041,Alta,Validación del usuario,,21/jul/26 07:27,03/ago/26 11:53,
Incidente S4,IS4-5451,44527,Error ejecución JOY Nacional (Cobranzas),,,Luis Diego Castillo Caro,712020:0f4c01e6-c7df-47f2-9608-95fbd857ab73,Alta,Equipo Resolutor Asignado,,21/jul/26 08:04,23/jul/26 11:15,
Incidente,INC-13117,44530,Equipo aislado,Gustavo Adolfo Fierro Morales,712020:34251f21-925f-4970-bea7-659d3ebfa34a,Alejandro Enrique Gonzalez Bracho,712020:2a91d042-9782-44ad-8944-fe1523f3889d,Alta,Validación del usuario,,21/jul/26 08:13,22/jul/26 09:12,
Requerimiento,REQ-985,44531,LLAMADO CONSULTA IS4-5387,Nicolas Prieto Camelo,712020:3f87e7d5-1b59-45ae-9674-027e748fb844,Nicolas Prieto Camelo,712020:3f87e7d5-1b59-45ae-9674-027e748fb844,Media,Revisión del N1,,21/jul/26 08:17,21/jul/26 08:43,
Incidente,INC-13127,44541,Cuenta teamviewer con mensaje vencimiento,Fernando Esteban Fuentes Morales,712020:fe5bcc67-ea2e-4406-b5b9-58211a6e5c8b,Franco Guinez A,712020:a3795c3a-aa5f-4cea-8071-60172591b157,Alta,Validación del usuario,,21/jul/26 08:32,21/jul/26 15:58,
Incidente,INC-13129,44544,problemas con licencia teamviewer,Fernando Esteban Fuentes Morales,712020:fe5bcc67-ea2e-4406-b5b9-58211a6e5c8b,Jhonny Torres N,712020:3cecf351-efbc-43f7-8cdc-ccc90034c4a0,Alta,Validación del usuario,,21/jul/26 08:35,21/jul/26 14:51,
Incidente S4,IS4-5452,44546,RE: IS4-5302 REQ - SAP Remplazo de vacaciones,,,Victor Ignacio Nuñez Mery,712020:1c8ab513-9e5e-4b89-9aff-57938017abed,Alta,Creado,,21/jul/26 08:41,21/jul/26 08:41,
Incidente S4,IS4-5456,44562,RE: IS4-5304 Partición de entrega en facturacion,,,Christian Mendez,712020:d3138b76-6aa2-432d-8832-e38d9cbf41e1,Alta,Creado,,21/jul/26 09:07,21/jul/26 09:07,
Incidente,INC-13141,44563,Sucursal Hijuelas - Enlace Entel sin servicio,Kevin Alexis Maldonado Muñoz,712020:c8eacfb5-650a-4c88-857f-2414a8f12044,Jonathan Ivo Milenko Carrasco Piña,712020:5ac2a5cf-ca53-47f2-9c59-4d37b2d42f65,Alta,Validación del usuario,,21/jul/26 09:08,28/jul/26 10:27,
Incidente,INC-13152,44578,LINK BLOQUEADO PARA CURSO,Giovanna Tavianni Lanzarini Manzano,712020:0ce6a8e2-f88d-4cb0-babb-fdedbed16c94,Ivette Sepulveda B,712020:563aa2d0-0127-4b79-a108-c061e76eb239,Alta,Resuelto,,21/jul/26 09:33,23/jul/26 16:23,
Incidente,INC-13153,44581,Link de capacitación bloqueado por ciberseguridad ,Giovanna Tavianni Lanzarini Manzano,712020:0ce6a8e2-f88d-4cb0-babb-fdedbed16c94,Felipe Esteban Ravellos Lara,712020:34aa28de-0baa-4f2f-92d4-785379a9a54c,Alta,Resuelto,,21/jul/26 09:40,23/jul/26 16:23,
Incidente,INC-13154,44582,Revision de servidor ,Nicolas Ignacio Lobos Muñoz,712020:231572bf-d0c7-4e49-bbe3-989381fb5348,Franco Guinez A,712020:a3795c3a-aa5f-4cea-8071-60172591b157,Alta,Validación del usuario,,21/jul/26 09:41,21/jul/26 10:48,
Incidente AMS,AMS-1284,44599,error de datos en legacy,Sebastian Suazo,712020:6b2b9a90-6b38-4d05-ae00-17b744f21325,Jhonny Torres N,712020:3cecf351-efbc-43f7-8cdc-ccc90034c4a0,Alta,Validación del usuario,,21/jul/26 10:30,21/jul/26 12:26,
Incidente AMS,AMS-1286,44603,"Usuario necesita sacar resguardo a las siguientes hembras, para poder sacar a faenación.",Brayan Dario Guarnizo Celis,712020:3e04b4d9-d3d5-460e-8c1e-71260f00b901,Alejandro Enrique Gonzalez Bracho,712020:2a91d042-9782-44ad-8944-fe1523f3889d,Alta,Validación del usuario,,21/jul/26 10:37,21/jul/26 11:23,
Incidente,INC-13170,44609,FORMATEO DE EQUIPO,Jonathan Andres Navarro Azocar,712020:a5042667-d0d7-4571-b766-9934e56fa4cb,Ivette Sepulveda B,712020:563aa2d0-0127-4b79-a108-c061e76eb239,Alta,Validación del usuario,,21/jul/26 11:00,21/jul/26 16:16,
Incidente,INC-13171,44611,Usuario necesita actualizar Programa Data Logger,Marcelo Enrique Molina Gonzalez,712020:6ff29a06-6a09-4d45-8fa6-b2455efeaf8c,Alejandro Enrique Gonzalez Bracho,712020:2a91d042-9782-44ad-8944-fe1523f3889d,Alta,Resuelto,,21/jul/26 11:02,21/jul/26 14:08,
Incidente,INC-13172,44612,Usuario de Grupo escuela elhue no se puede conectar a red Agrosuper,Marcelo Enrique Molina Gonzalez,712020:6ff29a06-6a09-4d45-8fa6-b2455efeaf8c,Alejandro Enrique Gonzalez Bracho,712020:2a91d042-9782-44ad-8944-fe1523f3889d,Alta,Resuelto,,21/jul/26 11:05,21/jul/26 14:09,
Incidente,INC-13173,44613,Usuario presenta problemas con el programa de ventilación que da error y no inicia,Marcelo Enrique Molina Gonzalez,712020:6ff29a06-6a09-4d45-8fa6-b2455efeaf8c,Alejandro Enrique Gonzalez Bracho,712020:2a91d042-9782-44ad-8944-fe1523f3889d,Alta,Resuelto,,21/jul/26 11:07,21/jul/26 14:11,
Incidente,INC-13174,44622,[SOPORTE TERRENO / HARDWARE] Notebook no inicia Windows tras formateos,Fernando Esteban Fuentes Morales,712020:fe5bcc67-ea2e-4406-b5b9-58211a6e5c8b,Karol Dayanna Palomino Serrano,712020:e4df31f3-cc17-4db7-b128-efd436a7f3c9,Alta,Validación del usuario,,21/jul/26 11:22,21/jul/26 12:32,
Incidente,INC-13181,44642,Equipo presenta multiples problemas de funcionamiento,Gustavo Adolfo Fierro Morales,712020:34251f21-925f-4970-bea7-659d3ebfa34a,Franco Guinez A,712020:a3795c3a-aa5f-4cea-8071-60172591b157,Alta,Validación del usuario,,21/jul/26 12:18,22/jul/26 15:52,
Requerimiento,REQ-1009,44662,Usuario llama por información sobre el ticket IS4-5387,Alejandro Enrique Gonzalez Bracho,712020:2a91d042-9782-44ad-8944-fe1523f3889d,Alejandro Enrique Gonzalez Bracho,712020:2a91d042-9782-44ad-8944-fe1523f3889d,Media,Revisión del N1,,21/jul/26 13:57,21/jul/26 14:05,
Incidente,INC-13194,44673,impresora no funciona,Marcelo Enrique Molina Gonzalez,712020:6ff29a06-6a09-4d45-8fa6-b2455efeaf8c,Jhonny Torres N,712020:3cecf351-efbc-43f7-8cdc-ccc90034c4a0,Alta,Resuelto,,21/jul/26 14:14,21/jul/26 15:51,
Incidente AMS,AMS-1290,44676,"No se pueden recepcionar las guias de alimento, adjuntas en el archivo. (sistema conéctate)",Sebastian Suazo,712020:6b2b9a90-6b38-4d05-ae00-17b744f21325,Alejandro Enrique Gonzalez Bracho,712020:2a91d042-9782-44ad-8944-fe1523f3889d,Alta,Validación del usuario,,21/jul/26 14:17,23/jul/26 10:22,
Incidente,INC-13199,44679,BLOQUEO DE FORTINET A SISTEMA DE MOLECULAR DETECTION SYSTEM,Giovanna Tavianni Lanzarini Manzano,712020:0ce6a8e2-f88d-4cb0-babb-fdedbed16c94,Ivette Sepulveda B,712020:563aa2d0-0127-4b79-a108-c061e76eb239,Alta,Resuelto,,21/jul/26 14:19,24/jul/26 11:31,
Incidente,INC-13206,44690,SIN INTERNET EN LA SUCURSAL MIRAFLORES,Aldo Rodrigo Gonzalez Contreras,712020:444ef87b-e384-47e4-b76a-52abffc021d9,Ivette Sepulveda B,712020:563aa2d0-0127-4b79-a108-c061e76eb239,Alta,Documentación Incidente,,21/jul/26 14:46,03/sep/26 11:19,
Incidente,INC-13209,44696,Problemas con almacenamiento Outlook ,Guillermo Andres Benavides  Farias,712020:fb05db58-0e87-4d5f-b8ef-019907a66fdc,Felipe Esteban Ravellos Lara,712020:34aa28de-0baa-4f2f-92d4-785379a9a54c,Alta,Validación del usuario,,21/jul/26 14:59,14/ago/26 16:38,
Incidente AMS,AMS-1294,44713,portal de proveedores,,,Jhonny Torres N,712020:3cecf351-efbc-43f7-8cdc-ccc90034c4a0,Alta,Cancelado,,21/jul/26 15:30,27/jul/26 08:44,
Incidente,INC-13215,44723,RE: Se ha creado el requerimiento AMS-1295,,,Grupo 18 Cerdos Reprod,712020:285487fe-7cfa-46db-a93d-1f43f1d7451b,Alta,Creado,,21/jul/26 15:52,21/jul/26 15:52,
Incidente S4,IS4-5490,44727,RE: IS4-5304 Partición de entrega en facturacion,,,Christian Mendez,712020:d3138b76-6aa2-432d-8832-e38d9cbf41e1,Alta,Creado,,21/jul/26 15:56,21/jul/26 15:56,
Requerimiento,REQ-1035,44747,conexión de rc,Ivette Sepulveda B,712020:563aa2d0-0127-4b79-a108-c061e76eb239,Ivette Sepulveda B,712020:563aa2d0-0127-4b79-a108-c061e76eb239,Media,Revisión del N1,,21/jul/26 16:23,22/jul/26 11:36,
Incidente AMS,AMS-1297,44748,Falta de configuracion en Legacy,,,Franco Guinez A,712020:a3795c3a-aa5f-4cea-8071-60172591b157,Alta,Cancelado,,21/jul/26 16:24,27/jul/26 08:45,
Incidente,INC-13230,44769,Problemas con Impresora,Nicolas Ignacio Lobos Muñoz,712020:231572bf-d0c7-4e49-bbe3-989381fb5348,Cristian Fernando Gonzalez Salazar,712020:fea82959-496f-4b4f-b771-47213d3e02cd,Alta,Validación del usuario,,21/jul/26 17:19,22/jul/26 14:53,
Incidente,INC-13235,44776,Problemas con el HMI,Guillermo Andres Benavides  Farias,712020:fb05db58-0e87-4d5f-b8ef-019907a66fdc,Cristian Fernando Gonzalez Salazar,712020:fea82959-496f-4b4f-b771-47213d3e02cd,Alta,Validación del usuario,,21/jul/26 17:41,14/ago/26 16:38,
Incidente,INC-13238,44779,Bajar Servidor Virtual,Marcelo Patricio Celis Retamal,712020:077cd782-bf12-45d5-81ef-952c99739577,Cristian Fernando Gonzalez Salazar,712020:fea82959-496f-4b4f-b771-47213d3e02cd,Alta,Resuelto,,21/jul/26 17:53,17/ago/26 16:17,
Incidente,INC-13243,44786,Pagina bloqueada,Giovanna Tavianni Lanzarini Manzano,712020:0ce6a8e2-f88d-4cb0-babb-fdedbed16c94,Cristian Fernando Gonzalez Salazar,712020:fea82959-496f-4b4f-b771-47213d3e02cd,Alta,Resuelto,,21/jul/26 18:18,24/jul/26 11:32,
Incidente S4,IS4-5504,44801,RE: IS4-5304 Partición de entrega en facturacion,,,Magda Patricia Espinosa Bustos,712020:bb2e79ad-1f51-4542-9922-ae2652bcf9dd,Alta,Creado,,21/jul/26 20:54,21/jul/26 20:54,
Incidente,INC-13256,44802,Monitoreo - Caida de enlaces Sucursal San Antonio ,Aldo Rodrigo Gonzalez Contreras,712020:444ef87b-e384-47e4-b76a-52abffc021d9,Bastian González M,712020:9607098c-323a-4de8-a44a-9176793df19d,Alta,Validación del usuario,,21/jul/26 21:20,03/ago/26 11:52,
Incidente,INC-13266,44821,Lentitud en HMI de Sala de Comandos – Planta 1,Marcelo Patricio Celis Retamal,712020:077cd782-bf12-45d5-81ef-952c99739577,Benjamín Reyes Aravena,712020:69f5cef6-164b-4af6-9971-75c05d019041,Alta,Resuelto,,22/jul/26 01:04,17/ago/26 15:49,
Incidente S4,IS4-5522,44839,Pallets en estatus L,Felipe Duran,712020:af79e742-ca83-4c13-91e8-5b24a7372f8b,Supervisores Despacho Aves FLM,712020:957d7586-6a1f-43df-af59-1898d8f3a38a,Alta,Validación del usuario,,22/jul/26 07:58,24/ago/26 15:36,
Incidente,INC-13278,44859,Error no esta funcionando correctamente,Fernando Esteban Fuentes Morales,712020:fe5bcc67-ea2e-4406-b5b9-58211a6e5c8b,Franco Guinez A,712020:a3795c3a-aa5f-4cea-8071-60172591b157,Alta,Validación del usuario,,22/jul/26 09:01,27/jul/26 09:22,
Incidente,INC-13282,44864,Problemas para ingresar a Powerapps,Nicolas Ignacio Lobos Muñoz,712020:231572bf-d0c7-4e49-bbe3-989381fb5348,Alejandro Enrique Gonzalez Bracho,712020:2a91d042-9782-44ad-8944-fe1523f3889d,Alta,Validación del usuario,,22/jul/26 09:11,22/jul/26 09:53,
Incidente,INC-13284,44868,"Usuario solicita revision de su equipo porque presenta ruidos muy fuertes, cada tanto tiempo el ruido se incrementa.",Gustavo Adolfo Fierro Morales,712020:34251f21-925f-4970-bea7-659d3ebfa34a,Alejandro Enrique Gonzalez Bracho,712020:2a91d042-9782-44ad-8944-fe1523f3889d,Alta,Validación del usuario,,22/jul/26 09:19,22/jul/26 11:13,
Requerimiento,REQ-1056,44877,RE: Se ha creado el requerimiento REQ-1055,,,Mauricio Alejandro Muñoz Cabrera,712020:60e8ae96-c9bf-4a09-be83-fe86bb55f69a,Media,Solicitud Recibida,,22/jul/26 09:38,22/jul/26 09:38,
Incidente,INC-13289,44878,Pabellón sin señal conectate,Marcelo Enrique Molina Gonzalez,712020:6ff29a06-6a09-4d45-8fa6-b2455efeaf8c,Erik Avello,712020:9d91180a-22c7-4d43-9eab-97c8cf49ecbf,Alta,Resuelto,,22/jul/26 09:40,23/jul/26 08:13,
Incidente,INC-13291,44881,Revisión de impresora,Marcelo Enrique Molina Gonzalez,712020:6ff29a06-6a09-4d45-8fa6-b2455efeaf8c,Erik Avello,712020:9d91180a-22c7-4d43-9eab-97c8cf49ecbf,Alta,Resuelto,,22/jul/26 09:42,23/jul/26 08:13,
Incidente,INC-13292,44883,usuario posee problemas one drive,Marcelo Enrique Molina Gonzalez,712020:6ff29a06-6a09-4d45-8fa6-b2455efeaf8c,Erik Avello,712020:9d91180a-22c7-4d43-9eab-97c8cf49ecbf,Alta,Resuelto,,22/jul/26 09:48,23/jul/26 08:12,
Incidente,INC-13298,44895,SOLICITA REVISION DE ANEXOS,Italo Hernan Pinto Montoya,712020:2f3e1c92-5fc9-40db-a408-9c532c1b54b5,Ivette Sepulveda B,712020:563aa2d0-0127-4b79-a108-c061e76eb239,Alta,Resuelto,,22/jul/26 10:06,22/jul/26 12:23,
Incidente AMS,AMS-1299,44929,Modificación de información,Crhistopher Sepulveda Gomez,712020:13f39121-e6b4-4cda-a566-699f9a1d5cfd,Franco Guinez A,712020:a3795c3a-aa5f-4cea-8071-60172591b157,Alta,Validación del usuario,,22/jul/26 11:12,23/jul/26 16:30,
Incidente AMS,AMS-1300,44937,No se pueden rescatar guías de alimentos,Diego Flores,712020:314bedea-6181-4d50-97d5-e114b8742d38,Erik Avello,712020:9d91180a-22c7-4d43-9eab-97c8cf49ecbf,Alta,Validación del usuario,,22/jul/26 11:33,22/jul/26 16:32,
Incidente,INC-13320,44948,Equipo aislado ,Javier Alejandro Gonzalez Abarca,712020:9fc9fa65-2e7a-4d4c-9ba5-288f12754593,Franco Guinez A,712020:a3795c3a-aa5f-4cea-8071-60172591b157,Alta,Resuelto,,22/jul/26 11:57,23/jul/26 09:14,
Incidente,INC-13324,44952,Equipo aislado ,Benjamin Nicolas Vidal Caroca,712020:2062d08e-0238-40d5-a11c-67396d81019b,Franco Guinez A,712020:a3795c3a-aa5f-4cea-8071-60172591b157,Alta,Resuelto,,22/jul/26 12:05,24/jul/26 13:26,
Incidente,INC-13327,44958,Equipo aislado,Benjamin Nicolas Vidal Caroca,712020:2062d08e-0238-40d5-a11c-67396d81019b,Alejandro Enrique Gonzalez Bracho,712020:2a91d042-9782-44ad-8944-fe1523f3889d,Alta,Validación del usuario,,22/jul/26 12:23,24/jul/26 13:22,
Incidente AMS,AMS-1301,44975,Usuario solicita eliminar el resguardo a hembras por floxinolona.,Brayan Dario Guarnizo Celis,712020:3e04b4d9-d3d5-460e-8c1e-71260f00b901,Alejandro Enrique Gonzalez Bracho,712020:2a91d042-9782-44ad-8944-fe1523f3889d,Alta,Validación del usuario,,22/jul/26 13:04,22/jul/26 14:11,
Incidente,INC-13331,44984,Lentitud HMI,Jacinth Andrew Cordova Marcano,712020:2cbd7839-f70b-4079-a0ca-3c26f66080aa,Erik Avello,712020:9d91180a-22c7-4d43-9eab-97c8cf49ecbf,Alta,Resuelto,,22/jul/26 13:32,07/ago/26 12:17,
Incidente S4,IS4-5551,44987,personal externo aparece bloqueado en portal de proveedores ,,,Alejandro Enrique Gonzalez Bracho,712020:2a91d042-9782-44ad-8944-fe1523f3889d,Alta,Equipo Resolutor Asignado,,22/jul/26 13:41,03/ago/26 14:26,
Incidente,INC-13338,45018,Bloqueo en Fortinet – IP 192.168.75.85 Miraflores,Giovanna Tavianni Lanzarini Manzano,712020:0ce6a8e2-f88d-4cb0-babb-fdedbed16c94,Alejandro Enrique Gonzalez Bracho,712020:2a91d042-9782-44ad-8944-fe1523f3889d,Alta,Resuelto,,22/jul/26 14:37,24/jul/26 11:35,
Incidente,INC-13343,45030,Problemas de almacenamiento outlook,Nicolas Ignacio Lobos Muñoz,712020:231572bf-d0c7-4e49-bbe3-989381fb5348,Erik Avello,712020:9d91180a-22c7-4d43-9eab-97c8cf49ecbf,Alta,Validación del usuario,,22/jul/26 15:15,23/jul/26 14:17,
Incidente,INC-13347,45037,RE: Se ha creado el requerimiento IS4-5388,,,Kelly Johana Perez Reina,712020:cba28ce7-d0b5-45eb-8ad2-707191357ded,Alta,Creado,,22/jul/26 15:28,22/jul/26 15:28,
Incidente,INC-13363,45084,Problemas con conexión a internet desde casa (alerta fortinet),Giovanna Tavianni Lanzarini Manzano,712020:0ce6a8e2-f88d-4cb0-babb-fdedbed16c94,Cristian Fernando Gonzalez Salazar,712020:fea82959-496f-4b4f-b771-47213d3e02cd,Alta,Resuelto,,22/jul/26 17:28,22/jul/26 18:55,
Incidente,INC-13369,45092,Problemas de bloqueo de pagina por el fortinet,Giovanna Tavianni Lanzarini Manzano,712020:0ce6a8e2-f88d-4cb0-babb-fdedbed16c94,Cristian Fernando Gonzalez Salazar,712020:fea82959-496f-4b4f-b771-47213d3e02cd,Alta,Resuelto,,22/jul/26 18:40,27/jul/26 09:57,
Incidente S4,IS4-5568,45098,"RE: IS4-5471 Entrega en status C C A, Se necesita liberar los pallets para volver a realizar despacho transporte 8347460",,,Despacho 08 Fdra. El Milagro,712020:8d5b8e7b-4b18-460f-8ffc-2b4ba332b58e,Alta,Creado,,22/jul/26 19:16,22/jul/26 19:16,
Incidente,INC-13375,45104,Monitoreo- Caída de enlace - Incubadora Curacavi ,Italo Hernan Pinto Montoya,712020:2f3e1c92-5fc9-40db-a408-9c532c1b54b5,Bastian González M,712020:9607098c-323a-4de8-a44a-9176793df19d,Alta,Resuelto,,22/jul/26 22:40,23/jul/26 16:26,
Incidente,INC-13386,45123,RE: Se ha creado el requerimiento IS4-5556,,,Nelson Alejandro Campos Veloso,712020:a4117228-06e0-46b4-8caf-6e19e4ef4a7e,Alta,Creado,,23/jul/26 08:14,23/jul/26 08:14,
Incidente,INC-13388,45125,sector sin internet ,Italo Hernan Pinto Montoya,712020:2f3e1c92-5fc9-40db-a408-9c532c1b54b5,Jhonny Torres N,712020:3cecf351-efbc-43f7-8cdc-ccc90034c4a0,Alta,Validación del usuario,,23/jul/26 08:20,25/jul/26 14:44,
Incidente,INC-13390,45127,[Monitoreo] Enlaces caídos.,Italo Hernan Pinto Montoya,712020:2f3e1c92-5fc9-40db-a408-9c532c1b54b5,Benjamín Reyes Aravena,712020:69f5cef6-164b-4af6-9971-75c05d019041,Alta,Resuelto,,23/jul/26 08:27,24/jul/26 10:02,
Incidente,INC-13391,45128,RE: Se ha creado el requerimiento IS4-5537,,,Mauricio Alejandro Muñoz Cabrera,712020:60e8ae96-c9bf-4a09-be83-fe86bb55f69a,Alta,Creado,,23/jul/26 08:32,23/jul/26 08:32,
Incidente,INC-13393,45132,RE: Se ha creado el requerimiento IS4-5537,,,Patricio Alejandro Perez Badilla,712020:e5d0740e-6680-4ea2-b595-a355003e2f20,Alta,Creado,,23/jul/26 08:40,23/jul/26 08:40,
Incidente,INC-13402,45148,RE: Se ha creado el requerimiento IS4-5537,,,Marielin Liseth Villegas Escalona,712020:afb894d7-7e24-418f-a8c1-8593d8a70b54,Alta,Creado,,23/jul/26 09:07,23/jul/26 09:07,
Incidente,INC-13403,45150,SIN INTERNET EN EL BIODIGESTOR SANTA ROSA,Italo Hernan Pinto Montoya,712020:2f3e1c92-5fc9-40db-a408-9c532c1b54b5,Ivette Sepulveda B,712020:563aa2d0-0127-4b79-a108-c061e76eb239,Alta,Validación del usuario,,23/jul/26 09:16,25/jul/26 14:41,
Incidente AMS,AMS-1307,45160,RE: AMS-1183 no se pueden rescatar guias,,,Flavia Maud Zamorano Castro,712020:22c861fe-1751-4848-a4e9-e068cf00d96b,Alta,Cancelado,,23/jul/26 09:35,27/jul/26 11:53,
Incidente,INC-13410,45164,Problemas con Claude ,Javier Alejandro Gonzalez Abarca,712020:9fc9fa65-2e7a-4d4c-9ba5-288f12754593,Felipe Esteban Ravellos Lara,712020:34aa28de-0baa-4f2f-92d4-785379a9a54c,Alta,Validación del usuario,,23/jul/26 09:53,23/jul/26 14:15,
Incidente AMS,AMS-1308,45170,RE: AMS-1183 no se pueden rescatar guias,,,Flavia Maud Zamorano Castro,712020:22c861fe-1751-4848-a4e9-e068cf00d96b,Alta,Cancelado,,23/jul/26 10:10,27/jul/26 11:53,
Incidente,INC-13412,45174,RE: Se ha creado el requerimiento IS4-5461,,,Daniel Antonio Cabezas Escobar,712020:73efe986-8d0e-4ee2-beef-f4974a7762e2,Alta,Creado,,23/jul/26 10:15,23/jul/26 10:15,
Incidente,INC-13413,45175,RE: Se ha creado el requerimiento IS4-5388,,,Marielin Liseth Villegas Escalona,712020:afb894d7-7e24-418f-a8c1-8593d8a70b54,Alta,Creado,,23/jul/26 10:19,23/jul/26 10:19,
Incidente S4,IS4-5589,45181,RE: Información adicional Incidente IS4-5122,,,Alda Paulina Saavedra Vidal,712020:f1f16058-9902-4476-957c-6dc39d4f6a99,Alta,Creado,,23/jul/26 10:27,23/jul/26 10:27,
Incidente,INC-13417,45186,"Usuario del sector don fosters solicita revision de teléfono, ya que se le apaga constantemente",Marcelo Enrique Molina Gonzalez,712020:6ff29a06-6a09-4d45-8fa6-b2455efeaf8c,Alejandro Enrique Gonzalez Bracho,712020:2a91d042-9782-44ad-8944-fe1523f3889d,Alta,Resuelto,,23/jul/26 10:34,23/jul/26 12:56,
Incidente,INC-13418,45190,Usuario JFPINO de planta de tratamiento Valdebenito no se puede conectar a red Agrosuper,Marcelo Enrique Molina Gonzalez,712020:6ff29a06-6a09-4d45-8fa6-b2455efeaf8c,Alejandro Enrique Gonzalez Bracho,712020:2a91d042-9782-44ad-8944-fe1523f3889d,Alta,Resuelto,,23/jul/26 10:37,23/jul/26 16:39,
Incidente,INC-13419,45191,"Usuario notifica que Impresora de grupo 18 no reconoce papel en bandeja 2, se solicita revision.",Fernando Esteban Fuentes Morales,712020:fe5bcc67-ea2e-4406-b5b9-58211a6e5c8b,Alejandro Enrique Gonzalez Bracho,712020:2a91d042-9782-44ad-8944-fe1523f3889d,Alta,Validación del usuario,,23/jul/26 10:39,23/jul/26 10:56,
Incidente,INC-13420,45194,Usuario solicita instalar PC de Operarios en planta de tratamiento Valdebenito,Marcelo Enrique Molina Gonzalez,712020:6ff29a06-6a09-4d45-8fa6-b2455efeaf8c,Alejandro Enrique Gonzalez Bracho,712020:2a91d042-9782-44ad-8944-fe1523f3889d,Alta,Resuelto,,23/jul/26 10:41,23/jul/26 16:40,
Incidente,INC-13422,45198,RE: Se ha creado el requerimiento IS4-5388,,,Kelly Johana Perez Reina,712020:cba28ce7-d0b5-45eb-8ad2-707191357ded,Alta,Creado,,23/jul/26 10:45,23/jul/26 10:45,
Incidente,INC-13423,45202,Usuario presenta problemas con la sincronización en OneDrive,Gustavo Adolfo Fierro Morales,712020:34251f21-925f-4970-bea7-659d3ebfa34a,Alejandro Enrique Gonzalez Bracho,712020:2a91d042-9782-44ad-8944-fe1523f3889d,Alta,Validación del usuario,,23/jul/26 10:51,27/jul/26 11:39,
Requerimiento,REQ-1163,45221,instalación de impresora ,Jhonny Torres N,712020:3cecf351-efbc-43f7-8cdc-ccc90034c4a0,Jhonny Torres N,712020:3cecf351-efbc-43f7-8cdc-ccc90034c4a0,Media,Revisión del N1,,23/jul/26 11:47,24/jul/26 10:59,
Requerimiento,REQ-1166,45226,Llamado de consulta,Jhonny Torres N,712020:3cecf351-efbc-43f7-8cdc-ccc90034c4a0,Jhonny Torres N,712020:3cecf351-efbc-43f7-8cdc-ccc90034c4a0,Media,Revisión del N1,,23/jul/26 11:52,23/jul/26 11:56,
Incidente,INC-13431,45227,Usuario informa que no puede recibir citas de reuniones via Teams ni Correo,,,Alejandro Enrique Gonzalez Bracho,712020:2a91d042-9782-44ad-8944-fe1523f3889d,Alta,Validación del usuario,,23/jul/26 11:53,28/jul/26 13:39,
Requerimiento,REQ-1167,45228,Llamado de consulta,Jhonny Torres N,712020:3cecf351-efbc-43f7-8cdc-ccc90034c4a0,Jhonny Torres N,712020:3cecf351-efbc-43f7-8cdc-ccc90034c4a0,Media,Revisión del N1,,23/jul/26 11:53,23/jul/26 12:01,
Incidente,INC-13444,45249,usuario reporta lentitud en equipo,Benjamin Nicolas Vidal Caroca,712020:2062d08e-0238-40d5-a11c-67396d81019b,Erik Avello,712020:9d91180a-22c7-4d43-9eab-97c8cf49ecbf,Alta,Validación del usuario,,23/jul/26 12:50,24/jul/26 08:31,
Incidente S4,IS4-5598,45253,Cliente nuevo sin frecuencia en CX,,,Romina De Lourdes Hernandez Manriquez,712020:4f641638-fee0-4550-bbb6-14aff9dea01c,Alta,Equipo Resolutor Asignado,,23/jul/26 13:04,27/jul/26 12:47,
Incidente,INC-13446,45254,bloqueo dirección ip (fortinet),Giovanna Tavianni Lanzarini Manzano,712020:0ce6a8e2-f88d-4cb0-babb-fdedbed16c94,Erik Avello,712020:9d91180a-22c7-4d43-9eab-97c8cf49ecbf,Alta,Resuelto,,23/jul/26 13:06,27/jul/26 09:58,
Incidente AMS,AMS-1309,45256,RE: AMS-1183 no se pueden rescatar guias,,,Manuel Alejandro Meneses Miranda,61d72be28534980073c99662,Alta,Cancelado,,23/jul/26 13:09,24/jul/26 11:08,
Requerimiento,REQ-1175,45258,Llamado de consulta,Jhonny Torres N,712020:3cecf351-efbc-43f7-8cdc-ccc90034c4a0,Jhonny Torres N,712020:3cecf351-efbc-43f7-8cdc-ccc90034c4a0,Media,Revisión del N1,,23/jul/26 13:18,23/jul/26 14:59,
Incidente AMS,AMS-1310,45264,RE: AMS-1183 no se pueden rescatar guias,,,Flavia Maud Zamorano Castro,712020:22c861fe-1751-4848-a4e9-e068cf00d96b,Alta,Cancelado,,23/jul/26 13:38,24/jul/26 11:08,
Incidente S4,IS4-5601,45277,Mejora JOY México,,,Luis Diego Castillo Caro,712020:0f4c01e6-c7df-47f2-9608-95fbd857ab73,Alta,Equipo Resolutor Asignado,,23/jul/26 14:06,18/ago/26 15:08,
Incidente,INC-13457,45281,Problemas cuenta teamviewer,Benjamin Nicolas Vidal Caroca,712020:2062d08e-0238-40d5-a11c-67396d81019b,Jhonny Torres N,712020:3cecf351-efbc-43f7-8cdc-ccc90034c4a0,Alta,Validación del usuario,,23/jul/26 14:13,23/jul/26 15:12,
Incidente,INC-13462,45290,SIN INTERNER EN EL SECTOR LAS CORNIZAS,Aldo Rodrigo Gonzalez Contreras,712020:444ef87b-e384-47e4-b76a-52abffc021d9,Ivette Sepulveda B,712020:563aa2d0-0127-4b79-a108-c061e76eb239,Alta,Validación del usuario,,23/jul/26 14:32,03/ago/26 11:52,
Incidente S4,IS4-5607,45301,Problema de lentitud en sistema legado maquila IKA,Diego Flores,712020:314bedea-6181-4d50-97d5-e114b8742d38,Diego Ignacio Carvajal Carrasco,712020:8acc2299-b4bc-4914-be54-fb7b970e6663,Alta,Validación del usuario,,23/jul/26 15:04,24/ago/26 15:37,
Incidente,INC-13471,45317,recuperar acceso a archivos de onedrive ,Giovanna Tavianni Lanzarini Manzano,712020:0ce6a8e2-f88d-4cb0-babb-fdedbed16c94,Jhonny Torres N,712020:3cecf351-efbc-43f7-8cdc-ccc90034c4a0,Alta,Resuelto,,23/jul/26 15:30,30/jul/26 14:24,
Incidente AMS,AMS-1314,45367,problemas de contabilizacion de PDA,,,Matías Rafael Donoso Jiménez,712020:447c3261-7861-432f-9a7f-90c291135e15,Alta,Cancelado,,23/jul/26 17:13,27/jul/26 08:45,
Incidente,INC-13496,45379,Lector de codigo de barras no funciona ,Fernando Esteban Fuentes Morales,712020:fe5bcc67-ea2e-4406-b5b9-58211a6e5c8b,Cristian Fernando Gonzalez Salazar,712020:fea82959-496f-4b4f-b771-47213d3e02cd,Alta,Validación del usuario,,23/jul/26 18:24,27/jul/26 08:19,
Incidente S4,IS4-5625,45383,problemas de contabilizacion de PDA,Francisco Javier Meneses Labatut,712020:25b1599a-7d16-430d-9304-bd0a59164714,Matías Rafael Donoso Jiménez,712020:447c3261-7861-432f-9a7f-90c291135e15,Alta,Documentación Incidente,,23/jul/26 19:15,27/jul/26 14:26,
Incidente S4,IS4-5631,45396,RE: IS4-5623 Liberar pallets entrega 0899076488 /  transporte 6676634,,,Romana,712020:235f5d6d-e14b-413f-a5f2-728e48290e5a,Alta,Creado,,24/jul/26 00:03,24/jul/26 00:03,
Incidente,INC-13511,45410,RE: Se ha creado el requerimiento IS4-5636,,,Romana,712020:235f5d6d-e14b-413f-a5f2-728e48290e5a,Alta,Creado,,24/jul/26 07:05,24/jul/26 07:05,
Incidente,INC-13513,45412,[MONITOREO] - UPS Oficina Central no arroja datos. ,Diego Antonio Soto  Sotomayor,712020:daed8c0d-e2b3-4c69-b04f-e0f5477fe3c6,Evelyn Pozo M,712020:8120de32-7eac-45d7-b464-84865a422b01,Alta,Validación del usuario,,24/jul/26 07:47,24/jul/26 16:22,
Incidente S4,IS4-5639,45430,RE: IS4-5253 INC - Permisos de contabilidad manual no disponibles,,,Fernando Esteban Moreno Ortega,712020:569487f9-bf80-4b9b-8983-0a44407dd596,Alta,Creado,,24/jul/26 08:39,24/jul/26 08:40,
Incidente AMS,AMS-1317,45448,Eliminar hembra gestante ,Diego Flores,712020:314bedea-6181-4d50-97d5-e114b8742d38,Franco Guinez A,712020:a3795c3a-aa5f-4cea-8071-60172591b157,Alta,Validación del usuario,,24/jul/26 09:16,24/jul/26 10:05,
Incidente AMS,AMS-1321,45495,Emisión de guías,,,Felipe Esteban Ravellos Lara,712020:34aa28de-0baa-4f2f-92d4-785379a9a54c,Alta,Cancelado,,24/jul/26 10:48,27/jul/26 08:45,
Incidente AMS,AMS-1322,45503,Usuario solicita sacar salto de celo a la hembra 104103 y montar con fecha 21 - 7,Crhistopher Sepulveda Gomez,712020:13f39121-e6b4-4cda-a566-699f9a1d5cfd,Alejandro Enrique Gonzalez Bracho,712020:2a91d042-9782-44ad-8944-fe1523f3889d,Alta,Validación del usuario,,24/jul/26 10:56,24/jul/26 14:29,
Incidente AMS,AMS-1323,45504,Re: AMS-1183 no se pueden rescatar guias,,,Flavia Maud Zamorano Castro,712020:22c861fe-1751-4848-a4e9-e068cf00d96b,Alta,Cancelado,,24/jul/26 10:57,27/jul/26 11:52,
Incidente AMS,AMS-1324,45510,RE: Cancelar tk - AMS-1308,,,Equipo Gestion de Servicios TI,712020:b88ed7c9-091d-43ee-9ba2-b1e5a9b0f0d0,Alta,Cancelado,,24/jul/26 11:09,27/jul/26 11:52,
Incidente,INC-13561,45522,Se solicita revisión de bloqueo de Antigravity desde Fortinet,Giovanna Tavianni Lanzarini Manzano,712020:0ce6a8e2-f88d-4cb0-babb-fdedbed16c94,Alejandro Enrique Gonzalez Bracho,712020:2a91d042-9782-44ad-8944-fe1523f3889d,Alta,Resuelto,,24/jul/26 11:26,27/jul/26 12:20,
Incidente AMS,AMS-1325,45534,Error en la recepción y traspaso,,,Alejandro Enrique Gonzalez Bracho,712020:2a91d042-9782-44ad-8944-fe1523f3889d,Alta,Cancelado,,24/jul/26 11:44,27/jul/26 08:45,
Incidente,INC-13570,45551,Asignar permiso de IP a VPN,Giovanna Tavianni Lanzarini Manzano,712020:0ce6a8e2-f88d-4cb0-babb-fdedbed16c94,Alejandro Enrique Gonzalez Bracho,712020:2a91d042-9782-44ad-8944-fe1523f3889d,Alta,Resuelto,,24/jul/26 12:21,27/jul/26 10:00,
Incidente,INC-13571,45552,Starlink no esta funcionando,Aldo Rodrigo Gonzalez Contreras,712020:444ef87b-e384-47e4-b76a-52abffc021d9,Franco Guinez A,712020:a3795c3a-aa5f-4cea-8071-60172591b157,Alta,Validación del usuario,,24/jul/26 12:24,03/ago/26 11:52,
Incidente AMS,AMS-1328,45579,mover cerdos,Crhistopher Sepulveda Gomez,712020:13f39121-e6b4-4cda-a566-699f9a1d5cfd,Jhonny Torres N,712020:3cecf351-efbc-43f7-8cdc-ccc90034c4a0,Alta,Validación del usuario,,24/jul/26 13:28,27/jul/26 09:51,
Incidente AMS,AMS-1330,45582,guía anulada ,Sebastian Suazo,712020:6b2b9a90-6b38-4d05-ae00-17b744f21325,Jhonny Torres N,712020:3cecf351-efbc-43f7-8cdc-ccc90034c4a0,Alta,Validación del usuario,,24/jul/26 13:34,24/jul/26 15:39,
Incidente,INC-13582,45585,Bloqueo de MiInfo TI por Fortinet,Giovanna Tavianni Lanzarini Manzano,712020:0ce6a8e2-f88d-4cb0-babb-fdedbed16c94,Felipe Esteban Ravellos Lara,712020:34aa28de-0baa-4f2f-92d4-785379a9a54c,Alta,Resuelto,,24/jul/26 13:37,30/jul/26 14:22,
Incidente AMS,AMS-1331,45598,ERROR EN SERVICIO DE FOLIO ELECTRONICO,Diego Flores,712020:314bedea-6181-4d50-97d5-e114b8742d38,Ivette Sepulveda B,712020:563aa2d0-0127-4b79-a108-c061e76eb239,Alta,Validación del usuario,,24/jul/26 14:29,24/jul/26 15:12,
Incidente,INC-13588,45603,Usuario presenta problemas con Legacy al tratar de exportar a excel,Fernando Esteban Fuentes Morales,712020:fe5bcc67-ea2e-4406-b5b9-58211a6e5c8b,Alejandro Enrique Gonzalez Bracho,712020:2a91d042-9782-44ad-8944-fe1523f3889d,Alta,Validación del usuario,,24/jul/26 14:43,24/jul/26 15:30,
Requerimiento,REQ-1260,45607,Llamada consulta ,Felipe Esteban Ravellos Lara,712020:34aa28de-0baa-4f2f-92d4-785379a9a54c,Felipe Esteban Ravellos Lara,712020:34aa28de-0baa-4f2f-92d4-785379a9a54c,Media,Revisión del N1,,24/jul/26 14:52,24/jul/26 14:55,
Requerimiento,REQ-1264,45621,Llamado de consulta,Jhonny Torres N,712020:3cecf351-efbc-43f7-8cdc-ccc90034c4a0,Jhonny Torres N,712020:3cecf351-efbc-43f7-8cdc-ccc90034c4a0,Media,Revisión del N1,,24/jul/26 15:21,24/jul/26 15:22,
Incidente AMS,AMS-1332,45635,Nacimiento no reflejado en Legacy,Crhistopher Sepulveda Gomez,712020:13f39121-e6b4-4cda-a566-699f9a1d5cfd,Felipe Esteban Ravellos Lara,712020:34aa28de-0baa-4f2f-92d4-785379a9a54c,Alta,Validación del usuario,,24/jul/26 15:46,27/jul/26 09:55,
Requerimiento,REQ-1271,45647,Llamado de consulta,Jhonny Torres N,712020:3cecf351-efbc-43f7-8cdc-ccc90034c4a0,Jhonny Torres N,712020:3cecf351-efbc-43f7-8cdc-ccc90034c4a0,Media,Revisión del N1,,24/jul/26 16:07,24/jul/26 16:11,
Incidente,INC-13609,45653,Usuario presenta problemas con la aplicación ccommerce carro de compras,DANILO ESTEBAN Rodriguez Leiva,637297188fd2d2d5f12bc7aa,Alejandro Enrique Gonzalez Bracho,712020:2a91d042-9782-44ad-8944-fe1523f3889d,Alta,Validación del usuario,,24/jul/26 16:30,19/ago/26 09:47,
Incidente S4,IS4-5684,45655,RE: IS4-5663 Error en la recepción y traspaso,,,Diego Ignacio Carvajal Carrasco,712020:8acc2299-b4bc-4914-be54-fb7b970e6663,Alta,Creado,,24/jul/26 16:33,24/jul/26 16:33,
Incidente S4,IS4-5690,45663,RE: Información adicional Incidente IS4-5656,,,Carlos Alexander Mora Andrade,712020:a0814fa5-9386-4f51-9dae-e7a494f40c36,Alta,Creado,,24/jul/26 16:49,24/jul/26 16:49,
Incidente S4,IS4-5694,45692,RE: S4-5515 Homologación Cuenta SAP ,,,Pablo Felipe Mellado Vergara,712020:bf5ffb0e-1cdc-4866-baff-fe7d657b2606,Alta,Creado,,24/jul/26 20:45,28/jul/26 13:08,
Incidente,INC-13632,45693,Robo de notebook,Giovanna Tavianni Lanzarini Manzano,712020:0ce6a8e2-f88d-4cb0-babb-fdedbed16c94,Cristian Fernando Gonzalez Salazar,712020:fea82959-496f-4b4f-b771-47213d3e02cd,Alta,Resuelto,,24/jul/26 21:23,24/jul/26 21:52,
Incidente,INC-13633,45694,Robo Celular,Giovanna Tavianni Lanzarini Manzano,712020:0ce6a8e2-f88d-4cb0-babb-fdedbed16c94,Cristian Fernando Gonzalez Salazar,712020:fea82959-496f-4b4f-b771-47213d3e02cd,Alta,Resuelto,,24/jul/26 21:31,24/jul/26 21:55,
Incidente,INC-13634,45695,Robo de notebook,Giovanna Tavianni Lanzarini Manzano,712020:0ce6a8e2-f88d-4cb0-babb-fdedbed16c94,Cristian Fernando Gonzalez Salazar,712020:fea82959-496f-4b4f-b771-47213d3e02cd,Alta,Resuelto,,24/jul/26 21:36,24/jul/26 21:49,
Incidente AMS,AMS-1335,45708,Legacy - Corrección de fecha de ingreso de lechones (Sala 480),Diego Flores,712020:314bedea-6181-4d50-97d5-e114b8742d38,Karol Dayanna Palomino Serrano,712020:e4df31f3-cc17-4db7-b128-efd436a7f3c9,Alta,Validación del usuario,,25/jul/26 06:35,27/jul/26 09:53,
Incidente AMS,AMS-1338,45720,Machos no aparecen en guía de dosis,Diego Flores,712020:314bedea-6181-4d50-97d5-e114b8742d38,Felipe Esteban Ravellos Lara,712020:34aa28de-0baa-4f2f-92d4-785379a9a54c,Alta,Validación del usuario,,25/jul/26 09:23,27/jul/26 13:15,
Incidente,INC-13644,45723,[Monitoreo] Caída de enlaces CS,Aldo Rodrigo Gonzalez Contreras,712020:444ef87b-e384-47e4-b76a-52abffc021d9,Erik Avello,712020:9d91180a-22c7-4d43-9eab-97c8cf49ecbf,Alta,Validación del usuario,,25/jul/26 09:40,03/ago/26 11:52,
Incidente,INC-13662,45751,Fallos PDA,Fernando Esteban Fuentes Morales,712020:fe5bcc67-ea2e-4406-b5b9-58211a6e5c8b,Felipe Esteban Ravellos Lara,712020:34aa28de-0baa-4f2f-92d4-785379a9a54c,Alta,Validación del usuario,,25/jul/26 14:34,10/ago/26 13:15,
Incidente,INC-13663,45752,[Monitoreo] Concepción Movistar abajo,Aldo Rodrigo Gonzalez Contreras,712020:444ef87b-e384-47e4-b76a-52abffc021d9,Erik Avello,712020:9d91180a-22c7-4d43-9eab-97c8cf49ecbf,Alta,Validación del usuario,,25/jul/26 14:34,03/ago/26 11:52,
Incidente,INC-13664,45753,[Monitoreo] Los Ángeles (Entel) caído,Aldo Rodrigo Gonzalez Contreras,712020:444ef87b-e384-47e4-b76a-52abffc021d9,Erik Avello,712020:9d91180a-22c7-4d43-9eab-97c8cf49ecbf,Alta,Validación del usuario,,25/jul/26 14:41,03/ago/26 11:52,
Incidente,INC-13670,45792,Sin internet,Javier Esteban Castillo Jara,712020:1cf8bc7f-946e-4e1e-84b6-962e0924cd76,Leidy Tatiana León Lizcano,712020:7c332f1c-beea-4c36-850d-a4bebe955356,Alta,Validación del usuario,,26/jul/26 09:33,03/ago/26 11:09,
Incidente,INC-13674,45796,MONITOREO - CAIDA ENLACES SUCURSAL HUECHURABA,Javier Esteban Castillo Jara,712020:1cf8bc7f-946e-4e1e-84b6-962e0924cd76,Ivette Sepulveda B,712020:563aa2d0-0127-4b79-a108-c061e76eb239,Alta,Validación del usuario,,26/jul/26 15:51,26/jul/26 16:43,
Incidente,INC-13677,45799,Granja los leones (Sopraval) sin internet,Javier Esteban Castillo Jara,712020:1cf8bc7f-946e-4e1e-84b6-962e0924cd76,Jair Stiven Méndez Baquero,712020:66e4c6db-2ecc-4e66-bfc2-850cc8894432,Alta,Validación del usuario,,26/jul/26 18:23,29/jul/26 11:55,
Incidente,INC-13679,45801,Monitoreo - UPS de Lo Miranda Aves no muestra datos ,Diego Antonio Soto  Sotomayor,712020:daed8c0d-e2b3-4c69-b04f-e0f5477fe3c6,Bastian González M,712020:9607098c-323a-4de8-a44a-9176793df19d,Alta,Validación del usuario,,26/jul/26 21:39,29/jul/26 11:03,
Incidente,INC-13682,45804,"Problemas al intentar ingresar al HMI (planta 2), error: ""trial expired""",Marcelo Patricio Celis Retamal,712020:077cd782-bf12-45d5-81ef-952c99739577,Jair Stiven Méndez Baquero,712020:66e4c6db-2ecc-4e66-bfc2-850cc8894432,Alta,Resuelto,,27/jul/26 00:13,17/ago/26 15:49,
Incidente,INC-13692,45824,Monitoreo - Caída de enlaces Proveedor Netland,Javier Esteban Castillo Jara,712020:1cf8bc7f-946e-4e1e-84b6-962e0924cd76,Jhonny Torres N,712020:3cecf351-efbc-43f7-8cdc-ccc90034c4a0,Alta,Validación del usuario,,27/jul/26 07:33,27/jul/26 09:14,
Incidente,INC-13693,45825,Monitoreo - Caída de enlaces Proveedor CS,Javier Esteban Castillo Jara,712020:1cf8bc7f-946e-4e1e-84b6-962e0924cd76,Jhonny Torres N,712020:3cecf351-efbc-43f7-8cdc-ccc90034c4a0,Alta,Validación del usuario,,27/jul/26 07:34,27/jul/26 09:30,
Incidente,INC-13694,45826,Monitoreo - Caída de enlaces Proveedor Dimabe,Javier Esteban Castillo Jara,712020:1cf8bc7f-946e-4e1e-84b6-962e0924cd76,Jhonny Torres N,712020:3cecf351-efbc-43f7-8cdc-ccc90034c4a0,Alta,Validación del usuario,,27/jul/26 07:35,03/ago/26 11:09,
Incidente,INC-13697,45833,Habilitar cuenta de usuaria,Benjamin Nicolas Schwalm Jara,712020:7762ff16-6b68-4f6f-a0ad-2b1b9a40b257,Franco Guinez A,712020:a3795c3a-aa5f-4cea-8071-60172591b157,Alta,Resuelto,,27/jul/26 08:00,27/jul/26 08:10,
Incidente S4,IS4-5718,45845,RE: IS4-2258 Autorizacion Transaccion,,,Emilio Alejandro Ruiz Correa,712020:140fca0e-5eed-48ae-a9aa-4abecf1321b8,Alta,Creado,,27/jul/26 08:28,27/jul/26 08:28,
Incidente,INC-13708,45850,Cuenta bloqueada ,Benjamin Nicolas Schwalm Jara,712020:7762ff16-6b68-4f6f-a0ad-2b1b9a40b257,Felipe Esteban Ravellos Lara,712020:34aa28de-0baa-4f2f-92d4-785379a9a54c,Alta,Resuelto,,27/jul/26 08:37,27/jul/26 08:43,
Incidente AMS,AMS-1342,45861,RE: AMS-1334 Problemas con Legacy no se ven reflejadas la vacunas,,,Scarlette Jasmina Cid Oliveros,712020:aec47fd9-96f0-417a-8865-6bd90899a6db,Alta,Cancelado,,27/jul/26 08:49,27/jul/26 11:51,
Incidente AMS,AMS-1343,45862,Eliminar estado,Crhistopher Sepulveda Gomez,712020:13f39121-e6b4-4cda-a566-699f9a1d5cfd,Leidy Tatiana León Lizcano,712020:7c332f1c-beea-4c36-850d-a4bebe955356,Alta,Validación del usuario,,27/jul/26 08:50,19/ago/26 15:13,
Incidente AMS,AMS-1344,45865,Reflejar datos,Sebastian Suazo,712020:6b2b9a90-6b38-4d05-ae00-17b744f21325,Leidy Tatiana León Lizcano,712020:7c332f1c-beea-4c36-850d-a4bebe955356,Alta,Validación del usuario,,27/jul/26 08:53,27/jul/26 10:51,
Incidente,INC-13722,45868,Sin internet,Javier Esteban Castillo Jara,712020:1cf8bc7f-946e-4e1e-84b6-962e0924cd76,Leidy Tatiana León Lizcano,712020:7c332f1c-beea-4c36-850d-a4bebe955356,Alta,Validación del usuario,,27/jul/26 08:59,29/jul/26 11:56,
Incidente,INC-13723,45869,Caída de internet incubadora sopraval,Javier Esteban Castillo Jara,712020:1cf8bc7f-946e-4e1e-84b6-962e0924cd76,Erik Avello,712020:9d91180a-22c7-4d43-9eab-97c8cf49ecbf,Alta,Documentación Incidente,,27/jul/26 09:00,08/sep/26 11:01,
Incidente,INC-13725,45872,Sin internet,Kevin Alexis Maldonado Muñoz,712020:c8eacfb5-650a-4c88-857f-2414a8f12044,Leidy Tatiana León Lizcano,712020:7c332f1c-beea-4c36-850d-a4bebe955356,Alta,Validación del usuario,,27/jul/26 09:02,28/jul/26 10:46,
Incidente,INC-13726,45873,Enlaces Proveedor CS - Múltiples enlaces caídos,Javier Esteban Castillo Jara,712020:1cf8bc7f-946e-4e1e-84b6-962e0924cd76,Jonathan Ivo Milenko Carrasco Piña,712020:5ac2a5cf-ca53-47f2-9c59-4d37b2d42f65,Alta,Validación del usuario,,27/jul/26 09:03,27/jul/26 09:28,
Incidente,INC-13737,45898,FARM Manager- La caña posee problemas para extraer datos tecnoandina ,Marcelo Enrique Molina Gonzalez,712020:6ff29a06-6a09-4d45-8fa6-b2455efeaf8c,Erik Avello,712020:9d91180a-22c7-4d43-9eab-97c8cf49ecbf,Alta,Resuelto,,27/jul/26 09:48,27/jul/26 16:35,
Incidente S4,IS4-5727,45908,Material sin fecha de caducidad,Angie Espinoza,712020:d2d363d3-b9ac-47bf-923a-f89eb5887a5d,Diego Maximiliano Chamblas Alarcon,712020:96f6ca48-d768-4cde-8334-738dfe23adc1,Alta,Validación del usuario,,27/jul/26 10:03,24/ago/26 15:36,
Incidente,INC-13742,45911,Sector sin internet,Kevin Alexis Maldonado Muñoz,712020:c8eacfb5-650a-4c88-857f-2414a8f12044,Cristian Fernando Gonzalez Salazar,712020:fea82959-496f-4b4f-b771-47213d3e02cd,Alta,Validación del usuario,,27/jul/26 10:07,28/jul/26 09:11,
Incidente,INC-13743,45912,Revision equipo,Javier Alejandro Gonzalez Abarca,712020:9fc9fa65-2e7a-4d4c-9ba5-288f12754593,Leidy Tatiana León Lizcano,712020:7c332f1c-beea-4c36-850d-a4bebe955356,Alta,Validación del usuario,,27/jul/26 10:07,27/jul/26 15:46,
Incidente AMS,AMS-1346,45920,caja en centro T114,,,Coordinadores de Despacho,712020:986220e7-3e6e-41d9-aea3-c2226f535cdf,Alta,Cancelado,,27/jul/26 10:19,30/jul/26 10:53,
Incidente AMS,AMS-1348,45929,caja en centro T104,,,Coordinadores de Despacho,712020:986220e7-3e6e-41d9-aea3-c2226f535cdf,Alta,Cancelado,,27/jul/26 10:34,30/jul/26 10:53,
Incidente,INC-13753,45937,"Sector ""planta de compostaje la estrella"" sin internet",Kevin Alexis Maldonado Muñoz,712020:c8eacfb5-650a-4c88-857f-2414a8f12044,Jair Stiven Méndez Baquero,712020:66e4c6db-2ecc-4e66-bfc2-850cc8894432,Alta,Validación del usuario,,27/jul/26 10:46,28/jul/26 09:09,
Incidente,INC-13756,45945,sin internet planta pocillas,Victor Mauricio Vera Nuñez,712020:46155656-0657-4144-9fa4-ba01a5c2fdf8,Matías Rafael Donoso Jiménez,712020:447c3261-7861-432f-9a7f-90c291135e15,Alta,Validación del usuario,,27/jul/26 11:01,03/ago/26 11:13,
Incidente,INC-13759,45949,lentitud vpn externos ,Benjamin Nicolas Schwalm Jara,712020:7762ff16-6b68-4f6f-a0ad-2b1b9a40b257,Matías Rafael Donoso Jiménez,712020:447c3261-7861-432f-9a7f-90c291135e15,Alta,Resuelto,,27/jul/26 11:09,28/jul/26 08:08,
Incidente,INC-13760,45951,"Sector ""Pavos/Quilpue/Las Palmas"" (Sopraval) sin internet",Italo Hernan Pinto Montoya,712020:2f3e1c92-5fc9-40db-a408-9c532c1b54b5,Jair Stiven Méndez Baquero,712020:66e4c6db-2ecc-4e66-bfc2-850cc8894432,Alta,Validación del usuario,,27/jul/26 11:10,10/ago/26 11:58,
Incidente,INC-13761,45957,"Portal de la plataforma ""match perfecto"" caido, error ""403""",Benjamin Nicolas Schwalm Jara,712020:7762ff16-6b68-4f6f-a0ad-2b1b9a40b257,Jair Stiven Méndez Baquero,712020:66e4c6db-2ecc-4e66-bfc2-850cc8894432,Alta,Resuelto,,27/jul/26 11:23,28/jul/26 08:07,
Incidente,INC-13771,45972,"Al momento de paletizar en el sistema RAF, se está presentando lentitud en la contabilización de cajas/pallets",Jorge Arnaldo Quiroz Olmos,712020:4e6376c9-f6d2-4bc4-b833-100074be9526,Jair Stiven Méndez Baquero,712020:66e4c6db-2ecc-4e66-bfc2-850cc8894432,Alta,Escalado Proveedores Marca,,27/jul/26 11:52,03/sep/26 15:53,
Incidente,INC-13779,45990,"lentitud legacy , sap",Kevin Alexis Maldonado Muñoz,712020:c8eacfb5-650a-4c88-857f-2414a8f12044,Matías Rafael Donoso Jiménez,712020:447c3261-7861-432f-9a7f-90c291135e15,Alta,Validación del usuario,,27/jul/26 12:24,28/jul/26 09:08,
Incidente,INC-13780,45991,Problemas con el HMI,Jacinth Andrew Cordova Marcano,712020:2cbd7839-f70b-4079-a0ca-3c26f66080aa,Cristian Fernando Gonzalez Salazar,712020:fea82959-496f-4b4f-b771-47213d3e02cd,Alta,Resuelto,,27/jul/26 12:24,07/ago/26 12:16,
Incidente AMS,AMS-1352,45998,Bajar guías de la semana 30 ,Diego Flores,712020:314bedea-6181-4d50-97d5-e114b8742d38,Felipe Esteban Ravellos Lara,712020:34aa28de-0baa-4f2f-92d4-785379a9a54c,Alta,Validación del usuario,,27/jul/26 12:36,27/jul/26 14:26,
Incidente,INC-13784,46003,Problemas con puerto de red notebook ,Benjamin Nicolas Vidal Caroca,712020:2062d08e-0238-40d5-a11c-67396d81019b,Felipe Esteban Ravellos Lara,712020:34aa28de-0baa-4f2f-92d4-785379a9a54c,Alta,Validación del usuario,,27/jul/26 12:54,31/jul/26 10:14,
Incidente,INC-13789,46009,anexo con problemas,Italo Hernan Pinto Montoya,712020:2f3e1c92-5fc9-40db-a408-9c532c1b54b5,Matías Rafael Donoso Jiménez,712020:447c3261-7861-432f-9a7f-90c291135e15,Alta,Validación del usuario,,27/jul/26 13:10,12/ago/26 10:34,
Incidente,INC-13792,46014,Caída de enlaces Incubadora Lo Miranda,Italo Hernan Pinto Montoya,712020:2f3e1c92-5fc9-40db-a408-9c532c1b54b5,Benjamin Salas Delgado,712020:623bd1ef-d260-489d-a6a2-dbbc38b83e31,Alta,Resuelto,,27/jul/26 13:19,27/jul/26 14:51,
Incidente,INC-13793,46016,Sin internet,Italo Hernan Pinto Montoya,712020:2f3e1c92-5fc9-40db-a408-9c532c1b54b5,Leidy Tatiana León Lizcano,712020:7c332f1c-beea-4c36-850d-a4bebe955356,Alta,Validación del usuario,,27/jul/26 13:23,31/jul/26 11:13,
Incidente,INC-13794,46017,"La aplicacion SAD (SOFTCORP) no permite avanzar en el proceso de ingreso automatico de camiones, se queda congelado",Jacinth Andrew Cordova Marcano,712020:2cbd7839-f70b-4079-a0ca-3c26f66080aa,Jair Stiven Méndez Baquero,712020:66e4c6db-2ecc-4e66-bfc2-850cc8894432,Alta,Resuelto,,27/jul/26 13:24,07/ago/26 12:15,
Requerimiento,REQ-1328,46026,llamada de consulta,Erik Avello,712020:9d91180a-22c7-4d43-9eab-97c8cf49ecbf,Erik Avello,712020:9d91180a-22c7-4d43-9eab-97c8cf49ecbf,Media,Revisión del N1,,27/jul/26 14:14,28/jul/26 09:38,
Incidente AMS,AMS-1358,46042,No están cayendo guías a conectate,Crhistopher Sepulveda Gomez,712020:13f39121-e6b4-4cda-a566-699f9a1d5cfd,Erik Avello,712020:9d91180a-22c7-4d43-9eab-97c8cf49ecbf,Alta,Validación del usuario,,27/jul/26 15:11,27/jul/26 17:10,
Incidente S4,IS4-5753,46047,RE: Información adicional Incidente IS4-5686,,,Francisco Javier Castillo Soto,712020:bc402180-2913-42d3-a4b3-342e3fdbd28e,Alta,Creado,,27/jul/26 15:21,27/jul/26 15:21,
Incidente,INC-13810,46048,Problemas al acceder TeamViewer ,Javier Alejandro Gonzalez Abarca,712020:9fc9fa65-2e7a-4d4c-9ba5-288f12754593,Felipe Esteban Ravellos Lara,712020:34aa28de-0baa-4f2f-92d4-785379a9a54c,Alta,Resuelto,,27/jul/26 15:24,29/jul/26 15:27,
Incidente S4,IS4-5754,46053,Diferencia de tarja VS guia de despacho ,Angie Espinoza,712020:d2d363d3-b9ac-47bf-923a-f89eb5887a5d,Victor Javier Enrique Riveros Crespo,712020:e1e8fff9-faa5-4f29-9e17-a2fcd1fbb35a,Alta,Validación del usuario,,27/jul/26 15:41,24/ago/26 15:37,
Incidente S4,IS4-5757,46062,Diferencia de tarja VS guia de despacho ,Magda Patricia Espinosa Bustos,712020:bb2e79ad-1f51-4542-9922-ae2652bcf9dd,Victor Javier Enrique Riveros Crespo,712020:e1e8fff9-faa5-4f29-9e17-a2fcd1fbb35a,Alta,Validación del usuario,,27/jul/26 15:57,24/ago/26 15:37,
Incidente AMS,AMS-1359,46071,se necesita quitar resguardo de hembras,Diego Flores,712020:314bedea-6181-4d50-97d5-e114b8742d38,Erik Avello,712020:9d91180a-22c7-4d43-9eab-97c8cf49ecbf,Alta,Validación del usuario,,27/jul/26 16:23,27/jul/26 16:29,
Incidente,INC-13826,46086,Sectores sin internet  Aves reproductoras candelaria,Kevin Alexis Maldonado Muñoz,712020:c8eacfb5-650a-4c88-857f-2414a8f12044,Nicolas Prieto Camelo,712020:3f87e7d5-1b59-45ae-9674-027e748fb844,Alta,Validación del usuario,,27/jul/26 17:27,28/jul/26 08:56,
Incidente S4,IS4-5767,46101,.CRUCE DE MATERIALES,Endy Villasmil,712020:de760acd-5b27-4fc2-a4ea-e31854338f83,Maria Ines Latorre Alvarez,712020:794c083e-6b78-4dde-aac6-a319506bb9cb,Alta,Equipo Resolutor Asignado,,27/jul/26 19:26,11/ago/26 13:39,
Incidente,INC-13834,46112,Problemas con HMI,Guillermo Andres Benavides  Farias,712020:fb05db58-0e87-4d5f-b8ef-019907a66fdc,Evelyn Pozo M,712020:8120de32-7eac-45d7-b464-84865a422b01,Alta,Validación del usuario,,27/jul/26 21:53,14/ago/26 16:38,
Incidente,INC-13839,46117,Lentitud HMI ,Guillermo Andres Benavides  Farias,712020:fb05db58-0e87-4d5f-b8ef-019907a66fdc,Evelyn Pozo M,712020:8120de32-7eac-45d7-b464-84865a422b01,Alta,Validación del usuario,,27/jul/26 23:32,14/ago/26 16:37,
Incidente,INC-13840,46121,Monitoreo - Caída de enlaces Proveedor Netland,Kevin Alexis Maldonado Muñoz,712020:c8eacfb5-650a-4c88-857f-2414a8f12044,Alejandro Enrique Gonzalez Bracho,712020:2a91d042-9782-44ad-8944-fe1523f3889d,Alta,Validación del usuario,,28/jul/26 04:46,30/jul/26 15:12,
Incidente S4,IS4-5773,46122,LIMITE DE FOLIOS,,,Marcos Leonardo Gonzalez Rodriguez,712020:c28ba2c3-88bb-4fdd-b66a-7d8d2e85f277,Alta,Equipo Resolutor Asignado,,28/jul/26 04:55,29/jul/26 18:40,
Incidente,INC-13852,46135,Sector Portería Coya sin conexión a internet,Kevin Alexis Maldonado Muñoz,712020:c8eacfb5-650a-4c88-857f-2414a8f12044,Erik Avello,712020:9d91180a-22c7-4d43-9eab-97c8cf49ecbf,Alta,Validación del usuario,,28/jul/26 07:45,28/jul/26 16:23,
Incidente,INC-13853,46137,Sin internet,Kevin Alexis Maldonado Muñoz,712020:c8eacfb5-650a-4c88-857f-2414a8f12044,Leidy Tatiana León Lizcano,712020:7c332f1c-beea-4c36-850d-a4bebe955356,Alta,Validación del usuario,,28/jul/26 07:59,28/jul/26 16:25,
Requerimiento,REQ-1356,46141,Validar TK,Endy Villasmil,712020:de760acd-5b27-4fc2-a4ea-e31854338f83,Leidy Tatiana León Lizcano,712020:7c332f1c-beea-4c36-850d-a4bebe955356,Media,Revisión del N1,,28/jul/26 08:16,28/jul/26 09:39,
Incidente,INC-13858,46148,Sin internet,Javier Esteban Castillo Jara,712020:1cf8bc7f-946e-4e1e-84b6-962e0924cd76,Leidy Tatiana León Lizcano,712020:7c332f1c-beea-4c36-850d-a4bebe955356,Alta,Validación del usuario,,28/jul/26 08:33,29/jul/26 11:34,
Incidente,INC-13876,46172,Problemas con sistema conectate ,Benjamin Nicolas Vidal Caroca,712020:2062d08e-0238-40d5-a11c-67396d81019b,Bastian González M,712020:9607098c-323a-4de8-a44a-9176793df19d,Alta,Validación del usuario,,28/jul/26 09:41,28/jul/26 11:44,
Incidente,INC-13884,46189,Usuario necesita instalacion de los programas oracle y apache para conectarse a los dispositivos conectate del sector,Fernando Esteban Fuentes Morales,712020:fe5bcc67-ea2e-4406-b5b9-58211a6e5c8b,Jair Stiven Méndez Baquero,712020:66e4c6db-2ecc-4e66-bfc2-850cc8894432,Alta,Validación del usuario,,28/jul/26 10:04,28/jul/26 12:18,
Incidente,INC-13897,46213,problema con envíos de correos SAP,DANILO ESTEBAN Rodriguez Leiva,637297188fd2d2d5f12bc7aa,Erik Avello,712020:9d91180a-22c7-4d43-9eab-97c8cf49ecbf,Alta,Validación del usuario,,28/jul/26 10:55,06/ago/26 18:47,
Incidente S4,IS4-5789,46221,"-No puede actualizar una query en analisys (Excel), le aparece un error al iniciar sesion con sus credenciales para reiniciarla",,,Jair Stiven Méndez Baquero,712020:66e4c6db-2ecc-4e66-bfc2-850cc8894432,Alta,Equipo Resolutor Asignado,,28/jul/26 11:05,12/ago/26 16:45,
Incidente AMS,AMS-1366,46234,Rescatar guías de alimento ,Sebastian Suazo,712020:6b2b9a90-6b38-4d05-ae00-17b744f21325,Felipe Esteban Ravellos Lara,712020:34aa28de-0baa-4f2f-92d4-785379a9a54c,Alta,Validación del usuario,,28/jul/26 11:18,29/jul/26 14:17,
Requerimiento,REQ-1373,46235,usuario realiza consuta,Matías Rafael Donoso Jiménez,712020:447c3261-7861-432f-9a7f-90c291135e15,Matías Rafael Donoso Jiménez,712020:447c3261-7861-432f-9a7f-90c291135e15,Media,Revisión del N1,,28/jul/26 11:21,29/jul/26 11:13,
Incidente,INC-13908,46241,Problemas micrófono reuniones,Marcelo Enrique Molina Gonzalez,712020:6ff29a06-6a09-4d45-8fa6-b2455efeaf8c,Erik Avello,712020:9d91180a-22c7-4d43-9eab-97c8cf49ecbf,Alta,Resuelto,,28/jul/26 11:28,28/jul/26 14:47,
Incidente,INC-13910,46244,Caída de internet planta de tratamiento Tantehue,Kevin Alexis Maldonado Muñoz,712020:c8eacfb5-650a-4c88-857f-2414a8f12044,Erik Avello,712020:9d91180a-22c7-4d43-9eab-97c8cf49ecbf,Alta,Validación del usuario,,28/jul/26 11:34,28/jul/26 17:05,
Incidente,INC-13911,46246,Bloqueo Fortinet,Benjamin Nicolas Schwalm Jara,712020:7762ff16-6b68-4f6f-a0ad-2b1b9a40b257,Leidy Tatiana León Lizcano,712020:7c332f1c-beea-4c36-850d-a4bebe955356,Alta,Resuelto,,28/jul/26 11:38,28/jul/26 15:51,
Incidente AMS,AMS-1368,46269,Problemas con el sistema Conectate,Diego Flores,712020:314bedea-6181-4d50-97d5-e114b8742d38,Cristian Fernando Gonzalez Salazar,712020:fea82959-496f-4b4f-b771-47213d3e02cd,Alta,Validación del usuario,,28/jul/26 12:35,28/jul/26 13:02,
Incidente AMS,AMS-1369,46277,Sacar salto de celo a las hembras en Conectate,Sebastian Suazo,712020:6b2b9a90-6b38-4d05-ae00-17b744f21325,Bastian González M,712020:9607098c-323a-4de8-a44a-9176793df19d,Alta,Validación del usuario,,28/jul/26 13:02,28/jul/26 15:49,
Incidente,INC-13927,46285,Caída de internet sector la arboleda,Victor Mauricio Vera Nuñez,712020:46155656-0657-4144-9fa4-ba01a5c2fdf8,Erik Avello,712020:9d91180a-22c7-4d43-9eab-97c8cf49ecbf,Alta,Validación del usuario,,28/jul/26 13:27,03/ago/26 11:13,
Incidente,INC-13929,46287,Sin internet,Kevin Alexis Maldonado Muñoz,712020:c8eacfb5-650a-4c88-857f-2414a8f12044,Leidy Tatiana León Lizcano,712020:7c332f1c-beea-4c36-850d-a4bebe955356,Alta,Validación del usuario,,28/jul/26 13:38,28/jul/26 17:04,
Incidente S4,IS4-5808,46291,RE: IS4-5797 Error al contabilizar pallets (Salida por Romana),,,romana1@agrosuper.com,712020:c83b1e53-e1cf-4f1c-9f29-fde5430f1171,Alta,Creado,,28/jul/26 13:49,28/jul/26 13:49,
Incidente,INC-13931,46292,Caída de internet en sector el quisco cerdos,Victor Mauricio Vera Nuñez,712020:46155656-0657-4144-9fa4-ba01a5c2fdf8,Erik Avello,712020:9d91180a-22c7-4d43-9eab-97c8cf49ecbf,Alta,Validación del usuario,,28/jul/26 13:53,03/ago/26 11:12,
Incidente,INC-13932,46294,Sin internet,Kevin Alexis Maldonado Muñoz,712020:c8eacfb5-650a-4c88-857f-2414a8f12044,Leidy Tatiana León Lizcano,712020:7c332f1c-beea-4c36-850d-a4bebe955356,Alta,Validación del usuario,,28/jul/26 13:55,28/jul/26 17:02,
Incidente,INC-13933,46295,Sin internet en el Sector ,Kevin Alexis Maldonado Muñoz,712020:c8eacfb5-650a-4c88-857f-2414a8f12044,Bastian González M,712020:9607098c-323a-4de8-a44a-9176793df19d,Alta,Validación del usuario,,28/jul/26 13:56,28/jul/26 17:05,
Requerimiento,REQ-1387,46297,usuario realiza consuta,Matías Rafael Donoso Jiménez,712020:447c3261-7861-432f-9a7f-90c291135e15,Matías Rafael Donoso Jiménez,712020:447c3261-7861-432f-9a7f-90c291135e15,Media,Revisión del N1,,28/jul/26 13:59,29/jul/26 11:14,
Incidente,INC-13934,46299,Sin internet,Javier Esteban Castillo Jara,712020:1cf8bc7f-946e-4e1e-84b6-962e0924cd76,Leidy Tatiana León Lizcano,712020:7c332f1c-beea-4c36-850d-a4bebe955356,Alta,Validación del usuario,,28/jul/26 14:06,29/jul/26 09:45,
Incidente,INC-13935,46300,Sin Internet en el Sector la Maravilla ,Javier Esteban Castillo Jara,712020:1cf8bc7f-946e-4e1e-84b6-962e0924cd76,Bastian González M,712020:9607098c-323a-4de8-a44a-9176793df19d,Alta,Validación del usuario,,28/jul/26 14:06,29/jul/26 09:46,
Requerimiento,REQ-1389,46311,Consulta ticket IS4-5532,Jair Stiven Méndez Baquero,712020:66e4c6db-2ecc-4e66-bfc2-850cc8894432,Jair Stiven Méndez Baquero,712020:66e4c6db-2ecc-4e66-bfc2-850cc8894432,Media,Revisión del N1,,28/jul/26 14:42,29/jul/26 08:44,
Incidente,INC-13951,46326,Revision de dispositivo conectate por daños fisicos,Fernando Esteban Fuentes Morales,712020:fe5bcc67-ea2e-4406-b5b9-58211a6e5c8b,Jair Stiven Méndez Baquero,712020:66e4c6db-2ecc-4e66-bfc2-850cc8894432,Alta,Validación del usuario,,28/jul/26 15:27,29/jul/26 15:00,
Incidente S4,IS4-5817,46338,"RE: IS4-5693 Documento de facturacion en estado ""bloqueado""; no es posible visualizar la facturacion en la transaccion VF01 (SAP SPR)",,,Rodrigo Antonio Urzua Gonzalez,712020:8fa77362-95db-48d2-a180-f03ee5a1e34b,Alta,Creado,,28/jul/26 15:51,28/jul/26 15:51,
Incidente S4,IS4-5819,46354,RE: IS4-5812 Error al contabilizar pallets (Salida por Romana),,,romana1@agrosuper.com,712020:c83b1e53-e1cf-4f1c-9f29-fde5430f1171,Alta,Creado,,28/jul/26 16:46,28/jul/26 16:46,
Incidente,INC-13965,46360,Equipo con lentitud. ,Benjamin Nicolas Vidal Caroca,712020:2062d08e-0238-40d5-a11c-67396d81019b,Evelyn Pozo M,712020:8120de32-7eac-45d7-b464-84865a422b01,Alta,Validación del usuario,,28/jul/26 16:57,29/jul/26 16:26,
Incidente,INC-13968,46368,Revisión de red WiFi,Italo Hernan Pinto Montoya,712020:2f3e1c92-5fc9-40db-a408-9c532c1b54b5,Evelyn Pozo M,712020:8120de32-7eac-45d7-b464-84865a422b01,Alta,Resuelto,,28/jul/26 17:16,29/jul/26 11:27,
Incidente S4,IS4-5825,46369,Re: Información adicional Incidente IS4-5724,,,Francisco Javier Castillo Soto,712020:bc402180-2913-42d3-a4b3-342e3fdbd28e,Alta,Creado,,28/jul/26 17:16,28/jul/26 17:16,
Requerimiento,REQ-1400,46373,Habilitación de 2 puntos de red en sala de reuniones IQF Planta Faenadora Aves,Javier Esteban Castillo Jara,712020:1cf8bc7f-946e-4e1e-84b6-962e0924cd76,Evelyn Pozo M,712020:8120de32-7eac-45d7-b464-84865a422b01,Media,Equipo Proveedor,,28/jul/26 17:30,29/jul/26 14:25,
Incidente,INC-13990,46407,Telefono presenta problemas de funcionamiento ,Marcelo Enrique Molina Gonzalez,712020:6ff29a06-6a09-4d45-8fa6-b2455efeaf8c,Franco Guinez A,712020:a3795c3a-aa5f-4cea-8071-60172591b157,Alta,Resuelto,,29/jul/26 08:27,29/jul/26 14:48,
Incidente,INC-13991,46408,Telefono presenta problemas de funcionamiento ,Marcelo Enrique Molina Gonzalez,712020:6ff29a06-6a09-4d45-8fa6-b2455efeaf8c,Franco Guinez A,712020:a3795c3a-aa5f-4cea-8071-60172591b157,Alta,Resuelto,,29/jul/26 08:28,29/jul/26 14:48,
Incidente,INC-13997,46421,Problemas outlook envio y recibo ,Guillermo Andres Benavides  Farias,712020:fb05db58-0e87-4d5f-b8ef-019907a66fdc,Felipe Esteban Ravellos Lara,712020:34aa28de-0baa-4f2f-92d4-785379a9a54c,Alta,Validación del usuario,,29/jul/26 09:00,14/ago/26 16:37,
Incidente,INC-14002,46432,revisión de equipo (touchpad),Javier Alejandro Gonzalez Abarca,712020:9fc9fa65-2e7a-4d4c-9ba5-288f12754593,Erik Avello,712020:9d91180a-22c7-4d43-9eab-97c8cf49ecbf,Alta,Validación del usuario,,29/jul/26 09:22,30/jul/26 09:54,
Incidente,INC-14005,46436,Fallo de aplicación BTP,Jorge Arnaldo Quiroz Olmos,712020:4e6376c9-f6d2-4bc4-b833-100074be9526,Erik Avello,712020:9d91180a-22c7-4d43-9eab-97c8cf49ecbf,Alta,Validación del usuario,,29/jul/26 09:34,29/jul/26 15:53,
Incidente,INC-14007,46440,"Bloqueo de app contingencia ""PALE.exe""",Benjamin Nicolas Schwalm Jara,712020:7762ff16-6b68-4f6f-a0ad-2b1b9a40b257,Erik Avello,712020:9d91180a-22c7-4d43-9eab-97c8cf49ecbf,Alta,Resuelto,,29/jul/26 09:53,29/jul/26 12:37,
Incidente S4,IS4-5840,46459,Problemas en CX,,,Matías Rafael Donoso Jiménez,712020:447c3261-7861-432f-9a7f-90c291135e15,Alta,Equipo Resolutor Asignado,,29/jul/26 10:46,31/jul/26 08:57,
Incidente,INC-14018,46461,HMI de la molienda de la planta  2 y 3 (Planta de alimentos lo miranda) está presentando intermitencia,Guillermo Andres Benavides  Farias,712020:fb05db58-0e87-4d5f-b8ef-019907a66fdc,Jair Stiven Méndez Baquero,712020:66e4c6db-2ecc-4e66-bfc2-850cc8894432,Alta,Validación del usuario,,29/jul/26 10:48,14/ago/26 16:37,
Incidente,INC-14019,46464,RE: Se ha creado el requerimiento AMS-1360,,,Alejandro Hernando Caroca Huerta,712020:02be0956-88a7-409c-a89b-94cb4c2c6282,Alta,Creado,,29/jul/26 11:00,29/jul/26 11:00,
Incidente,INC-14020,46466,Problemas de espacio libre en máquina,Jacinth Andrew Cordova Marcano,712020:2cbd7839-f70b-4079-a0ca-3c26f66080aa,Benjamin Salas Delgado,712020:623bd1ef-d260-489d-a6a2-dbbc38b83e31,Alta,Resuelto,,29/jul/26 11:01,07/ago/26 12:14,
Incidente,INC-14024,46472,Sin internet en el sector SAN PEDRO 4,Kevin Alexis Maldonado Muñoz,712020:c8eacfb5-650a-4c88-857f-2414a8f12044,Jair Stiven Méndez Baquero,712020:66e4c6db-2ecc-4e66-bfc2-850cc8894432,Alta,Validación del usuario,,29/jul/26 11:21,31/jul/26 11:17,
Incidente AMS,AMS-1383,46490,Asignación se cae abajo ,Sebastian Suazo,712020:6b2b9a90-6b38-4d05-ae00-17b744f21325,Felipe Esteban Ravellos Lara,712020:34aa28de-0baa-4f2f-92d4-785379a9a54c,Alta,Validación del usuario,,29/jul/26 12:05,30/jul/26 15:38,
Incidente,INC-14029,46491,Problemas con la impresora HP,Gustavo Adolfo Fierro Morales,712020:34251f21-925f-4970-bea7-659d3ebfa34a,Bastian González M,712020:9607098c-323a-4de8-a44a-9176793df19d,Alta,Validación del usuario,,29/jul/26 12:06,31/jul/26 10:42,
Incidente,INC-14032,46495,buzon lleno,Nicolas Ignacio Lobos Muñoz,712020:231572bf-d0c7-4e49-bbe3-989381fb5348,Matías Rafael Donoso Jiménez,712020:447c3261-7861-432f-9a7f-90c291135e15,Alta,Resuelto,,29/jul/26 12:14,30/jul/26 12:02,
Incidente,INC-14041,46519,Eliminando correo,Guillermo Andres Benavides  Farias,712020:fb05db58-0e87-4d5f-b8ef-019907a66fdc,Leidy Tatiana León Lizcano,712020:7c332f1c-beea-4c36-850d-a4bebe955356,Alta,Validación del usuario,,29/jul/26 13:33,14/ago/26 16:37,
Incidente,INC-14043,46530,Equipo no enciende en Sector Mr Dick ,Francisco Dario Guzman Jimenez,712020:ca5f4f7a-9ba3-4bb0-9ee8-984c1f220411,Bastian González M,712020:9607098c-323a-4de8-a44a-9176793df19d,Alta,Resuelto,,29/jul/26 13:57,31/jul/26 10:05,
Incidente S4,IS4-5858,46532,RE: IS4-5833 Facturar en TX VF01 genera partición de entregas.,,,Abigail Noemi Acevedo Astorga,70121:0eb2d668-f9d7-46b5-984a-ac0103a26312,Alta,Creado,,29/jul/26 13:59,29/jul/26 13:59,
Incidente,INC-14045,46539,[Monitoreo] San Antonio caída de enlaces,Aldo Rodrigo Gonzalez Contreras,712020:444ef87b-e384-47e4-b76a-52abffc021d9,Erik Avello,712020:9d91180a-22c7-4d43-9eab-97c8cf49ecbf,Alta,Validación del usuario,,29/jul/26 14:10,03/ago/26 11:52,
Incidente,INC-14062,46579,Solicita revisión de equipo por lentitud y disco lleno,Fernando Esteban Fuentes Morales,712020:fe5bcc67-ea2e-4406-b5b9-58211a6e5c8b,Bastian González M,712020:9607098c-323a-4de8-a44a-9176793df19d,Alta,Validación del usuario,,29/jul/26 16:22,29/jul/26 17:02,
Incidente AMS,AMS-1388,46581,Usuario solicita rescatar guias de alimentos que no es posible registrar desde el sistema conectate,Diego Flores,712020:314bedea-6181-4d50-97d5-e114b8742d38,Jair Stiven Méndez Baquero,712020:66e4c6db-2ecc-4e66-bfc2-850cc8894432,Alta,Validación del usuario,,29/jul/26 16:32,29/jul/26 22:10,
Incidente,INC-14064,46582,One drive lleno,Guillermo Andres Benavides  Farias,712020:fb05db58-0e87-4d5f-b8ef-019907a66fdc,Felipe Esteban Ravellos Lara,712020:34aa28de-0baa-4f2f-92d4-785379a9a54c,Alta,Resuelto,,29/jul/26 16:40,27/ago/26 13:09,
Incidente,INC-14069,46591,Falla de conexión a conéctate Global y a SAP ,Victor Mauricio Vera Nuñez,712020:46155656-0657-4144-9fa4-ba01a5c2fdf8,Nicolas Prieto Camelo,712020:3f87e7d5-1b59-45ae-9674-027e748fb844,Alta,Validación del usuario,,29/jul/26 17:26,03/ago/26 11:12,
Incidente S4,IS4-5873,46592,Inconsistencia en data interlocutor CX ,,,Katterin Valesca Santibañez Dinamarca,712020:d4e23237-beb5-41aa-b982-ede932fb0875,Alta,Equipo Resolutor Asignado,,29/jul/26 17:41,30/jul/26 17:00,
Incidente S4,IS4-5881,46615,RE: IS4-5871 Stock inconsistente,,,Cristian Ramon Mella Jorquera,712020:9094d3a9-7a88-487e-a1a8-361c4b6304ce,Alta,Creado,,29/jul/26 20:06,29/jul/26 20:06,
Incidente,INC-14080,46617,Robo de computador,Benjamin Nicolas Schwalm Jara,712020:7762ff16-6b68-4f6f-a0ad-2b1b9a40b257,Evelyn Pozo M,712020:8120de32-7eac-45d7-b464-84865a422b01,Alta,Resuelto,,29/jul/26 20:17,29/jul/26 20:25,
Requerimiento,REQ-1458,46619,Consultas generales [FOLIOS VM],Evelyn Pozo M,712020:8120de32-7eac-45d7-b464-84865a422b01,Evelyn Pozo M,712020:8120de32-7eac-45d7-b464-84865a422b01,Media,Revisión del N1,,29/jul/26 21:04,29/jul/26 23:21,
Incidente,INC-14092,46641,Monitoreo - Problemas de espacio libre en máquina,DANILO ESTEBAN Rodriguez Leiva,637297188fd2d2d5f12bc7aa,Jhonny Torres N,712020:3cecf351-efbc-43f7-8cdc-ccc90034c4a0,Alta,Validación del usuario,,30/jul/26 06:45,06/ago/26 18:47,
Incidente,INC-14093,46642,Monitoreo - Caída de enlaces Proveedor Netland,Italo Hernan Pinto Montoya,712020:2f3e1c92-5fc9-40db-a408-9c532c1b54b5,Jhonny Torres N,712020:3cecf351-efbc-43f7-8cdc-ccc90034c4a0,Alta,Resuelto,,30/jul/26 07:17,04/ago/26 17:19,
Incidente,INC-14097,46651,Sector sin servicio de internet,Italo Hernan Pinto Montoya,712020:2f3e1c92-5fc9-40db-a408-9c532c1b54b5,Franco Guinez A,712020:a3795c3a-aa5f-4cea-8071-60172591b157,Alta,Validación del usuario,,30/jul/26 08:14,30/jul/26 09:57,
Incidente,INC-14098,46652,Sector sin servicio de internet,Italo Hernan Pinto Montoya,712020:2f3e1c92-5fc9-40db-a408-9c532c1b54b5,Franco Guinez A,712020:a3795c3a-aa5f-4cea-8071-60172591b157,Alta,Validación del usuario,,30/jul/26 08:15,30/jul/26 09:58,
Incidente,INC-14099,46653,Sector sin servicio de internet,Italo Hernan Pinto Montoya,712020:2f3e1c92-5fc9-40db-a408-9c532c1b54b5,Franco Guinez A,712020:a3795c3a-aa5f-4cea-8071-60172591b157,Alta,Validación del usuario,,30/jul/26 08:15,08/sep/26 16:25,
Requerimiento,REQ-1470,46680,usuario realiza consuta,Matías Rafael Donoso Jiménez,712020:447c3261-7861-432f-9a7f-90c291135e15,Matías Rafael Donoso Jiménez,712020:447c3261-7861-432f-9a7f-90c291135e15,Media,Revisión del N1,,30/jul/26 09:18,30/jul/26 09:22,
Incidente AMS,AMS-1391,46685,Error al Sistema de Aves ,Diego Flores,712020:314bedea-6181-4d50-97d5-e114b8742d38,Felipe Esteban Ravellos Lara,712020:34aa28de-0baa-4f2f-92d4-785379a9a54c,Alta,Validación del usuario,,30/jul/26 09:30,30/jul/26 10:06,
Incidente,INC-14119,46690,bloqueo fortinet ,Scarlet Aracely Muñoz Castillo,712020:34dce0a0-0ac6-4759-a94a-13e2ae86b706,Matías Rafael Donoso Jiménez,712020:447c3261-7861-432f-9a7f-90c291135e15,Alta,Resuelto,,30/jul/26 09:57,30/jul/26 14:55,
Incidente,INC-14122,46695,Problemas con el correo,Nicolas Ignacio Lobos Muñoz,712020:231572bf-d0c7-4e49-bbe3-989381fb5348,Cristian Fernando Gonzalez Salazar,712020:fea82959-496f-4b4f-b771-47213d3e02cd,Alta,Resuelto,,30/jul/26 10:09,30/jul/26 13:58,
Incidente,INC-14123,46699,Correo lleno,Nicolas Ignacio Lobos Muñoz,712020:231572bf-d0c7-4e49-bbe3-989381fb5348,Leidy Tatiana León Lizcano,712020:7c332f1c-beea-4c36-850d-a4bebe955356,Alta,Validación del usuario,,30/jul/26 10:12,30/jul/26 14:05,
Incidente,INC-14125,46708,Enlace Entel Faenadora Lo Miranda,Kevin Alexis Maldonado Muñoz,712020:c8eacfb5-650a-4c88-857f-2414a8f12044,Luis Nibaldo Bustos Arriagada,712020:164a2568-3825-4854-b34b-12934469c8eb,Alta,Validación del usuario,,30/jul/26 10:25,03/ago/26 10:52,
Incidente,INC-14131,46718,Enlace Mundo Planta Longovilo,Kevin Alexis Maldonado Muñoz,712020:c8eacfb5-650a-4c88-857f-2414a8f12044,Luis Nibaldo Bustos Arriagada,712020:164a2568-3825-4854-b34b-12934469c8eb,Alta,Validación del usuario,,30/jul/26 10:39,31/jul/26 11:20,
Incidente S4,IS4-5893,46722,SE DESCONECTA IMPRESORA SAP DE IMPRESORA FÍSICA,,,Yanira Salome Toledo Soto,712020:84cfbfb5-f8e0-4260-9cf1-54173b548a3b,Alta,Equipo Resolutor Asignado,,30/jul/26 10:45,03/ago/26 14:27,
Incidente,INC-14133,46725,RE: Se ha creado el requerimiento IS4-5894,,,Nicolas Ignacio Ricardo Aranda Barra,712020:31811355-65bc-4bcd-aa34-12f5b8bd72d8,Alta,Creado,,30/jul/26 10:58,30/jul/26 10:58,
Incidente,INC-14134,46726,Problemas con Entel ,Kevin Alexis Maldonado Muñoz,712020:c8eacfb5-650a-4c88-857f-2414a8f12044,Felipe Esteban Ravellos Lara,712020:34aa28de-0baa-4f2f-92d4-785379a9a54c,Alta,Validación del usuario,,30/jul/26 11:08,03/ago/26 10:52,
Incidente,INC-14135,46727,Re: Se ha creado el requerimiento IS4-5892,,,Jumel Dauz .,712020:67706f5c-701a-4a02-a74a-d316482e8aaa,Alta,Creado,,30/jul/26 11:08,30/jul/26 13:23,
Incidente,INC-14138,46737,Problemas con Proceso tomado ,Alexandra Daniela Camus Solari,712020:a62d03f5-2b5d-4efe-b08a-690a4b552ed2,Felipe Esteban Ravellos Lara,712020:34aa28de-0baa-4f2f-92d4-785379a9a54c,Alta,Validación del usuario,,30/jul/26 11:36,30/jul/26 15:35,
Incidente S4,IS4-5907,46818,CRUCE DE MATERIALES,Angie Espinoza,712020:d2d363d3-b9ac-47bf-923a-f89eb5887a5d,Maria Ines Latorre Alvarez,712020:794c083e-6b78-4dde-aac6-a319506bb9cb,Alta,Validación del usuario,,30/jul/26 15:33,24/ago/26 15:37,
Incidente,INC-14190,46842,No puede ingresar a su PC porque la contraseña no le toma,Fernando Esteban Fuentes Morales,712020:fe5bcc67-ea2e-4406-b5b9-58211a6e5c8b,Cristian Fernando Gonzalez Salazar,712020:fea82959-496f-4b4f-b771-47213d3e02cd,Alta,Validación del usuario,,30/jul/26 16:07,31/jul/26 13:19,
Incidente S4,IS4-5916,46860,Error sistémico en rendición por diferencia de cajas pickeadas – Vendedor V2991,Magda Patricia Espinosa Bustos,712020:bb2e79ad-1f51-4542-9922-ae2652bcf9dd,Benjamín Reyes Aravena,712020:69f5cef6-164b-4af6-9971-75c05d019041,Alta,Validación del usuario,,30/jul/26 17:03,24/ago/26 15:38,
Incidente,INC-14196,46861,Problema conexion outlook ,Guillermo Andres Benavides  Farias,712020:fb05db58-0e87-4d5f-b8ef-019907a66fdc,Felipe Esteban Ravellos Lara,712020:34aa28de-0baa-4f2f-92d4-785379a9a54c,Alta,Validación del usuario,,30/jul/26 17:05,14/ago/26 16:37,
Incidente S4,IS4-5919,46869,SAP VIM - contabilización de doble factura,Rafael Perez,70121:b5c44554-7b1e-4a69-bfac-dfed44364c15,Nicolas Prieto Camelo,712020:3f87e7d5-1b59-45ae-9674-027e748fb844,Alta,Validación del usuario,,30/jul/26 17:41,26/ago/26 15:51,
Incidente S4,IS4-5921,46876,Prueba 1,,,Cristobal Andres Miranda Gutierrez,712020:efbc482a-bc80-41e7-b2cc-70dab5293fdc,Alta,Creado,,30/jul/26 18:53,30/jul/26 18:53,
Incidente,INC-14206,46882,[Monitoreo] - Enlace caído Movistar_Sucursal_Concepcion_CS:VPF24107415_(100 Mbps),Kevin Alexis Maldonado Muñoz,712020:c8eacfb5-650a-4c88-857f-2414a8f12044,Sebastian Latife,712020:523fdaee-0def-45cd-99d0-88abc4b3104d,Alta,Validación del usuario,,30/jul/26 21:00,31/jul/26 11:21,
Incidente,INC-14207,46883,[Monitoreo] - Enlace caído Movistar_Sucursal_Los_Angeles_CS:VPF24107500_(100 Mbps),Kevin Alexis Maldonado Muñoz,712020:c8eacfb5-650a-4c88-857f-2414a8f12044,Sebastian Latife,712020:523fdaee-0def-45cd-99d0-88abc4b3104d,Alta,Validación del usuario,,30/jul/26 21:04,31/jul/26 11:21,
Incidente,INC-14210,46890,[Monitoreo] - Enlace caído Entel_Sucursal_Curico_CS:10000111358,Felipe Andres Jeria Rodriguez,712020:f0d4df3d-4510-4e4a-be63-7258c31884e1,Jhonny Torres N,712020:3cecf351-efbc-43f7-8cdc-ccc90034c4a0,Alta,Validación del usuario,,31/jul/26 01:45,31/jul/26 09:30,
Incidente,INC-14214,46894,[Monitoreo] - Enlace caído Entel_AGROSUPER-CBLANCA-RESERVA-C2A-10000148393,Felipe Andres Jeria Rodriguez,712020:f0d4df3d-4510-4e4a-be63-7258c31884e1,Alejandro Enrique Gonzalez Bracho,712020:2a91d042-9782-44ad-8944-fe1523f3889d,Alta,Validación del usuario,,31/jul/26 04:06,04/ago/26 08:38,
Incidente,INC-14215,46897,RE: Se ha creado el requerimiento IS4-5927,,,Despacho Chillan,712020:f76cc121-1e8c-4338-b90e-8d2f8baa91ba,Alta,Creado,,31/jul/26 06:14,31/jul/26 06:14,
Incidente,INC-14216,46898,RE: Se ha creado el requerimiento IS4-5799,,,Edson Esteban Campos Toledo,712020:104b5c2a-1161-4c6a-bf77-1e59aacdb073,Alta,Creado,,31/jul/26 06:48,31/jul/26 06:48,
Incidente,INC-14218,46900,Monitoreo - reiniciar máquina,Guillermo Andres Benavides  Farias,712020:fb05db58-0e87-4d5f-b8ef-019907a66fdc,Jhonny Torres N,712020:3cecf351-efbc-43f7-8cdc-ccc90034c4a0,Alta,Validación del usuario,,31/jul/26 06:56,14/ago/26 16:37,
Incidente,INC-14232,46921,Problema de comunicación en HMI,Guillermo Andres Benavides  Farias,712020:fb05db58-0e87-4d5f-b8ef-019907a66fdc,Felipe Esteban Ravellos Lara,712020:34aa28de-0baa-4f2f-92d4-785379a9a54c,Alta,Validación del usuario,,31/jul/26 08:47,14/ago/26 16:37,
Incidente AMS,AMS-1403,46946,"No se puede realizar proceso de destete de sala, hembra aparece como nodriza cuando deberia estar faenada",Diego Flores,712020:314bedea-6181-4d50-97d5-e114b8742d38,Jair Stiven Méndez Baquero,712020:66e4c6db-2ecc-4e66-bfc2-850cc8894432,Alta,Validación del usuario,,31/jul/26 09:47,31/jul/26 10:37,
Incidente,INC-14245,46951,problemas equipo conectate ,Fernando Esteban Fuentes Morales,712020:fe5bcc67-ea2e-4406-b5b9-58211a6e5c8b,Matías Rafael Donoso Jiménez,712020:447c3261-7861-432f-9a7f-90c291135e15,Alta,Validación del usuario,,31/jul/26 10:15,07/ago/26 13:51,
Incidente,INC-14248,46954,problemas equipo conectate ,Fernando Esteban Fuentes Morales,712020:fe5bcc67-ea2e-4406-b5b9-58211a6e5c8b,Matías Rafael Donoso Jiménez,712020:447c3261-7861-432f-9a7f-90c291135e15,Alta,Validación del usuario,,31/jul/26 10:17,07/ago/26 13:54,
Incidente,INC-14249,46956,problemas equipo conectate ,Fernando Esteban Fuentes Morales,712020:fe5bcc67-ea2e-4406-b5b9-58211a6e5c8b,Matías Rafael Donoso Jiménez,712020:447c3261-7861-432f-9a7f-90c291135e15,Alta,Validación del usuario,,31/jul/26 10:20,07/ago/26 13:54,
Incidente,INC-14250,46957,problemas equipo conectate ,Fernando Esteban Fuentes Morales,712020:fe5bcc67-ea2e-4406-b5b9-58211a6e5c8b,Matías Rafael Donoso Jiménez,712020:447c3261-7861-432f-9a7f-90c291135e15,Alta,Validación del usuario,,31/jul/26 10:22,07/ago/26 13:54,
Incidente,INC-14251,46959,Se reporta Equipo (PC) por lentitud del sistema,Jonathan Andres Navarro Azocar,712020:a5042667-d0d7-4571-b766-9934e56fa4cb,Cristian Fernando Gonzalez Salazar,712020:fea82959-496f-4b4f-b771-47213d3e02cd,Alta,Validación del usuario,,31/jul/26 10:26,03/ago/26 17:05,
Incidente,INC-14253,46962,Archivos faltantes en Excel ,Benjamin Nicolas Vidal Caroca,712020:2062d08e-0238-40d5-a11c-67396d81019b,Felipe Esteban Ravellos Lara,712020:34aa28de-0baa-4f2f-92d4-785379a9a54c,Alta,Validación del usuario,,31/jul/26 10:33,31/jul/26 11:03,
Incidente S4,IS4-5936,46989,"RE: IS4-5693 Documento de facturacion en estado ""bloqueado""; no es posible visualizar la facturacion en la transaccion VF01 (SAP SPR)",,,Rodrigo Antonio Urzua Gonzalez,712020:8fa77362-95db-48d2-a180-f03ee5a1e34b,Alta,Creado,,31/jul/26 11:29,31/jul/26 11:29,
Incidente,INC-14264,46990,problemas ingreso pagina scottiabank,Benjamin Nicolas Schwalm Jara,712020:7762ff16-6b68-4f6f-a0ad-2b1b9a40b257,Matías Rafael Donoso Jiménez,712020:447c3261-7861-432f-9a7f-90c291135e15,Alta,Resuelto,,31/jul/26 11:34,31/jul/26 12:04,
Incidente AMS,AMS-1406,47002,"Documento de facturacion en estado ""bloqueado""; no es posible visualizar la facturacion en la transaccion VF01 (SAP SPR)",,,Jair Stiven Méndez Baquero,712020:66e4c6db-2ecc-4e66-bfc2-850cc8894432,Alta,Cancelado,,31/jul/26 11:46,03/ago/26 11:04,
Incidente,INC-14267,47003,Bloqueo fortinet,Benjamin Nicolas Schwalm Jara,712020:7762ff16-6b68-4f6f-a0ad-2b1b9a40b257,Felipe Esteban Ravellos Lara,712020:34aa28de-0baa-4f2f-92d4-785379a9a54c,Alta,Resuelto,,31/jul/26 11:48,31/jul/26 22:18,
Incidente,INC-14268,47005,Re: Se ha creado el requerimiento AMS-1406,,,Jumel Dauz .,712020:67706f5c-701a-4a02-a74a-d316482e8aaa,Alta,Creado,,31/jul/26 11:49,31/jul/26 11:49,
Incidente AMS,AMS-1407,47006,sacar salto de celo,Diego Flores,712020:314bedea-6181-4d50-97d5-e114b8742d38,Matías Rafael Donoso Jiménez,712020:447c3261-7861-432f-9a7f-90c291135e15,Alta,Validación del usuario,,31/jul/26 11:50,31/jul/26 12:13,
Incidente,INC-14275,47016,equipo movil pantalla quebrada,Gustavo Adolfo Fierro Morales,712020:34251f21-925f-4970-bea7-659d3ebfa34a,Matías Rafael Donoso Jiménez,712020:447c3261-7861-432f-9a7f-90c291135e15,Alta,Validación del usuario,,31/jul/26 12:21,31/jul/26 15:12,
Incidente AMS,AMS-1408,47030,Sacar hembra de resguardo para prefaena/faenacion el dia lunes 03/08/2026 en sistema conectate,Diego Flores,712020:314bedea-6181-4d50-97d5-e114b8742d38,Jair Stiven Méndez Baquero,712020:66e4c6db-2ecc-4e66-bfc2-850cc8894432,Alta,Validación del usuario,,31/jul/26 12:42,31/jul/26 13:04,
Incidente,INC-14288,47039,Re: Se ha creado el requerimiento IS4-5944,,,Jumel Dauz .,712020:67706f5c-701a-4a02-a74a-d316482e8aaa,Alta,Creado,,31/jul/26 13:38,31/jul/26 13:38,
Incidente,INC-14292,47044,"Impresora del sector ""La Fiera"" esta sacando las impresiones descoloridas",Gustavo Adolfo Fierro Morales,712020:34251f21-925f-4970-bea7-659d3ebfa34a,Jair Stiven Méndez Baquero,712020:66e4c6db-2ecc-4e66-bfc2-850cc8894432,Alta,Validación del usuario,,31/jul/26 14:13,31/jul/26 17:21,
Incidente,INC-14293,47046,problemas afo,Fernando Esteban Fuentes Morales,712020:fe5bcc67-ea2e-4406-b5b9-58211a6e5c8b,Matías Rafael Donoso Jiménez,712020:447c3261-7861-432f-9a7f-90c291135e15,Alta,Validación del usuario,,31/jul/26 14:13,31/jul/26 15:58,
Incidente,INC-14294,47047,Bloqueo de cuenta por robo de teléfono,Benjamin Nicolas Schwalm Jara,712020:7762ff16-6b68-4f6f-a0ad-2b1b9a40b257,Erik Avello,712020:9d91180a-22c7-4d43-9eab-97c8cf49ecbf,Alta,Resuelto,,31/jul/26 14:14,31/jul/26 16:09,
Incidente,INC-14295,47049,En algunos pabellones del grupo 18 no tienen señal en los dispositivos conectate,Italo Hernan Pinto Montoya,712020:2f3e1c92-5fc9-40db-a408-9c532c1b54b5,Jair Stiven Méndez Baquero,712020:66e4c6db-2ecc-4e66-bfc2-850cc8894432,Alta,Resuelto,,31/jul/26 14:19,04/ago/26 17:29,
Incidente,INC-14297,47051,"Usuario preventa V7412 no puede ingresar a su correo por la app outlook, le aparece un error ",DANILO ESTEBAN Rodriguez Leiva,637297188fd2d2d5f12bc7aa,Jair Stiven Méndez Baquero,712020:66e4c6db-2ecc-4e66-bfc2-850cc8894432,Alta,Validación del usuario,,31/jul/26 14:25,06/ago/26 18:41,
Incidente,INC-14313,47076,"Problemas de rendimiento/lentitud general en el PC del sector ""los chinos 2""",Fernando Esteban Fuentes Morales,712020:fe5bcc67-ea2e-4406-b5b9-58211a6e5c8b,Jair Stiven Méndez Baquero,712020:66e4c6db-2ecc-4e66-bfc2-850cc8894432,Alta,Resuelto,,31/jul/26 15:40,03/ago/26 16:25,
Incidente,INC-14314,47077,Teléfono con falla en el puerto de carga ,Jonathan Andres Navarro Azocar,712020:a5042667-d0d7-4571-b766-9934e56fa4cb,Felipe Esteban Ravellos Lara,712020:34aa28de-0baa-4f2f-92d4-785379a9a54c,Alta,Validación del usuario,,31/jul/26 15:40,04/ago/26 12:18,
Requerimiento,REQ-1556,47109,CONSULTA TK AMS-1406  ,Evelyn Pozo M,712020:8120de32-7eac-45d7-b464-84865a422b01,Evelyn Pozo M,712020:8120de32-7eac-45d7-b464-84865a422b01,Media,Revisión del N1,,31/jul/26 16:52,31/jul/26 17:30,
Incidente S4,IS4-5961,47127,RE: IS4-5945 se necesita que la entrega 0899157483  quede en status AAA y liberar las umps 20 que se envian en adjunto  para que queden disponibles para despachar transporte 8348141,,,Guillermo Perez Camilo,712020:825863cb-d3e9-4dc1-8ced-3f1b022895fe,Alta,Creado,,31/jul/26 19:16,31/jul/26 19:16,
Incidente S4,IS4-5964,47138,RE: IS4-5945 se necesita que la entrega 0899157483  quede en status AAA y liberar las umps 20 que se envian en adjunto  para que queden disponibles para despachar transporte 8348141 ,,,Despacho Fdra_Rosario,712020:1965919a-9994-4a71-b0ab-9e1a6739e0ef,Alta,Creado,,01/ago/26 02:50,01/ago/26 02:50,
Incidente S4,IS4-5965,47139,RE: IS4-5945 se necesita que la entrega 0899157483  quede en status AAA y liberar las umps 20 que se envian en adjunto  para que queden disponibles para despachar transporte 8348141 ,,,Despacho Fdra_Rosario,712020:1965919a-9994-4a71-b0ab-9e1a6739e0ef,Alta,Creado,,01/ago/26 03:18,01/ago/26 03:18,
Incidente S4,IS4-5966,47140,RE: IS4-5945 se necesita que la entrega 0899157483  quede en status AAA y liberar las umps 20 que se envian en adjunto  para que queden disponibles para despachar transporte 8348141 ,,,mesadeayudati@agrosuper.com,712020:5a61a4d3-995e-42a2-ba7a-adb002387f7b,Alta,Creado,,01/ago/26 03:28,01/ago/26 03:28,
Incidente S4,IS4-5968,47144,favor urgente pasar etiquetas de estatus C a A y adicional a eso regularizarlas en tabla ZCAJAS_LEIDAS,ext_mcorrea_softtek@agrosuper.com,712020:5323166f-ed94-4acc-a23b-f7f9110326f4,Jose Carlos Suarez Añez,712020:d2a0dbc9-b77d-4373-9cf5-33ae09b627c8,Alta,Validación del usuario,,01/ago/26 05:59,01/ago/26 07:14,
Incidente S4,IS4-5969,47145,no se puede recepcionar pallet de transporte 70174479,ext_mcorrea_softtek@agrosuper.com,712020:5323166f-ed94-4acc-a23b-f7f9110326f4,Despacho 08 Fdra. El Milagro,712020:8d5b8e7b-4b18-460f-8ffc-2b4ba332b58e,Alta,Validación del usuario,,01/ago/26 06:06,01/ago/26 07:23,
Incidente S4,IS4-5971,47157,RE: IS4-5945 se necesita que la entrega 0899157483  quede en status AAA y liberar las umps 20 que se envian en adjunto  para que queden disponibles para despachar transporte 8348141 / 40589895,,,Guillermo Perez Camilo,712020:825863cb-d3e9-4dc1-8ced-3f1b022895fe,Alta,Creado,,01/ago/26 08:53,01/ago/26 08:53,
Incidente,INC-14361,47161,Usuario reporta que la bascula de ingreso de la romana 1 de camiones no esta enviando la información del peso a SAP,Guillermo Andres Benavides  Farias,712020:fb05db58-0e87-4d5f-b8ef-019907a66fdc,Jair Stiven Méndez Baquero,712020:66e4c6db-2ecc-4e66-bfc2-850cc8894432,Alta,Validación del usuario,,01/ago/26 09:24,14/ago/26 16:37,
Incidente S4,IS4-5973,47168,eliminar grupo picking entregas,Christian Mendez,712020:d3138b76-6aa2-432d-8832-e38d9cbf41e1,Pablo Felipe Mellado Vergara,712020:bf5ffb0e-1cdc-4866-baff-fe7d657b2606,Alta,Validación del usuario,,01/ago/26 09:45,03/ago/26 13:46,
Incidente,INC-14372,47176, Monitoreo - Caida de enlace Telxius GTD-AWS USA-CRT-009041,Kevin Alexis Maldonado Muñoz,712020:c8eacfb5-650a-4c88-857f-2414a8f12044,Bastian González M,712020:9607098c-323a-4de8-a44a-9176793df19d,Alta,Validación del usuario,,01/ago/26 10:20,03/ago/26 10:58,
Incidente,INC-14376,47181,Corte internet,Carlos Alberto Pavez Diaz,712020:07f89943-bb5b-4b7c-a927-9777b941f3cb,Felipe Esteban Ravellos Lara,712020:34aa28de-0baa-4f2f-92d4-785379a9a54c,Alta,Validación del usuario,,01/ago/26 11:42,18/ago/26 17:08,
Incidente,INC-14380,47189,Problemas al trabajar con macro Error de almacenamiento / no se puede cargar ,Javier Alejandro Gonzalez Abarca,712020:9fc9fa65-2e7a-4d4c-9ba5-288f12754593,Felipe Esteban Ravellos Lara,712020:34aa28de-0baa-4f2f-92d4-785379a9a54c,Alta,Validación del usuario,,01/ago/26 15:18,04/ago/26 10:57,
Incidente,INC-14383,47197,"Dispositivo movil corporativo del area ""produccion animal pollos"" presenta problemas de audio",Javier Alejandro Gonzalez Abarca,712020:9fc9fa65-2e7a-4d4c-9ba5-288f12754593,Jair Stiven Méndez Baquero,712020:66e4c6db-2ecc-4e66-bfc2-850cc8894432,Alta,Resuelto,,01/ago/26 16:11,03/ago/26 09:54,
Incidente S4,IS4-5976,47200,recepción cecina  ,Magda Patricia Espinosa Bustos,712020:bb2e79ad-1f51-4542-9922-ae2652bcf9dd,Jacinto Hernan Zapata Gomez,712020:31acf3d8-c645-4b8d-a9ee-7e5f82c11a0f,Alta,Validación del usuario,,01/ago/26 18:44,01/ago/26 19:39,
Incidente S4,IS4-5977,47201,ingreso pendiente a stock,ext_mcorrea_softtek@agrosuper.com,712020:5323166f-ed94-4acc-a23b-f7f9110326f4,Pablo Felipe Mellado Vergara,712020:bf5ffb0e-1cdc-4866-baff-fe7d657b2606,Alta,Validación del usuario,,01/ago/26 20:09,01/ago/26 21:48,
Incidente,INC-14386,47202,[Monitoreo] Caída masiva Proveedor CS ,Kevin Alexis Maldonado Muñoz,712020:c8eacfb5-650a-4c88-857f-2414a8f12044,Sebastian Latife,712020:523fdaee-0def-45cd-99d0-88abc4b3104d,Alta,Validación del usuario,,01/ago/26 22:31,03/ago/26 10:58,
Incidente,INC-14387,47203,[Monitoreo] Planta de Alimentos La estrella Movistar caído,Kevin Alexis Maldonado Muñoz,712020:c8eacfb5-650a-4c88-857f-2414a8f12044,Sebastian Latife,712020:523fdaee-0def-45cd-99d0-88abc4b3104d,Alta,Validación del usuario,,01/ago/26 23:14,03/ago/26 11:00,
Incidente,INC-14393,47210,[Monitoreo] Caida de enlaces Entel y Movistar en Incubadora Lo Miranda,Kevin Alexis Maldonado Muñoz,712020:c8eacfb5-650a-4c88-857f-2414a8f12044,Alejandro Enrique Gonzalez Bracho,712020:2a91d042-9782-44ad-8944-fe1523f3889d,Alta,Validación del usuario,,02/ago/26 02:50,03/ago/26 11:01,
Incidente,INC-14394,47211,[Monitoreo] Caida de enlace Entel y Gtd en sucursal lo espejo,Kevin Alexis Maldonado Muñoz,712020:c8eacfb5-650a-4c88-857f-2414a8f12044,Alejandro Enrique Gonzalez Bracho,712020:2a91d042-9782-44ad-8944-fe1523f3889d,Alta,Validación del usuario,,02/ago/26 03:04,03/ago/26 11:02,
Incidente,INC-14398,47222,Monitoreo - Caída de enlaces Proveedor Dimabe ,Kevin Alexis Maldonado Muñoz,712020:c8eacfb5-650a-4c88-857f-2414a8f12044,Bastian González M,712020:9607098c-323a-4de8-a44a-9176793df19d,Alta,Validación del usuario,,02/ago/26 10:47,03/ago/26 10:56,
Incidente,INC-14409,47245,HMI/ Pérdida general de comunicación con servidores – Planta de Alimentos Casablanca,Guillermo Andres Benavides  Farias,712020:fb05db58-0e87-4d5f-b8ef-019907a66fdc,Karol Dayanna Palomino Serrano,712020:e4df31f3-cc17-4db7-b128-efd436a7f3c9,Alta,Validación del usuario,,03/ago/26 00:38,14/ago/26 16:37,
Incidente,INC-14423,47261,Configuracion equipo,Javier Alejandro Gonzalez Abarca,712020:9fc9fa65-2e7a-4d4c-9ba5-288f12754593,Leidy Tatiana León Lizcano,712020:7c332f1c-beea-4c36-850d-a4bebe955356,Alta,Validación del usuario,,03/ago/26 07:40,03/ago/26 10:49,
Incidente,INC-14430,47270,SIN INTERNET EN RAMIRANA 2,Felipe Andres Jeria Rodriguez,712020:f0d4df3d-4510-4e4a-be63-7258c31884e1,Ivette Sepulveda B,712020:563aa2d0-0127-4b79-a108-c061e76eb239,Alta,Validación del usuario,,03/ago/26 08:14,03/ago/26 13:03,
Incidente,INC-14434,47282,RE: Se ha creado el requerimiento AMS-1415,,,Grupo 20 Cerdos Reprod,712020:2e79b8fc-3a06-499c-a82f-026ac4a2a991,Alta,Creado,,03/ago/26 08:41,03/ago/26 08:41,
Incidente S4,IS4-5991,47299,Job de tareas crea sin ID SAP,,,Carlos Javier Roco Rojas,712020:11fd3bb5-1d6b-43a2-aec4-2318ae1ef819,Alta,Equipo Resolutor Asignado,,03/ago/26 09:07,13/ago/26 16:36,
Incidente AMS,AMS-1417,47303,Se solicita recatar guías en conectate ,Sebastian Suazo,712020:6b2b9a90-6b38-4d05-ae00-17b744f21325,Bastian González M,712020:9607098c-323a-4de8-a44a-9176793df19d,Alta,Validación del usuario,,03/ago/26 09:13,13/ago/26 17:39,
Incidente,INC-14448,47309,Problema de ingreso a onedrive página Cabo frio por red corporativa,Alexis Andres Diaz Gutierrez,712020:3be679ea-af26-441b-8bb6-d0d2262df709,Sebastian Latife,712020:523fdaee-0def-45cd-99d0-88abc4b3104d,Alta,Resuelto,,03/ago/26 09:23,03/ago/26 15:37,
Incidente S4,IS4-5996,47335,ERROR EN SELLADO,LUZ ADRIANA CORREDOR GARCIA,712020:c4cdd827-d310-4562-a053-e021cad8b4d8,Mauricio Alejandro Gonzalez Gonzalez,712020:ca6a2d22-fe45-4629-bf8f-e1be9cefbb87,Alta,Validación del usuario,,03/ago/26 09:50,03/ago/26 15:19,
Incidente,INC-14467,47342,Intermitencia de internet en Planta Tratamiento Maitenlahue ,Carlos Alberto Pavez Diaz,712020:07f89943-bb5b-4b7c-a927-9777b941f3cb,Bastian González M,712020:9607098c-323a-4de8-a44a-9176793df19d,Alta,Validación del usuario,,03/ago/26 10:09,31/ago/26 14:58,
Incidente AMS,AMS-1421,47366,Legacy - sacar hembras del resguardo ,Diego Flores,712020:314bedea-6181-4d50-97d5-e114b8742d38,Nicolas Prieto Camelo,712020:3f87e7d5-1b59-45ae-9674-027e748fb844,Alta,Validación del usuario,,03/ago/26 10:47,03/ago/26 11:08,
Incidente S4,IS4-6008,47395,MATERIALDUPLICADO EN ENTREGA,Angie Espinoza,712020:d2d363d3-b9ac-47bf-923a-f89eb5887a5d,Mauricio Alejandro Gonzalez Gonzalez,712020:ca6a2d22-fe45-4629-bf8f-e1be9cefbb87,Alta,Validación del usuario,,03/ago/26 11:24,03/ago/26 19:21,
Incidente,INC-14495,47396,Enlaces Dimabe sin servicio operativo,Felipe Andres Jeria Rodriguez,712020:f0d4df3d-4510-4e4a-be63-7258c31884e1,Luis Nibaldo Bustos Arriagada,712020:164a2568-3825-4854-b34b-12934469c8eb,Alta,Validación del usuario,,03/ago/26 11:25,03/ago/26 13:01,
Incidente,INC-14496,47400,Problemas al abrir un link para desarrollo,Alexis Andres Diaz Gutierrez,712020:3be679ea-af26-441b-8bb6-d0d2262df709,Cristian Fernando Gonzalez Salazar,712020:fea82959-496f-4b4f-b771-47213d3e02cd,Alta,Resuelto,,03/ago/26 11:32,03/ago/26 15:23,
Incidente AMS,AMS-1425,47409,Nodos no actualizan,Sebastian Suazo,712020:6b2b9a90-6b38-4d05-ae00-17b744f21325,Sebastian Latife,712020:523fdaee-0def-45cd-99d0-88abc4b3104d,Alta,Validación del usuario,,03/ago/26 11:41,03/ago/26 17:37,
Incidente,INC-14503,47415,El equipo corporativo se esta reiniciando sin aviso y con la bateria llena,Gustavo Adolfo Fierro Morales,712020:34251f21-925f-4970-bea7-659d3ebfa34a,Jair Stiven Méndez Baquero,712020:66e4c6db-2ecc-4e66-bfc2-850cc8894432,Alta,Validación del usuario,,03/ago/26 11:51,04/ago/26 13:42,
Incidente,INC-14504,47416,Problema con la digitación de pedidos en callcenter,DANILO ESTEBAN Rodriguez Leiva,637297188fd2d2d5f12bc7aa,Sebastian Latife,712020:523fdaee-0def-45cd-99d0-88abc4b3104d,Alta,Validación del usuario,,03/ago/26 11:52,03/ago/26 14:32,
Incidente S4,IS4-6010,47423,Lentitud al intentar grabar pedidos en la plataforma B2 (Nuevo CRM),Jorge Luis Videla Gonzalez,712020:6eb13bc2-a9be-46a8-abc2-36d78ed8def3,Bastian González M,712020:9607098c-323a-4de8-a44a-9176793df19d,Alta,Equipo Resolutor Asignado,,03/ago/26 12:00,03/ago/26 14:22,
Incidente S4,IS4-6012,47435,RE: IS4-5963 cambio de motivo de decomiso,,,Daniela Alexandra Sepulveda San Martin,712020:43ab4674-d90f-4b83-bb64-e520714f7d94,Alta,Creado,,03/ago/26 12:18,03/ago/26 12:18,
Incidente S4,IS4-6013,47437,"DIFERENCIA EN 5 CAJAS MATERIAL 1020048 ETIQUETAS 1,718 DIA 30-07 VENDEDOR V1899",Angie Espinoza,712020:d2d363d3-b9ac-47bf-923a-f89eb5887a5d,Elizabeth Jeannette Torrejon Schiappacasse,712020:397f5d4e-bada-4d3b-97fa-6366d3745fc0,Alta,Validación del usuario,,03/ago/26 12:25,03/ago/26 16:23,
Incidente AMS,AMS-1431,47443,Problema en recepción de machos en conectate,Diego Flores,712020:314bedea-6181-4d50-97d5-e114b8742d38,Sebastian Latife,712020:523fdaee-0def-45cd-99d0-88abc4b3104d,Alta,Validación del usuario,,03/ago/26 12:34,03/ago/26 13:05,
Incidente,INC-14519,47454,PROBLEMAS CON BIZERBA,Guillermo Andres Benavides  Farias,712020:fb05db58-0e87-4d5f-b8ef-019907a66fdc,Matías Rafael Donoso Jiménez,712020:447c3261-7861-432f-9a7f-90c291135e15,Alta,Validación del usuario,,03/ago/26 12:55,14/ago/26 16:37,
Incidente AMS,AMS-1433,47456,Recuperar una guía que fue eliminada en el sistema GDELITE,,,Jair Stiven Méndez Baquero,712020:66e4c6db-2ecc-4e66-bfc2-850cc8894432,Alta,Cancelado,,03/ago/26 13:09,04/ago/26 11:36,
Incidente AMS,AMS-1434,47457,RE: AMS-1430 bajar carga legacy,,,Juan Emilio Castro Alvarado,712020:2fc8540b-2834-448a-b1e9-1441fecee552,Alta,Cancelado,,03/ago/26 13:10,04/ago/26 08:49,
Requerimiento,REQ-1638,47496,Consulta ticket is4-6008,Sebastian Latife,712020:523fdaee-0def-45cd-99d0-88abc4b3104d,Sebastian Latife,712020:523fdaee-0def-45cd-99d0-88abc4b3104d,Media,Revisión del N1,,03/ago/26 15:15,03/ago/26 15:24,
Incidente,INC-14541,47503,Error de relación de confianza impide inicio de sesión en equipo,Jonathan Andres Navarro Azocar,712020:a5042667-d0d7-4571-b766-9934e56fa4cb,Benjamín Reyes Aravena,712020:69f5cef6-164b-4af6-9971-75c05d019041,Alta,Validación del usuario,,03/ago/26 15:38,06/ago/26 12:18,
Incidente,INC-14542,47505,RE: Se ha creado el requerimiento IS4-6022,,,Catalina Belen Sandoval Caro,712020:c7d9c2bf-418c-4b9f-8342-9df62124dce3,Alta,Creado,,03/ago/26 15:48,03/ago/26 15:48,
Incidente,INC-14548,47522,Usuario grupo 5 solicita visita para reparación antena conéctate en terreno,Carlos Alberto Pavez Diaz,712020:07f89943-bb5b-4b7c-a927-9777b941f3cb,Sebastian Latife,712020:523fdaee-0def-45cd-99d0-88abc4b3104d,Alta,Validación del usuario,,03/ago/26 16:23,25/ago/26 18:39,
Incidente S4,IS4-6031,47523,Peso de caja tomada como faltante no corresponde.,Felipe Duran,712020:af79e742-ca83-4c13-91e8-5b24a7372f8b,Victor Javier Enrique Riveros Crespo,712020:e1e8fff9-faa5-4f29-9e17-a2fcd1fbb35a,Alta,Validación del usuario,,03/ago/26 16:25,24/ago/26 15:01,
Incidente S4,IS4-6033,47536,Recuperar una guía que fue eliminada en el sistema GDELITE,,,Bastian González M,712020:9607098c-323a-4de8-a44a-9176793df19d,Alta,Equipo Resolutor Asignado,,03/ago/26 16:48,04/ago/26 10:26,
Incidente,INC-14559,47549,Problemas de señal,Victor Mauricio Vera Nuñez,712020:46155656-0657-4144-9fa4-ba01a5c2fdf8,Franco Guinez A,712020:a3795c3a-aa5f-4cea-8071-60172591b157,Alta,Documentación Incidente,,03/ago/26 17:17,02/sep/26 10:15,
Incidente,INC-14561,47554,Sector sin servicio de internet,,,Franco Guinez A,712020:a3795c3a-aa5f-4cea-8071-60172591b157,Alta,Equipo Asignado,,03/ago/26 17:28,14/ago/26 11:59,
Incidente,INC-14562,47555,Sector sin servicio de internet,Italo Hernan Pinto Montoya,712020:2f3e1c92-5fc9-40db-a408-9c532c1b54b5,Franco Guinez A,712020:a3795c3a-aa5f-4cea-8071-60172591b157,Alta,Resuelto,,03/ago/26 17:30,14/ago/26 16:34,
Incidente,INC-14566,47562,[INCIDENCIA / MICROSOFT] Error 135011: Dispositivo deshabilitado por la organización – Sergio Rubén Honorato Saldías,Jonathan Andres Navarro Azocar,712020:a5042667-d0d7-4571-b766-9934e56fa4cb,Karol Dayanna Palomino Serrano,712020:e4df31f3-cc17-4db7-b128-efd436a7f3c9,Alta,Validación del usuario,,03/ago/26 18:05,04/ago/26 16:29,
Requerimiento,REQ-1655,47563,Habilitar nuevo punto de red ,Javier Esteban Castillo Jara,712020:1cf8bc7f-946e-4e1e-84b6-962e0924cd76,Franco Guinez A,712020:a3795c3a-aa5f-4cea-8071-60172591b157,Media,Equipo Proveedor,,03/ago/26 18:06,04/ago/26 08:45,
Incidente S4,IS4-6041,47566,CAMBIO DE LOTE - TICKET SOFTECK,David Eduardo Celis Garcia,712020:4c436f02-e3c3-4d8b-85c3-1c051a962e90,Erick Alexander Quintero Yepes,712020:68408aa7-575f-48b0-a79a-9afc75f13fba,Alta,Diagnostico/Validación Inicial,,03/ago/26 18:20,05/ago/26 09:11,
Incidente S4,IS4-6042,47570,cambio de lote ( fecha ),David Eduardo Celis Garcia,712020:4c436f02-e3c3-4d8b-85c3-1c051a962e90,Orlando Aly Romero Garcia,712020:30fab499-6205-48c8-ae77-5de7da5bdfcb,Alta,Diagnostico/Validación Inicial,,03/ago/26 18:42,03/ago/26 19:37,
Incidente S4,IS4-6044,47578,ELIMINAR TRANSPORTE ,Christian Mendez,712020:d3138b76-6aa2-432d-8832-e38d9cbf41e1,Orlando Aly Romero Garcia,712020:30fab499-6205-48c8-ae77-5de7da5bdfcb,Alta,Validación del usuario,,03/ago/26 21:16,03/ago/26 22:37,
Incidente S4,IS4-6045,47579,POR RECIBIR STOCK TRANSITO,Christian Mendez,712020:d3138b76-6aa2-432d-8832-e38d9cbf41e1,Orlando Aly Romero Garcia,712020:30fab499-6205-48c8-ae77-5de7da5bdfcb,Alta,Validación del usuario,,03/ago/26 21:21,03/ago/26 22:59,
Incidente,INC-14577,47585,[Monitoreo] - Memoria (WMI) (Memoria (WMI)),Nicolas Ignacio Lobos Muñoz,712020:231572bf-d0c7-4e49-bbe3-989381fb5348,Jhonny Torres N,712020:3cecf351-efbc-43f7-8cdc-ccc90034c4a0,Alta,Validación del usuario,,04/ago/26 00:22,04/ago/26 01:00,
Incidente,INC-14579,47589,[Monitoreo] Caída de enlace Entel planta de alimentos Longovilo,Carlos Alberto Pavez Diaz,712020:07f89943-bb5b-4b7c-a927-9777b941f3cb,Erik Avello,712020:9d91180a-22c7-4d43-9eab-97c8cf49ecbf,Alta,Validación del usuario,,04/ago/26 01:13,04/ago/26 06:40,
Incidente AMS,AMS-1438,47593,Diferencia en reporte de rendimiento y despiece ,,,Marcelo Antonio Oyarzun Orellana,712020:d70f1429-dd7b-45e0-afe2-95c229d03001,Alta,Cancelado,,04/ago/26 03:47,04/ago/26 11:36,
Incidente,INC-14584,47597,SIN INTERNET EN DON FOSTER,Carlos Alberto Pavez Diaz,712020:07f89943-bb5b-4b7c-a927-9777b941f3cb,Ivette Sepulveda B,712020:563aa2d0-0127-4b79-a108-c061e76eb239,Alta,Validación del usuario,,04/ago/26 06:07,05/ago/26 23:56,
Incidente S4,IS4-6049,47601,favor urgente pasar etiqueta de status C a status A ,Magda Patricia Espinosa Bustos,712020:bb2e79ad-1f51-4542-9922-ae2652bcf9dd,Jairo Dionisio Zambra Chandia,712020:a4843aed-da4d-4dcb-b056-2db45e11f229,Alta,Validación del usuario,,04/ago/26 06:54,04/ago/26 07:41,
Incidente,INC-14598,47614,Caída de MMS (Acceso sap IAS),Enzo Sebastian Osorio Tiznado,712020:bdc566f5-eb54-4451-8fc0-407773ddbcaa,Erik Avello,712020:9d91180a-22c7-4d43-9eab-97c8cf49ecbf,Alta,Validación del usuario,,04/ago/26 08:09,04/ago/26 10:06,
Incidente,INC-14606,47625,"Al encender su PC aparece un menu de ""BOOT"" y no le permite continuar al inicio de sesion del PC ",Gustavo Adolfo Fierro Morales,712020:34251f21-925f-4970-bea7-659d3ebfa34a,Jair Stiven Méndez Baquero,712020:66e4c6db-2ecc-4e66-bfc2-850cc8894432,Alta,Validación del usuario,,04/ago/26 08:38,04/ago/26 15:49,
Incidente,INC-14614,47638,Sector sin internet- Intermitencia en la señal,Carlos Alberto Pavez Diaz,712020:07f89943-bb5b-4b7c-a927-9777b941f3cb,Cristian Fernando Gonzalez Salazar,712020:fea82959-496f-4b4f-b771-47213d3e02cd,Alta,Escalado Proveedores Marca,,04/ago/26 09:15,31/ago/26 15:58,
Incidente S4,IS4-6051,47641,Re: IS4-6040 Transporte 8348253 - entrega 899178472 - con Distinta Guía con mismos kilos Brutos - Derivar con Softtek - Revisar ticket de solución IS4-3238,,,Luis Mauricio Zuñiga Pino,5f762dbdb61f66006f059a9c,Alta,Creado,,04/ago/26 09:17,04/ago/26 09:17,
Incidente AMS,AMS-1441,47650,problemas en libras,,,Matías Rafael Donoso Jiménez,712020:447c3261-7861-432f-9a7f-90c291135e15,Alta,Cancelado,,04/ago/26 09:33,04/ago/26 16:09,
Incidente,INC-14621,47651,Ticket-respaldo-Error Impresion GDELITE,Marcelo Enrique Molina Gonzalez,712020:6ff29a06-6a09-4d45-8fa6-b2455efeaf8c,Cristian Fernando Gonzalez Salazar,712020:fea82959-496f-4b4f-b771-47213d3e02cd,Alta,Resuelto,,04/ago/26 09:34,04/ago/26 10:59,
Incidente S4,IS4-6057,47662,RE: IS4-6037 RELANZAR DOCUMENTOS AL SII,,,Emmanuel Jesus Pichun Orellana,712020:0452958b-543b-44cb-98fb-0e35fa6bcded,Alta,Creado,,04/ago/26 09:53,04/ago/26 09:53,
Requerimiento,REQ-1675,47667,Sharepoint - solicitud de aumento de espacio,Guillermo Andres Benavides  Farias,712020:fb05db58-0e87-4d5f-b8ef-019907a66fdc,Nicolas Prieto Camelo,712020:3f87e7d5-1b59-45ae-9674-027e748fb844,Media,Revisión del N1,,04/ago/26 10:03,07/sep/26 11:12,
Incidente,INC-14628,47671,Problema con correo electronico,Gustavo Adolfo Fierro Morales,712020:34251f21-925f-4970-bea7-659d3ebfa34a,Sebastian Latife,712020:523fdaee-0def-45cd-99d0-88abc4b3104d,Alta,Validación del usuario,,04/ago/26 10:13,07/ago/26 16:35,
Incidente,INC-14631,47676,problemas equipo,Fernando Esteban Fuentes Morales,712020:fe5bcc67-ea2e-4406-b5b9-58211a6e5c8b,Matías Rafael Donoso Jiménez,712020:447c3261-7861-432f-9a7f-90c291135e15,Alta,Validación del usuario,,04/ago/26 10:26,05/ago/26 08:20,
Incidente,INC-14632,47678,Usuario con problemas para ingresar a teamviewer,Benjamin Nicolas Vidal Caroca,712020:2062d08e-0238-40d5-a11c-67396d81019b,Bastian González M,712020:9607098c-323a-4de8-a44a-9176793df19d,Alta,Validación del usuario,,04/ago/26 10:30,04/ago/26 14:02,
Incidente S4,IS4-6063,47682,Problema en Libras,Christian Mendez,712020:d3138b76-6aa2-432d-8832-e38d9cbf41e1,Benjamín Reyes Aravena,712020:69f5cef6-164b-4af6-9971-75c05d019041,Alta,Validación del usuario,,04/ago/26 10:40,06/ago/26 09:15,
Incidente S4,IS4-6066,47700,Job no crea la totalidad de tareas,,,Carlos Javier Roco Rojas,712020:11fd3bb5-1d6b-43a2-aec4-2318ae1ef819,Alta,Equipo Resolutor Asignado,,04/ago/26 11:16,10/ago/26 16:30,
Incidente,INC-14648,47705,EQUIPO FUERA DE DOMINIO AS,Benjamin Nicolas Vidal Caroca,712020:2062d08e-0238-40d5-a11c-67396d81019b,Evelyn Pozo M,712020:8120de32-7eac-45d7-b464-84865a422b01,Alta,Resuelto,,04/ago/26 11:27,04/ago/26 13:17,
Incidente,INC-14649,47706,revision de puntos de red ,Italo Hernan Pinto Montoya,712020:2f3e1c92-5fc9-40db-a408-9c532c1b54b5,Nicolas Prieto Camelo,712020:3f87e7d5-1b59-45ae-9674-027e748fb844,Alta,Documentación Incidente,,04/ago/26 11:27,09/sep/26 14:45,
Incidente S4,IS4-6068,47707,Fecha de entrega invalida en CX,,,Carlos Javier Roco Rojas,712020:11fd3bb5-1d6b-43a2-aec4-2318ae1ef819,Alta,Equipo Resolutor Asignado,,04/ago/26 11:27,05/ago/26 15:34,
Requerimiento,REQ-1680,47708,Instalacion de nuevo punto de red para la oficina de los operadores en planta de tratamiento Tantehue,Victor Mauricio Vera Nuñez,712020:46155656-0657-4144-9fa4-ba01a5c2fdf8,Jair Stiven Méndez Baquero,712020:66e4c6db-2ecc-4e66-bfc2-850cc8894432,Media,Equipo Proveedor,,04/ago/26 11:31,04/ago/26 15:02,
Incidente,INC-14656,47727,Problema con teclado equipo,Jonathan Andres Navarro Azocar,712020:a5042667-d0d7-4571-b766-9934e56fa4cb,Sebastian Latife,712020:523fdaee-0def-45cd-99d0-88abc4b3104d,Alta,Resuelto,,04/ago/26 12:15,04/ago/26 16:05,
Incidente S4,IS4-6074,47738,RE: IS4-6063 Problema en Libras,,,Abigail Noemi Acevedo Astorga,70121:0eb2d668-f9d7-46b5-984a-ac0103a26312,Alta,Creado,,04/ago/26 12:46,04/ago/26 12:46,
Incidente AMS,AMS-1445,47745,Sacar hembras de resguardo para prefaena/faenacion el dia de mañana 05/08/2026 en sistema conectate,Diego Flores,712020:314bedea-6181-4d50-97d5-e114b8742d38,Jair Stiven Méndez Baquero,712020:66e4c6db-2ecc-4e66-bfc2-850cc8894432,Alta,Validación del usuario,,04/ago/26 13:16,04/ago/26 14:31,
Incidente AMS,AMS-1447,47757,Lentitud al digitar en SAP B2 desde la transacción VA01,,,Jair Stiven Méndez Baquero,712020:66e4c6db-2ecc-4e66-bfc2-850cc8894432,Alta,Cancelado,,04/ago/26 13:57,06/ago/26 15:35,
Incidente S4,IS4-6080,47761,Problema de actualización de stock en almacén en SAP,Francisco Javier Meneses Labatut,712020:25b1599a-7d16-430d-9304-bd0a59164714,Evelyn Pozo M,712020:8120de32-7eac-45d7-b464-84865a422b01,Alta,Validación del usuario,,04/ago/26 14:11,24/ago/26 15:04,
Incidente,INC-14670,47763,RE: Se ha creado el requerimiento IS4-6053,,,Tomas Pablo Parada Montenegro,712020:c6f25a0f-a3fa-471f-8b92-9870cd6b39e6,Alta,Creado,,04/ago/26 14:21,04/ago/26 14:21,
Incidente AMS,AMS-1448,47766,Problemas con Legacy-Informacion duplicada,Claudio Salamanca,6316239d3310c2492b5b2c5f,Cristian Fernando Gonzalez Salazar,712020:fea82959-496f-4b4f-b771-47213d3e02cd,Alta,Validación del usuario,,04/ago/26 14:41,01/sep/26 09:40,
Incidente,INC-14675,47772,Problemas con la sincronizacion del onedrive en su PC (cgutierreze),Jonathan Andres Navarro Azocar,712020:a5042667-d0d7-4571-b766-9934e56fa4cb,Jair Stiven Méndez Baquero,712020:66e4c6db-2ecc-4e66-bfc2-850cc8894432,Alta,Validación del usuario,,04/ago/26 14:55,05/ago/26 11:10,
Incidente S4,IS4-6091,47826,no salen las guías ,,,Sebastian Maximiliano Pereira Verme,712020:915b2a36-3492-495a-ba9e-0b4f40b63f2d,Alta,Equipo Resolutor Asignado,,04/ago/26 18:45,05/ago/26 16:01,
Incidente S4,IS4-6096,47836,no se puede recepcionar pallet.,Christian Mendez,712020:d3138b76-6aa2-432d-8832-e38d9cbf41e1,Despacho 08 Fdra. El Milagro,712020:8d5b8e7b-4b18-460f-8ffc-2b4ba332b58e,Alta,Validación del usuario,,04/ago/26 23:14,05/ago/26 01:43,
Incidente S4,IS4-6100,47860,"dejar UMPs en status A, libre de entrega y transporte Planta P029 paar poder despachar",eyling rodriguez,712020:b143dc81-fa3d-4c22-a063-cf5a91d69ec8,Coordinadores Despacho Aves,712020:ff4d8d87-0c11-4486-9edc-244accd35270,Alta,Validación del usuario,,05/ago/26 05:36,10/ago/26 09:23,
Incidente,INC-14724,47861,Sin internet,Javier Esteban Castillo Jara,712020:1cf8bc7f-946e-4e1e-84b6-962e0924cd76,Leidy Tatiana León Lizcano,712020:7c332f1c-beea-4c36-850d-a4bebe955356,Alta,Esperando por el usuario,,05/ago/26 06:08,05/ago/26 09:07,
Incidente,INC-14726,47865,MONITOREO - FALLA MASIVA PROVEEDOR NETLAND,Aldo Rodrigo Gonzalez Contreras,712020:444ef87b-e384-47e4-b76a-52abffc021d9,Ivette Sepulveda B,712020:563aa2d0-0127-4b79-a108-c061e76eb239,Alta,Validación del usuario,,05/ago/26 07:08,05/ago/26 17:30,
Incidente S4,IS4-6102,47868,Lentitud al digitar en SAP B2 desde la transacción VA01,,,Bastian González M,712020:9607098c-323a-4de8-a44a-9176793df19d,Alta,Equipo Resolutor Asignado,,05/ago/26 07:52,05/ago/26 09:28,
Incidente,INC-14735,47878,Sector sin internet Candelaria 3 ,Javier Esteban Castillo Jara,712020:1cf8bc7f-946e-4e1e-84b6-962e0924cd76,Bastian González M,712020:9607098c-323a-4de8-a44a-9176793df19d,Alta,Validación del usuario,,05/ago/26 08:27,18/ago/26 10:05,
Incidente,INC-14744,47894,problemas equipo,Gustavo Adolfo Fierro Morales,712020:34251f21-925f-4970-bea7-659d3ebfa34a,Matías Rafael Donoso Jiménez,712020:447c3261-7861-432f-9a7f-90c291135e15,Alta,Validación del usuario,,05/ago/26 08:54,05/ago/26 10:46,
Incidente S4,IS4-6107,47899,Problemas de spam en los correos con la transaccion COCKPIT,,,Jair Stiven Méndez Baquero,712020:66e4c6db-2ecc-4e66-bfc2-850cc8894432,Alta,Equipo Resolutor Asignado,,05/ago/26 09:17,05/ago/26 17:43,
Incidente,INC-14748,47907,Windows Falla de inicio de sesión - dominio no disponible ,Victor Manuel Currieco Marillan,712020:6499dafd-420b-45b4-8f3a-35c37c05a5c8,Nicolas Prieto Camelo,712020:3f87e7d5-1b59-45ae-9674-027e748fb844,Alta,Resuelto,,05/ago/26 09:30,05/ago/26 09:56,
Incidente,INC-14749,47909,Problemas al ingresar al PC,Benjamin Nicolas Vidal Caroca,712020:2062d08e-0238-40d5-a11c-67396d81019b,Cristian Fernando Gonzalez Salazar,712020:fea82959-496f-4b4f-b771-47213d3e02cd,Alta,Validación del usuario,,05/ago/26 09:36,06/ago/26 10:04,
Incidente,INC-14751,47912,Usuario con problemas para conectarse a WIFI Oficina Central ,Jonathan Andres Navarro Azocar,712020:a5042667-d0d7-4571-b766-9934e56fa4cb,Bastian González M,712020:9607098c-323a-4de8-a44a-9176793df19d,Alta,Validación del usuario,,05/ago/26 09:43,05/ago/26 10:54,
Incidente AMS,AMS-1455,47939,Comunicado: Freezing Septiembre,,,Equipo Gestion de Servicios TI,712020:b88ed7c9-091d-43ee-9ba2-b1e5a9b0f0d0,Alta,Cancelado,,05/ago/26 10:59,05/ago/26 12:01,
Incidente,INC-14759,47942,problemas onedrive,Guillermo Andres Benavides  Farias,712020:fb05db58-0e87-4d5f-b8ef-019907a66fdc,Matías Rafael Donoso Jiménez,712020:447c3261-7861-432f-9a7f-90c291135e15,Alta,Validación del usuario,,05/ago/26 11:06,08/sep/26 10:19,
Incidente S4,IS4-6120,47953,TRANSPORTE 6678396 NO GENERA PACKING LIST,LUZ ADRIANA CORREDOR GARCIA,712020:c4cdd827-d310-4562-a053-e021cad8b4d8,Romana,712020:b822daa0-ddda-444c-a340-f3ee85c40c03,Alta,Validación del usuario,,05/ago/26 11:37,24/ago/26 15:10,
Incidente,INC-14763,47954,Problemas con los Silos,DANILO ESTEBAN Rodriguez Leiva,637297188fd2d2d5f12bc7aa,Cristian Fernando Gonzalez Salazar,712020:fea82959-496f-4b4f-b771-47213d3e02cd,Alta,Validación del usuario,,05/ago/26 11:38,05/ago/26 21:03,
Incidente,INC-14764,47955,Sector Cerdos/Rancagua/Grupo 6 sin internet,Italo Hernan Pinto Montoya,712020:2f3e1c92-5fc9-40db-a408-9c532c1b54b5,Jair Stiven Méndez Baquero,712020:66e4c6db-2ecc-4e66-bfc2-850cc8894432,Alta,Validación del usuario,,05/ago/26 11:40,10/ago/26 09:55,
Incidente,INC-14768,47972,RE: Se ha creado el requerimiento IS4-5993,,,Maria Paz Marchant Fuenzalida,712020:df2d7f6a-938d-4ecf-b02e-eaf47e5d5211,Alta,Creado,,05/ago/26 12:41,05/ago/26 12:41,
Incidente,INC-14771,47987,RE: Se ha creado el requerimiento IS4-6129,,,Elias Bastian Quinchavil Melillan,712020:2faf89a6-788f-4eef-9d63-b54d7810f0ed,Alta,Creado,,05/ago/26 14:16,07/ago/26 12:16,
Incidente,INC-14772,47989,RE: Se ha creado el requerimiento IS4-6130,,,Elias Bastian Quinchavil Melillan,712020:2faf89a6-788f-4eef-9d63-b54d7810f0ed,Alta,Creado,,05/ago/26 14:19,06/ago/26 10:28,
Incidente AMS,AMS-1458,47997,TRANSPORTE 6678396 NO GENERA PACKING LIST,,,Romana,712020:b822daa0-ddda-444c-a340-f3ee85c40c03,Alta,Cancelado,,05/ago/26 14:55,06/ago/26 15:34,
Incidente S4,IS4-6133,47998,inconsistencia sap bdc,Gustavo Adolfo Morales Paez,712020:2dfd4595-86d1-4051-8c30-07794c08fa6f,Matías Rafael Donoso Jiménez,712020:447c3261-7861-432f-9a7f-90c291135e15,Alta,Validación del usuario,,05/ago/26 15:02,10/ago/26 14:52,
Incidente,INC-14775,47999,RE: Se ha creado el requerimiento IS4-6133,,,Rodrigo Alfonso Navarro Garcia,712020:a7437b7a-e4ec-423b-8371-17fd76d091bf,Alta,Creado,,05/ago/26 15:03,05/ago/26 15:03,
Incidente,INC-14776,48000,Intermitencia en el enlace de internet,Aldo Rodrigo Gonzalez Contreras,712020:444ef87b-e384-47e4-b76a-52abffc021d9,Cristian Fernando Gonzalez Salazar,712020:fea82959-496f-4b4f-b771-47213d3e02cd,Alta,Validación del usuario,,05/ago/26 15:04,05/ago/26 17:30,
Incidente S4,IS4-6135,48002,Ingreso de queso al stock,eyling rodriguez,712020:b143dc81-fa3d-4c22-a063-cf5a91d69ec8,Angel Matias Herrera Carvajal,712020:74905142-bd83-4357-9af4-f5e147bcd539,Alta,Validación del usuario,,05/ago/26 15:06,10/ago/26 09:25,
Incidente,INC-14781,48015,[Monitoreo] - Caída masiva de proveedor Netland,Kevin Alexis Maldonado Muñoz,712020:c8eacfb5-650a-4c88-857f-2414a8f12044,Jhonny Torres N,712020:3cecf351-efbc-43f7-8cdc-ccc90034c4a0,Alta,Validación del usuario,,05/ago/26 15:55,05/ago/26 18:20,
Incidente,INC-14783,48018,Falla de conexión a SAP y legacy ,Aldo Rodrigo Gonzalez Contreras,712020:444ef87b-e384-47e4-b76a-52abffc021d9,Nicolas Prieto Camelo,712020:3f87e7d5-1b59-45ae-9674-027e748fb844,Alta,Validación del usuario,,05/ago/26 15:59,05/ago/26 17:30,
Incidente,INC-14789,48031,"Sin conexion en sistema legacy ""runtime error 1060""",Aldo Rodrigo Gonzalez Contreras,712020:444ef87b-e384-47e4-b76a-52abffc021d9,Jair Stiven Méndez Baquero,712020:66e4c6db-2ecc-4e66-bfc2-850cc8894432,Alta,Validación del usuario,,05/ago/26 16:26,05/ago/26 17:30,
Incidente,INC-14790,48032,Equipo - Programa de ventilacion no inicia ,Marcelo Enrique Molina Gonzalez,712020:6ff29a06-6a09-4d45-8fa6-b2455efeaf8c,Nicolas Prieto Camelo,712020:3f87e7d5-1b59-45ae-9674-027e748fb844,Alta,Resuelto,,05/ago/26 16:28,06/ago/26 07:40,
Incidente AMS,AMS-1460,48036,Error de tipeo en Horarios en RAF,,,Franco Guinez A,712020:a3795c3a-aa5f-4cea-8071-60172591b157,Alta,Cancelado,,05/ago/26 16:36,06/ago/26 15:34,
Incidente,INC-14794,48040,Pantalla se fue a negro en equipo Notebook,Jonathan Andres Navarro Azocar,712020:a5042667-d0d7-4571-b766-9934e56fa4cb,Bastian González M,712020:9607098c-323a-4de8-a44a-9176793df19d,Alta,Validación del usuario,,05/ago/26 16:39,05/ago/26 16:52,
Incidente S4,IS4-6144,48050,Diferencias en ambientes de SAP,Gustavo Adolfo Morales Paez,712020:2dfd4595-86d1-4051-8c30-07794c08fa6f,Franco Guinez A,712020:a3795c3a-aa5f-4cea-8071-60172591b157,Alta,Validación del usuario,,05/ago/26 17:13,24/ago/26 15:04,
Incidente S4,IS4-6145,48052,ELIMINAR TRANSPORTE ,Felipe Duran,712020:af79e742-ca83-4c13-91e8-5b24a7372f8b,Orlando Aly Romero Garcia,712020:30fab499-6205-48c8-ae77-5de7da5bdfcb,Alta,Validación del usuario,,05/ago/26 17:23,05/ago/26 17:44,
Incidente S4,IS4-6153,48078,AREA DESPACHO PROBLEMAS CON NUMERO DE TRANSPORTE,Magda Patricia Espinosa Bustos,712020:bb2e79ad-1f51-4542-9922-ae2652bcf9dd,Ivette Sepulveda B,712020:563aa2d0-0127-4b79-a108-c061e76eb239,Alta,Validación del usuario,,06/ago/26 02:46,06/ago/26 03:43,
Incidente,INC-14811,48087,[Monitoreo] Antofagasta caído (enlaces Entel - Movistar),Victor Mauricio Vera Nuñez,712020:46155656-0657-4144-9fa4-ba01a5c2fdf8,Erik Avello,712020:9d91180a-22c7-4d43-9eab-97c8cf49ecbf,Alta,Validación del usuario,,06/ago/26 05:16,10/ago/26 09:19,
Incidente,INC-14813,48097,RE: Se ha creado el requerimiento IS4-6156,,,Catalina Belen Sandoval Caro,712020:c7d9c2bf-418c-4b9f-8342-9df62124dce3,Alta,Creado,,06/ago/26 07:37,06/ago/26 07:37,
Incidente S4,IS4-6158,48107,problemas de contabilizacion de PDA,Francisco Javier Meneses Labatut,712020:25b1599a-7d16-430d-9304-bd0a59164714,Matías Rafael Donoso Jiménez,712020:447c3261-7861-432f-9a7f-90c291135e15,Alta,Validación del usuario,,06/ago/26 07:52,24/ago/26 15:09,
Incidente S4,IS4-6160,48113,RE: Información adicional Incidente IS4-5875,,,Pilar Andrea Caceres Valdes,712020:27436a1a-323f-4c6e-a1e7-e767f9fd4b7d,Alta,Creado,,06/ago/26 08:00,06/ago/26 08:00,
Incidente S4,IS4-6163,48129,recepción cecina  1040170,Magda Patricia Espinosa Bustos,712020:bb2e79ad-1f51-4542-9922-ae2652bcf9dd,Jacinto Hernan Zapata Gomez,712020:31acf3d8-c645-4b8d-a9ee-7e5f82c11a0f,Alta,Validación del usuario,,06/ago/26 08:22,06/ago/26 08:47,
Requerimiento,REQ-1790,48173,Se solicita instalación de puntos de Red,Carlos Alberto Pavez Diaz,712020:07f89943-bb5b-4b7c-a927-9777b941f3cb,Bastian González M,712020:9607098c-323a-4de8-a44a-9176793df19d,Media,Equipo Proveedor,,06/ago/26 09:03,31/ago/26 16:04,
Incidente,INC-14835,48207,Sin imagen al encender equipo,Benjamin Nicolas Vidal Caroca,712020:2062d08e-0238-40d5-a11c-67396d81019b,Benjamín Reyes Aravena,712020:69f5cef6-164b-4af6-9971-75c05d019041,Alta,Validación del usuario,,06/ago/26 09:33,06/ago/26 09:44,
Incidente S4,IS4-6173,48217,Contabilizacion por vf02,Angie Espinoza,712020:d2d363d3-b9ac-47bf-923a-f89eb5887a5d,Jose Nicolas Berdicevschio Gonzalez,712020:28bee572-9ade-4cfc-9a33-8c243a6fb07c,Alta,Validación del usuario,,06/ago/26 09:44,06/ago/26 10:33,
Incidente,INC-14840,48225,antena conectate,Italo Hernan Pinto Montoya,712020:2f3e1c92-5fc9-40db-a408-9c532c1b54b5,Matías Rafael Donoso Jiménez,712020:447c3261-7861-432f-9a7f-90c291135e15,Alta,Validación del usuario,,06/ago/26 09:53,17/ago/26 09:14,
Incidente,INC-14841,48227,Problemas con licencia de usuario: rmunoza ,Hector Mauricio Maturana Sepulveda,712020:5ef99b58-b0e5-4fa4-bf37-5ecd42e4f255,Evelyn Pozo M,712020:8120de32-7eac-45d7-b464-84865a422b01,Alta,Resuelto,,06/ago/26 09:54,06/ago/26 14:22,
Incidente AMS,AMS-1467,48293,"Se registran PDA en estatus D, luego de proceso de cierre de ordenes ",,,Camila Marcela Gutierrez Donoso,712020:6fe4e4bd-3e68-45f7-8e62-578bbe1d2e85,Alta,Cancelado,,06/ago/26 11:13,06/ago/26 15:32,
Incidente,INC-14856,48295,Problemas con equipo Movil ,Jonathan Andres Navarro Azocar,712020:a5042667-d0d7-4571-b766-9934e56fa4cb,Bastian González M,712020:9607098c-323a-4de8-a44a-9176793df19d,Alta,Validación del usuario,,06/ago/26 11:16,07/ago/26 14:30,
Incidente S4,IS4-6182,48331,Re: IS4-6155 Quitar de Stock Almacen F128 Centro 1802,,,Miguel Antonio Robles Delgado,712020:a4f9c001-0c9a-4033-816c-92804107cdcd,Alta,Creado,,06/ago/26 11:57,06/ago/26 11:57,
Incidente S4,IS4-6183,48339,Sin folios ni Numero de Pila,LUZ ADRIANA CORREDOR GARCIA,712020:c4cdd827-d310-4562-a053-e021cad8b4d8,Diego Maximiliano Chamblas Alarcon,712020:96f6ca48-d768-4cde-8334-738dfe23adc1,Alta,Validación del usuario,,06/ago/26 12:07,06/ago/26 18:04,
Incidente,INC-14867,48357,Revisión de equipo por reinicios constantes,Victor Manuel Currieco Marillan,712020:6499dafd-420b-45b4-8f3a-35c37c05a5c8,Sebastian Latife,712020:523fdaee-0def-45cd-99d0-88abc4b3104d,Alta,Resuelto,,06/ago/26 12:39,06/ago/26 16:10,
Incidente,INC-14872,48379,Problemas de rendimiento en celular corporativo Motorola,Gustavo Adolfo Fierro Morales,712020:34251f21-925f-4970-bea7-659d3ebfa34a,Benjamín Reyes Aravena,712020:69f5cef6-164b-4af6-9971-75c05d019041,Alta,Validación del usuario,,06/ago/26 13:33,17/ago/26 09:39,
Incidente AMS,AMS-1474,48387,Modificar fecha de inicio y término  en Legacy,Crhistopher Sepulveda Gomez,712020:13f39121-e6b4-4cda-a566-699f9a1d5cfd,Bastian González M,712020:9607098c-323a-4de8-a44a-9176793df19d,Alta,Validación del usuario,,06/ago/26 13:44,06/ago/26 17:45,
Incidente AMS,AMS-1475,48405,Problemas al realizar cierre de pabellón en Sistema legacy,Brayan Dario Guarnizo Celis,712020:3e04b4d9-d3d5-460e-8c1e-71260f00b901,Bastian González M,712020:9607098c-323a-4de8-a44a-9176793df19d,Alta,Validación del usuario,,06/ago/26 14:13,17/ago/26 15:35,
Incidente S4,IS4-6192,48421,"Se registran PDA en estatus D, luego de proceso de cierre de ordenes ",Victor Manuel Acuña Caballero,712020:b1b7bbb9-be1a-4665-8069-cb1d1eaa2795,Evelyn Pozo M,712020:8120de32-7eac-45d7-b464-84865a422b01,Alta,Esperando por el usuario,,06/ago/26 14:36,25/ago/26 14:17,
Incidente,INC-14885,48429,Usuaria no puede acceder a OneDrive ni SharePoint ,Guillermo Andres Benavides  Farias,712020:fb05db58-0e87-4d5f-b8ef-019907a66fdc,Bastian González M,712020:9607098c-323a-4de8-a44a-9176793df19d,Alta,Validación del usuario,,06/ago/26 14:52,14/ago/26 16:37,
Incidente S4,IS4-6194,48437,Solicitud de eliminación de carga de demanda en BW,Gustavo Adolfo Morales Paez,712020:2dfd4595-86d1-4051-8c30-07794c08fa6f,Evelyn Pozo M,712020:8120de32-7eac-45d7-b464-84865a422b01,Alta,Validación del usuario,,06/ago/26 14:57,10/ago/26 14:53,
Requerimiento,REQ-1820,48441,Creación de 5 puntos de red nuevos,Italo Hernan Pinto Montoya,712020:2f3e1c92-5fc9-40db-a408-9c532c1b54b5,Sebastian Latife,712020:523fdaee-0def-45cd-99d0-88abc4b3104d,Media,Equipo Proveedor,,06/ago/26 15:02,06/ago/26 15:42,
Incidente AMS,AMS-1479,48467,Guías de Alimento ,,,Bastian González M,712020:9607098c-323a-4de8-a44a-9176793df19d,Alta,Cancelado,,06/ago/26 15:27,10/ago/26 12:30,
Incidente S4,IS4-6198,48477,"Cecina en tránsito, con transporte sin diferencias 5362142 TICKET SOFFTECK ",Felipe Duran,712020:af79e742-ca83-4c13-91e8-5b24a7372f8b,Luis Isaac Cuadra Fernandez,712020:e877d523-b6d9-463c-8627-2f6be67a1f35,Alta,Validación del usuario,,06/ago/26 15:36,06/ago/26 16:08,
Incidente S4,IS4-6200,48483,BAJAR TRANSPORTES- TICKET SOFTECK,eyling rodriguez,712020:b143dc81-fa3d-4c22-a063-cf5a91d69ec8,Charles Enrique Abreu Aranguren,712020:7dd5d96e-0367-4373-b2e1-18e07a84e2a1,Alta,Validación del usuario,,06/ago/26 15:40,06/ago/26 16:42,
Incidente S4,IS4-6202,48491,Problemas con las Rendiciones ,Jorge Arnaldo Quiroz Olmos,712020:4e6376c9-f6d2-4bc4-b833-100074be9526,Cristian Fernando Gonzalez Salazar,712020:fea82959-496f-4b4f-b771-47213d3e02cd,Alta,Creado,,06/ago/26 15:47,04/sep/26 14:29,
Incidente S4,IS4-6203,48493,RE: IS4-6188 cambio de  estado de etiquetas,,,Yhon Alejandro Aguilera Gonzalez,712020:92ed42c4-9fb2-42eb-9cdf-8da717b52af4,Alta,Creado,,06/ago/26 15:47,06/ago/26 15:47,
Incidente S4,IS4-6204,48501,Guías de Alimento ,Felipe Duran,712020:af79e742-ca83-4c13-91e8-5b24a7372f8b,Evelyn Pozo M,712020:8120de32-7eac-45d7-b464-84865a422b01,Alta,Validación del usuario,,06/ago/26 15:56,24/ago/26 15:05,
Incidente S4,IS4-6205,48505,EMITIR HOJAS DE RUTA - TICKET SOFTECK,LUZ ADRIANA CORREDOR GARCIA,712020:c4cdd827-d310-4562-a053-e021cad8b4d8,Matias Fabian Muñoz Mariqueo,712020:da1490a0-d097-488b-bff7-672b0c78f4ac,Alta,Validación del usuario,,06/ago/26 15:57,06/ago/26 17:41,
Incidente S4,IS4-6207,48515,Se solicita rescatar guía en SAP ,Diego Flores,712020:314bedea-6181-4d50-97d5-e114b8742d38,Bastian González M,712020:9607098c-323a-4de8-a44a-9176793df19d,Alta,Validación del usuario,,06/ago/26 16:09,07/ago/26 11:39,
Incidente S4,IS4-6214,48555,No puedo generar PDF de guía de despacho,Felipe Duran,712020:af79e742-ca83-4c13-91e8-5b24a7372f8b,Diego Maximiliano Chamblas Alarcon,712020:96f6ca48-d768-4cde-8334-738dfe23adc1,Alta,Validación del usuario,,06/ago/26 16:52,07/ago/26 09:25,
Incidente S4,IS4-6216,48569,problema al recepcionar pallet desde maquila IKA,Sebastian Suazo,712020:6b2b9a90-6b38-4d05-ae00-17b744f21325,Jesus Alberto Castro Orellana,712020:7bb8bf0b-19b9-49b3-9096-72b07bc9c56c,Alta,Validación del usuario,,06/ago/26 17:11,10/ago/26 10:21,
Incidente,INC-14908,48591,[monitoreo] - Enlace caido Plta. Alim. Longovilo,Carlos Alberto Pavez Diaz,712020:07f89943-bb5b-4b7c-a927-9777b941f3cb,Jhonny Torres N,712020:3cecf351-efbc-43f7-8cdc-ccc90034c4a0,Alta,Validación del usuario,,06/ago/26 17:47,11/ago/26 22:58,
Incidente,INC-14924,48670,Monitoreo - Caída de enlaces Proveedor CS,Carlos Alberto Pavez Diaz,712020:07f89943-bb5b-4b7c-a927-9777b941f3cb,Alejandro Enrique Gonzalez Bracho,712020:2a91d042-9782-44ad-8944-fe1523f3889d,Alta,Validación del usuario,,06/ago/26 22:49,11/ago/26 22:57,
Incidente S4,IS4-6223,48678,NUMERO DE TRANSPORTE SIN STOCK EN SISTEMA,Magda Patricia Espinosa Bustos,712020:bb2e79ad-1f51-4542-9922-ae2652bcf9dd,Ivette Sepulveda B,712020:563aa2d0-0127-4b79-a108-c061e76eb239,Alta,Validación del usuario,,07/ago/26 02:20,24/ago/26 15:06,
Incidente S4,IS4-6226,48684,cecina en transito,Magda Patricia Espinosa Bustos,712020:bb2e79ad-1f51-4542-9922-ae2652bcf9dd,Luis Alberto Suarez Santibañez,712020:75d3bcf8-0086-466d-93bc-deef0a7faa3b,Alta,Validación del usuario,,07/ago/26 03:15,07/ago/26 03:45,
Incidente S4,IS4-6227,48686,ERROR AL SELLAR TRANSPORTE 8346988,Magda Patricia Espinosa Bustos,712020:bb2e79ad-1f51-4542-9922-ae2652bcf9dd,Exportaciones Fdra San Vicente,712020:4eba58dd-b443-4ab5-baf1-31773e25c877,Alta,Validación del usuario,,07/ago/26 03:18,07/ago/26 03:56,
Requerimiento,REQ-1849,48698,Llamada consulta ,Felipe Esteban Ravellos Lara,712020:34aa28de-0baa-4f2f-92d4-785379a9a54c,Felipe Esteban Ravellos Lara,712020:34aa28de-0baa-4f2f-92d4-785379a9a54c,Media,Revisión del N1,,07/ago/26 06:52,07/ago/26 07:10,
Incidente,INC-14937,48718,Se reporta equipo (movil) ya no enciende,Benjamin Nicolas Vidal Caroca,712020:2062d08e-0238-40d5-a11c-67396d81019b,Cristian Fernando Gonzalez Salazar,712020:fea82959-496f-4b4f-b771-47213d3e02cd,Alta,Validación del usuario,,07/ago/26 07:54,10/ago/26 12:25,
Incidente,INC-14944,48732,(Tecnoandina)Problema al ver datos y sacar stock de alimento,Benjamin Nicolas Schwalm Jara,712020:7762ff16-6b68-4f6f-a0ad-2b1b9a40b257,Cristian Fernando Gonzalez Salazar,712020:fea82959-496f-4b4f-b771-47213d3e02cd,Alta,Resuelto,,07/ago/26 08:29,21/ago/26 16:02,
Incidente S4,IS4-6228,48752,RE: IS4-6130 REQ - Solicitud de Homologación de cuenta para SAP SPR ,,,Juan Carlos Urbina Albornoz,712020:64ce3de9-cfa4-4c9e-95bb-a1fa67a44c21,Alta,Creado,,07/ago/26 08:48,07/ago/26 08:48,
Incidente,INC-14952,48756,Credenciales TeamViewere ,Jonathan Andres Navarro Azocar,712020:a5042667-d0d7-4571-b766-9934e56fa4cb,Cristian Fernando Gonzalez Salazar,712020:fea82959-496f-4b4f-b771-47213d3e02cd,Alta,Validación del usuario,,07/ago/26 08:50,07/ago/26 11:02,
Incidente,INC-14953,48758,Al encender el equipo la pantalla queda totalmente en negro y no carga el inicio de sesion,Fernando Esteban Fuentes Morales,712020:fe5bcc67-ea2e-4406-b5b9-58211a6e5c8b,Jair Stiven Méndez Baquero,712020:66e4c6db-2ecc-4e66-bfc2-850cc8894432,Alta,Validación del usuario,,07/ago/26 08:52,07/ago/26 16:34,
Incidente,INC-14955,48766,Sector sin servicio de internet,Kevin Alexis Maldonado Muñoz,712020:c8eacfb5-650a-4c88-857f-2414a8f12044,Evelyn Pozo M,712020:8120de32-7eac-45d7-b464-84865a422b01,Alta,Validación del usuario,,07/ago/26 09:12,11/ago/26 14:41,
Incidente,INC-14958,48772,[Tecnoandina] Problema en reporte de alimento,Benjamin Nicolas Schwalm Jara,712020:7762ff16-6b68-4f6f-a0ad-2b1b9a40b257,Sebastian Latife,712020:523fdaee-0def-45cd-99d0-88abc4b3104d,Alta,Resolución del Incidente,,07/ago/26 09:23,28/ago/26 14:32,
Incidente S4,IS4-6230,48780,actualizar tabla valotex,LUZ ADRIANA CORREDOR GARCIA,712020:c4cdd827-d310-4562-a053-e021cad8b4d8,Sebastian Latife,712020:523fdaee-0def-45cd-99d0-88abc4b3104d,Alta,Validación del usuario,,07/ago/26 09:36,10/ago/26 14:18,
Incidente AMS,AMS-1485,48804,error en almacén c004,,,"Aqueveque Contreras, Abigail Tamarin",712020:463ae0cb-97d0-4261-a4b8-fd67378cc7c9,Alta,Cancelado,,07/ago/26 10:09,10/ago/26 12:30,
Incidente,INC-14968,48814,Equipo con punto de red no linkea,Felipe Andres Jeria Rodriguez,712020:f0d4df3d-4510-4e4a-be63-7258c31884e1,Jair Stiven Méndez Baquero,712020:66e4c6db-2ecc-4e66-bfc2-850cc8894432,Alta,Validación del usuario,,07/ago/26 10:20,07/ago/26 10:53,
Incidente,INC-14977,48856,Formateo PC del sector DON TITO,Marcelo Enrique Molina Gonzalez,712020:6ff29a06-6a09-4d45-8fa6-b2455efeaf8c,Jair Stiven Méndez Baquero,712020:66e4c6db-2ecc-4e66-bfc2-850cc8894432,Alta,Resuelto,,07/ago/26 11:12,07/ago/26 18:50,
Incidente,INC-14978,48858,Programa de ventilacion del sector Divisadero no inicia,Marcelo Enrique Molina Gonzalez,712020:6ff29a06-6a09-4d45-8fa6-b2455efeaf8c,Jair Stiven Méndez Baquero,712020:66e4c6db-2ecc-4e66-bfc2-850cc8894432,Alta,Resuelto,,07/ago/26 11:14,07/ago/26 13:04,
Incidente S4,IS4-6242,48904,Asignar UMP a tramsporte 6678696,Angie Espinoza,712020:d2d363d3-b9ac-47bf-923a-f89eb5887a5d,Coordinadores Despacho Aves,712020:ff4d8d87-0c11-4486-9edc-244accd35270,Alta,Validación del usuario,,07/ago/26 12:32,07/ago/26 12:50,
Incidente AMS,AMS-1493,48908,Quitar resguardo de hembras,Brayan Dario Guarnizo Celis,712020:3e04b4d9-d3d5-460e-8c1e-71260f00b901,Evelyn Pozo M,712020:8120de32-7eac-45d7-b464-84865a422b01,Alta,Validación del usuario,,07/ago/26 12:38,07/ago/26 13:11,
Incidente,INC-14989,48914,RE: Se ha creado el requerimiento AMS-1494,,,Paulina Alejandra Chacana Escobar,712020:4a7e2332-217f-43c5-a9c9-0a5fdcb200c0,Alta,Creado,,07/ago/26 12:46,07/ago/26 12:46,
Incidente S4,IS4-6243,48918,problemas con el envio automatico del PDF HES,Jorge Arnaldo Quiroz Olmos,712020:4e6376c9-f6d2-4bc4-b833-100074be9526,Francisca Johana Freire Castañeda,712020:e6ab40d0-bff2-45b9-bcc0-c5069308fbb3,Alta,Equipo Resolutor Asignado,,07/ago/26 12:56,19/ago/26 17:42,
Requerimiento,REQ-1866,48938,Consulta por ticket is4-6208,Sebastian Latife,712020:523fdaee-0def-45cd-99d0-88abc4b3104d,Sebastian Latife,712020:523fdaee-0def-45cd-99d0-88abc4b3104d,Media,Revisión del N1,,07/ago/26 14:14,07/ago/26 14:33,
Incidente,INC-14995,48944,Error al intentar actualiza/ejecutar una query en el componente analisys de Excel,Fernando Esteban Fuentes Morales,712020:fe5bcc67-ea2e-4406-b5b9-58211a6e5c8b,Jair Stiven Méndez Baquero,712020:66e4c6db-2ecc-4e66-bfc2-850cc8894432,Alta,Resuelto,,07/ago/26 14:28,11/ago/26 17:13,
Requerimiento,REQ-1870,48966,CONSULTA TICKET IS4-6006,Evelyn Pozo M,712020:8120de32-7eac-45d7-b464-84865a422b01,Evelyn Pozo M,712020:8120de32-7eac-45d7-b464-84865a422b01,Media,Revisión del N1,,07/ago/26 14:51,07/ago/26 16:19,
Incidente,INC-15003,48968,RE: Se ha creado el requerimiento IS4-6129,,,Juan Carlos Urbina Albornoz,712020:64ce3de9-cfa4-4c9e-95bb-a1fa67a44c21,Alta,Creado,,07/ago/26 14:52,07/ago/26 14:52,
Incidente,INC-15007,48994,HMI - falla a la hora de mover materiales a silos,Guillermo Andres Benavides  Farias,712020:fb05db58-0e87-4d5f-b8ef-019907a66fdc,Nicolas Prieto Camelo,712020:3f87e7d5-1b59-45ae-9674-027e748fb844,Alta,Validación del usuario,,07/ago/26 15:34,14/ago/26 16:37,
Incidente AMS,AMS-1497,49004,Sacar hembra de resguardo para prefaena/faenacion el dia lunes 10/08/2026 en sistema conectate,Crhistopher Sepulveda Gomez,712020:13f39121-e6b4-4cda-a566-699f9a1d5cfd,Jair Stiven Méndez Baquero,712020:66e4c6db-2ecc-4e66-bfc2-850cc8894432,Alta,Validación del usuario,,07/ago/26 15:44,07/ago/26 17:19,
Incidente S4,IS4-6253,49016,"Nayareth Marlenne Vargas Leyton te invitó a is4@jira-agrosuper.atlassian.net y Vargas Leyton, Nayareth Marlenne en Microsoft Teams",,,Nayareth Marlenne Vargas Leyton,712020:a496b280-dee1-493c-a318-7945661797e6,Alta,Creado,,07/ago/26 16:10,07/ago/26 16:10,
Incidente S4,IS4-6256,49042,"Problemas con RPA, no estan llegando archivos de diferencias de importe en el RPA ""conciliacion sucursales"" ",Damian Rocha Villivar,712020:ab7997c3-42c5-4b06-8acc-3ba2bafc97b6,Jair Stiven Méndez Baquero,712020:66e4c6db-2ecc-4e66-bfc2-850cc8894432,Alta,Validación del usuario,,07/ago/26 16:57,13/ago/26 10:16,
Incidente S4,IS4-6257,49044," BAJAR TRANSPORTES, TICKET SOFTECK",Felipe Duran,712020:af79e742-ca83-4c13-91e8-5b24a7372f8b,Jesus Gabriel Curiel Gonzalez,712020:7f02edef-6404-4524-895a-ba15ac81de06,Alta,Validación del usuario,,07/ago/26 17:02,07/ago/26 18:30,
Incidente S4,IS4-6258,49046,Problema con la ubicación del despacho en la web de sabor en línea que está en MMS,Angie Espinoza,712020:d2d363d3-b9ac-47bf-923a-f89eb5887a5d,Alejandro Enrique Gonzalez Bracho,712020:2a91d042-9782-44ad-8944-fe1523f3889d,Alta,Validación del usuario,,07/ago/26 17:08,24/ago/26 15:09,
Incidente AMS,AMS-1499,49062,Usuario necesita modificar en SAP etiquetas de la carga del día 06-08 del centro C325,,,Alejandro Enrique Gonzalez Bracho,712020:2a91d042-9782-44ad-8944-fe1523f3889d,Alta,Cancelado,,07/ago/26 17:42,10/ago/26 09:55,
Incidente AMS,AMS-1500,49074,Usuario presenta problemas en la carga hacia BDC,,,Alejandro Enrique Gonzalez Bracho,712020:2a91d042-9782-44ad-8944-fe1523f3889d,Alta,Cancelado,,07/ago/26 18:23,10/ago/26 15:26,
Incidente,INC-15023,49076,[monitoreo] - Alertas de tarea programada,Nicolas Ignacio Lobos Muñoz,712020:231572bf-d0c7-4e49-bbe3-989381fb5348,Jhonny Torres N,712020:3cecf351-efbc-43f7-8cdc-ccc90034c4a0,Alta,Resuelto,,07/ago/26 18:43,07/ago/26 20:17,
Incidente,INC-15025,49082,Monitoreo - Enlace Movistar de suc Temuco caido ,Carlos Alberto Pavez Diaz,712020:07f89943-bb5b-4b7c-a927-9777b941f3cb,Franco Guinez A,712020:a3795c3a-aa5f-4cea-8071-60172591b157,Alta,Validación del usuario,,07/ago/26 19:24,14/ago/26 17:40,
Incidente S4,IS4-6265,49116,fin de folios y pila,,,despcurico,712020:f75fc02b-467c-4e0a-a1a2-49fd23a8f37d,Alta,Equipo Resolutor Asignado,,08/ago/26 04:07,10/ago/26 14:40,
Incidente S4,IS4-6266,49130,RECEPCION PENDIENTE,Magda Patricia Espinosa Bustos,712020:bb2e79ad-1f51-4542-9922-ae2652bcf9dd,Pablo Felipe Mellado Vergara,712020:bf5ffb0e-1cdc-4866-baff-fe7d657b2606,Alta,Validación del usuario,,08/ago/26 07:59,08/ago/26 08:33,
Incidente S4,IS4-6267,49134,cambiar estatus etiqueta,Magda Patricia Espinosa Bustos,712020:bb2e79ad-1f51-4542-9922-ae2652bcf9dd,Pablo Felipe Mellado Vergara,712020:bf5ffb0e-1cdc-4866-baff-fe7d657b2606,Alta,Validación del usuario,,08/ago/26 08:38,08/ago/26 09:53,
Incidente S4,IS4-6269,49158,Etiqueta en otro almacen,Magda Patricia Espinosa Bustos,712020:bb2e79ad-1f51-4542-9922-ae2652bcf9dd,Benjamín Reyes Aravena,712020:69f5cef6-164b-4af6-9971-75c05d019041,Alta,Validación del usuario,,08/ago/26 10:06,08/ago/26 11:18,
Incidente AMS,AMS-1502,49184,Nodos sin Actualizar,Claudio Salamanca,6316239d3310c2492b5b2c5f,Benjamín Reyes Aravena,712020:69f5cef6-164b-4af6-9971-75c05d019041,Alta,Validación del usuario,,08/ago/26 13:46,10/ago/26 11:46,
Incidente,INC-15063,49196,Monitoreo - Caida de Enlace Telxius RGA-AWS SAO PAULO-CRT-007824,Felipe Andres Jeria Rodriguez,712020:f0d4df3d-4510-4e4a-be63-7258c31884e1,Alejandro Enrique Gonzalez Bracho,712020:2a91d042-9782-44ad-8944-fe1523f3889d,Alta,Validación del usuario,,08/ago/26 23:37,14/ago/26 16:38,
Incidente,INC-15068,49207,"Alerta ""SAP Cloud ALM""",Jorge Arnaldo Quiroz Olmos,712020:4e6376c9-f6d2-4bc4-b833-100074be9526,Erik Avello,712020:9d91180a-22c7-4d43-9eab-97c8cf49ecbf,Alta,Validación del usuario,,09/ago/26 03:11,03/sep/26 16:23,
Incidente,INC-15071,49215,Sector sin internet - Crianza reproductora UR,Victor Mauricio Vera Nuñez,712020:46155656-0657-4144-9fa4-ba01a5c2fdf8,Nicolas Prieto Camelo,712020:3f87e7d5-1b59-45ae-9674-027e748fb844,Alta,Validación del usuario,,09/ago/26 14:08,31/ago/26 09:40,
Incidente,INC-15072,49217,No se puede actualizar Sap en Mi info Ti,Gustavo Adolfo Fierro Morales,712020:34251f21-925f-4970-bea7-659d3ebfa34a,Franco Guinez A,712020:a3795c3a-aa5f-4cea-8071-60172591b157,Alta,Validación del usuario,,09/ago/26 16:45,10/ago/26 15:31,
Incidente S4,IS4-6273,49247,RV: Aviso contratación / ​Jaime cristobal Miranda iturriaga​ / ​ADMINISTRATIVO BODEGA U1​ ,,,Ricardo Jerez Sepulveda,712020:d8565a23-03c6-4920-8640-b7333ec2e59b,Alta,Creado,,10/ago/26 07:18,10/ago/26 07:18,
Incidente,INC-15085,49251,Desbloqueo Cuentas AD,Jonathan Andres Navarro Azocar,712020:a5042667-d0d7-4571-b766-9934e56fa4cb,Cristian Fernando Gonzalez Salazar,712020:fea82959-496f-4b4f-b771-47213d3e02cd,Alta,Validación del usuario,,10/ago/26 07:35,10/ago/26 10:21,
Incidente,INC-15102,49291,Planta sin Internet,Javier Esteban Castillo Jara,712020:1cf8bc7f-946e-4e1e-84b6-962e0924cd76,Cristian Fernando Gonzalez Salazar,712020:fea82959-496f-4b4f-b771-47213d3e02cd,Alta,Documentación Incidente,,10/ago/26 08:31,14/ago/26 15:01,
Incidente,INC-15107,49303,Impresora no funciona,Jonathan Andres Navarro Azocar,712020:a5042667-d0d7-4571-b766-9934e56fa4cb,Evelyn Pozo M,712020:8120de32-7eac-45d7-b464-84865a422b01,Alta,Resuelto,,10/ago/26 08:47,10/ago/26 10:14,
Incidente,INC-15109,49309,Configuración de Microsoft authenticator,Guillermo Andres Benavides  Farias,712020:fb05db58-0e87-4d5f-b8ef-019907a66fdc,Alejandro Enrique Gonzalez Bracho,712020:2a91d042-9782-44ad-8944-fe1523f3889d,Alta,Validación del usuario,,10/ago/26 08:52,14/ago/26 16:36,
Incidente S4,IS4-6274,49319,Usuario presenta problemas en la carga hacia BDC,Gustavo Adolfo Morales Paez,712020:2dfd4595-86d1-4051-8c30-07794c08fa6f,Franco Guinez A,712020:a3795c3a-aa5f-4cea-8071-60172591b157,Alta,Validación del usuario,,10/ago/26 08:57,10/ago/26 14:54,
Incidente AMS,AMS-1504,49345,nodos no actualizados ,Brayan Dario Guarnizo Celis,712020:3e04b4d9-d3d5-460e-8c1e-71260f00b901,Jhonny Torres N,712020:3cecf351-efbc-43f7-8cdc-ccc90034c4a0,Alta,Validación del usuario,,10/ago/26 09:10,10/ago/26 11:38,
Incidente S4,IS4-6279,49357,revisar UMP 100000000046847827 para poder despachar al transporte 6679017,Ruby del Carmen Troncoso Paillaleo,70121:b734ef72-dcc1-4ae2-a85b-464c97fad9e6,Coordinadores Despacho Aves,712020:ff4d8d87-0c11-4486-9edc-244accd35270,Alta,Validación del usuario,,10/ago/26 09:20,31/ago/26 15:24,
Incidente AMS,AMS-1505,49373,Nodos no se actualizan,Diego Flores,712020:314bedea-6181-4d50-97d5-e114b8742d38,Sebastian Latife,712020:523fdaee-0def-45cd-99d0-88abc4b3104d,Alta,Validación del usuario,,10/ago/26 09:36,10/ago/26 10:50,
Incidente S4,IS4-6285,49389,"Error al pistolear factura Folio 0102026347 - ""Verifique Oficina de ventas""",LUZ ADRIANA CORREDOR GARCIA,712020:c4cdd827-d310-4562-a053-e021cad8b4d8,Karol Dayanna Palomino Serrano,712020:e4df31f3-cc17-4db7-b128-efd436a7f3c9,Alta,Validación del usuario,,10/ago/26 09:50,11/ago/26 10:31,
Incidente,INC-15124,49391,sector sin internet ,Felipe Andres Jeria Rodriguez,712020:f0d4df3d-4510-4e4a-be63-7258c31884e1,Jhonny Torres N,712020:3cecf351-efbc-43f7-8cdc-ccc90034c4a0,Alta,Escalado Proveedores Marca,,10/ago/26 09:52,01/sep/26 16:35,
Incidente AMS,AMS-1508,49395,Cambiar Alimento Sector Loica,Sebastian Suazo,712020:6b2b9a90-6b38-4d05-ae00-17b744f21325,Fernanda Isabel Gonzalez Zurita,712020:9bf833af-0683-41c5-8e9e-c933c9d2eda5,Alta,Validación del usuario,,10/ago/26 10:02,10/ago/26 12:15,
Incidente AMS,AMS-1509,49417,Usuario presenta problemas con la plataforma Incubación Web,,,Alejandro Enrique Gonzalez Bracho,712020:2a91d042-9782-44ad-8944-fe1523f3889d,Alta,Cancelado,,10/ago/26 10:20,10/ago/26 15:25,
Incidente,INC-15131,49427,Buzon de correo lleno,Jacinth Andrew Cordova Marcano,712020:2cbd7839-f70b-4079-a0ca-3c26f66080aa,Franco Guinez A,712020:a3795c3a-aa5f-4cea-8071-60172591b157,Alta,Resuelto,,10/ago/26 10:57,11/ago/26 08:25,
Incidente,INC-15132,49431,Error de distribución de carga 88 ,Victor Mauricio Vera Nuñez,712020:46155656-0657-4144-9fa4-ba01a5c2fdf8,Evelyn Pozo M,712020:8120de32-7eac-45d7-b464-84865a422b01,Alta,Validación del usuario,,10/ago/26 10:59,08/sep/26 11:44,
Incidente AMS,AMS-1512,49449,Error al imprimir guía de despacho ,,,CONSTANZA DEL CARMEN BONTA BECA,712020:cd6b8e66-921a-459d-918b-070c1b13d324,Alta,Cancelado,,10/ago/26 11:30,10/ago/26 15:27,
Incidente,INC-15136,49451,Equipo con lentitud y problemas varios,Victor Manuel Currieco Marillan,712020:6499dafd-420b-45b4-8f3a-35c37c05a5c8,Sebastian Latife,712020:523fdaee-0def-45cd-99d0-88abc4b3104d,Alta,Resuelto,,10/ago/26 11:34,13/ago/26 10:29,
Incidente S4,IS4-6289,49453,"RE: IS4-6192 Se registran PDA en estatus D, luego de proceso de cierre de ordenes",,,Oscar Elias Salinas Gonzalez,6095f8e0d353800068ba8329,Alta,Creado,,10/ago/26 11:35,10/ago/26 11:35,
Incidente S4,IS4-6290,49457,NO ACTUALIZA QUERY,,,Evelyn Pozo M,712020:8120de32-7eac-45d7-b464-84865a422b01,Alta,Equipo Resolutor Asignado,,10/ago/26 11:37,10/ago/26 15:59,
Incidente S4,IS4-6292,49465,Error en la aprobación de solicitud de nota de crédito  ,Magda Patricia Espinosa Bustos,712020:bb2e79ad-1f51-4542-9922-ae2652bcf9dd,Patricia Fernanda Vega Honorato,712020:1b83d025-37db-426e-9026-629bea2ac0e6,Alta,Validación del usuario,,10/ago/26 11:45,12/ago/26 08:28,
Incidente,INC-15142,49483,Revision y cambio de equipo,Victor Manuel Currieco Marillan,712020:6499dafd-420b-45b4-8f3a-35c37c05a5c8,Franco Guinez A,712020:a3795c3a-aa5f-4cea-8071-60172591b157,Alta,Resuelto,,10/ago/26 11:55,13/ago/26 08:21,
Incidente,INC-15143,49485,Enlace Entel sucursal Huechuraba,Victor Mauricio Vera Nuñez,712020:46155656-0657-4144-9fa4-ba01a5c2fdf8,Luis Nibaldo Bustos Arriagada,712020:164a2568-3825-4854-b34b-12934469c8eb,Alta,Validación del usuario,,10/ago/26 12:02,17/ago/26 12:00,
Incidente S4,IS4-6297,49497,"RE: IS4-6192 Se registran PDA en estatus D, luego de proceso de cierre de ordenes",,,Oscar Elias Salinas Gonzalez,6095f8e0d353800068ba8329,Alta,Creado,,10/ago/26 12:11,10/ago/26 12:11,
Incidente S4,IS4-6298,49501,Diferencia en rendición de transporte V1382 entre lo despachado y solicitado - Material 1020027 (Tx ZSD009),Angie Espinoza,712020:d2d363d3-b9ac-47bf-923a-f89eb5887a5d,Karol Dayanna Palomino Serrano,712020:e4df31f3-cc17-4db7-b128-efd436a7f3c9,Alta,Validación del usuario,,10/ago/26 12:14,10/ago/26 13:26,
Incidente S4,IS4-6299,49507,Cambio de receptor de pagos ,NANCY CATARI,712020:492b1cc8-64c6-45a0-b266-53afd12fe47a,Franco Guinez A,712020:a3795c3a-aa5f-4cea-8071-60172591b157,Alta,Validación del usuario,,10/ago/26 12:28,21/ago/26 15:33,
Incidente S4,IS4-6303,49523,Actualizar tabla valotex ,Christian Mendez,712020:d3138b76-6aa2-432d-8832-e38d9cbf41e1,Evelyn Pozo M,712020:8120de32-7eac-45d7-b464-84865a422b01,Alta,Validación del usuario,,10/ago/26 13:06,10/ago/26 16:27,
Incidente AMS,AMS-1516,49545,Conéctate - problema para rescatar guías de alimentos,Brayan Dario Guarnizo Celis,712020:3e04b4d9-d3d5-460e-8c1e-71260f00b901,Nicolas Prieto Camelo,712020:3f87e7d5-1b59-45ae-9674-027e748fb844,Alta,Validación del usuario,,10/ago/26 13:40,11/ago/26 10:56,
Incidente,INC-15157,49557,Problema de Espacio - Planta de Alimentos Longovilo,Jacinth Andrew Cordova Marcano,712020:2cbd7839-f70b-4079-a0ca-3c26f66080aa,Benjamin Salas Delgado,712020:623bd1ef-d260-489d-a6a2-dbbc38b83e31,Alta,Resuelto,,10/ago/26 14:01,11/ago/26 16:16,
Incidente S4,IS4-6306,49559,"dejar UMP en status A, libre de entrega y transporte Planta P029 para poder despachar",Christian Mendez,712020:d3138b76-6aa2-432d-8832-e38d9cbf41e1,Coordinadores Despacho Aves,712020:ff4d8d87-0c11-4486-9edc-244accd35270,Alta,Validación del usuario,,10/ago/26 14:06,11/ago/26 09:01,
Incidente,INC-15165,49595,Problemas al guardar/modificar archivos en Altiris ,Jacinth Andrew Cordova Marcano,712020:2cbd7839-f70b-4079-a0ca-3c26f66080aa,Evelyn Pozo M,712020:8120de32-7eac-45d7-b464-84865a422b01,Alta,Resuelto,,10/ago/26 14:41,11/ago/26 15:54,
Incidente S4,IS4-6311,49617,Sin acceso a Historias de ANALISIS,,,Romina De Lourdes Hernandez Manriquez,712020:4f641638-fee0-4550-bbb6-14aff9dea01c,Alta,Equipo Resolutor Asignado,,10/ago/26 15:10,11/ago/26 11:57,
Incidente S4,IS4-6313,49625,Busqueda de subcasos,,,Romina De Lourdes Hernandez Manriquez,712020:4f641638-fee0-4550-bbb6-14aff9dea01c,Alta,Equipo Resolutor Asignado,,10/ago/26 15:15,11/ago/26 11:58,
Incidente AMS,AMS-1518,49631,legacy- no cayeron al sistema las vacunas de bronquitis sector las varas,Sebastian Suazo,712020:6b2b9a90-6b38-4d05-ae00-17b744f21325,Nicolas Prieto Camelo,712020:3f87e7d5-1b59-45ae-9674-027e748fb844,Alta,Validación del usuario,,10/ago/26 15:26,11/ago/26 13:39,
Incidente AMS,AMS-1519,49635,legacy - sector alhue 171 falta la vacuna gumboro,Crhistopher Sepulveda Gomez,712020:13f39121-e6b4-4cda-a566-699f9a1d5cfd,Nicolas Prieto Camelo,712020:3f87e7d5-1b59-45ae-9674-027e748fb844,Alta,Validación del usuario,,10/ago/26 15:33,11/ago/26 10:06,
Incidente,INC-15173,49657,Impresora no funciona,Marcelo Enrique Molina Gonzalez,712020:6ff29a06-6a09-4d45-8fa6-b2455efeaf8c,Franco Guinez A,712020:a3795c3a-aa5f-4cea-8071-60172591b157,Alta,Resuelto,,10/ago/26 15:51,11/ago/26 14:27,
Incidente,INC-15176,49665,Microfono no funciona,Marcelo Enrique Molina Gonzalez,712020:6ff29a06-6a09-4d45-8fa6-b2455efeaf8c,Franco Guinez A,712020:a3795c3a-aa5f-4cea-8071-60172591b157,Alta,Resuelto,,10/ago/26 15:53,11/ago/26 14:26,
Incidente S4,IS4-6316,49677,CRUCE DE MATERIALES,Christian Mendez,712020:d3138b76-6aa2-432d-8832-e38d9cbf41e1,Maria Ines Latorre Alvarez,712020:794c083e-6b78-4dde-aac6-a319506bb9cb,Alta,Validación del usuario,,10/ago/26 16:09,10/ago/26 16:34,
Incidente AMS,AMS-1523,49693,estimados favor dejar ump en planta p029 a libre dispocicion ,,,Coordinadores de Despacho,712020:986220e7-3e6e-41d9-aea3-c2226f535cdf,Alta,Cancelado,,10/ago/26 16:18,11/ago/26 16:05,
Incidente S4,IS4-6319,49699,CRUCE DE MATERIALES,LUZ ADRIANA CORREDOR GARCIA,712020:c4cdd827-d310-4562-a053-e021cad8b4d8,Maria Ines Latorre Alvarez,712020:794c083e-6b78-4dde-aac6-a319506bb9cb,Alta,Validación del usuario,,10/ago/26 16:23,10/ago/26 17:32,
Incidente S4,IS4-6321,49727,Sacar Stock almacén F123,Magda Patricia Espinosa Bustos,712020:bb2e79ad-1f51-4542-9922-ae2652bcf9dd,Luis Alamiro Diaz Sanchez,712020:97e3100e-14f7-49fe-824b-1f25273a6a11,Alta,Validación del usuario,,10/ago/26 16:54,07/sep/26 18:34,
Incidente AMS,AMS-1524,49731,Problema notificaciones,,,Leidy Tatiana León Lizcano,712020:7c332f1c-beea-4c36-850d-a4bebe955356,Alta,Cancelado,,10/ago/26 17:00,11/ago/26 16:05,
Incidente,INC-15188,49735,Recuperación de archivos altiris (eliminados por accidente),Jacinth Andrew Cordova Marcano,712020:2cbd7839-f70b-4079-a0ca-3c26f66080aa,Erik Avello,712020:9d91180a-22c7-4d43-9eab-97c8cf49ecbf,Alta,Resuelto,,10/ago/26 17:01,11/ago/26 15:28,
Incidente S4,IS4-6324,49751,Re: IS4-6279 revisar UMP 100000000046847827 para poder despachar al transporte 6679017,,,Hugo Jose Caceres Herrera,712020:10f8ffb6-5d78-4d8a-92d3-43c7895deb31,Alta,Creado,,10/ago/26 17:28,10/ago/26 17:28,
Incidente S4,IS4-6327,49763,estimados favor dejar ump en planta p029 a libre disposición    ,LUZ ADRIANA CORREDOR GARCIA,712020:c4cdd827-d310-4562-a053-e021cad8b4d8,Felipe Esteban Ravellos Lara,712020:34aa28de-0baa-4f2f-92d4-785379a9a54c,Alta,Validación del usuario,,10/ago/26 17:37,11/ago/26 17:19,
Requerimiento,REQ-1960,49767,Llamada consulta ,Felipe Esteban Ravellos Lara,712020:34aa28de-0baa-4f2f-92d4-785379a9a54c,Felipe Esteban Ravellos Lara,712020:34aa28de-0baa-4f2f-92d4-785379a9a54c,Media,Revisión del N1,,10/ago/26 17:48,11/ago/26 15:27,
Incidente,INC-15205,49800,Desactualización Legacy,Gustavo Adolfo Fierro Morales,712020:34251f21-925f-4970-bea7-659d3ebfa34a,Erik Avello,712020:9d91180a-22c7-4d43-9eab-97c8cf49ecbf,Alta,Validación del usuario,,10/ago/26 18:34,11/ago/26 17:23,
Requerimiento,REQ-1967,49854,llamada de consulta,Erik Avello,712020:9d91180a-22c7-4d43-9eab-97c8cf49ecbf,Erik Avello,712020:9d91180a-22c7-4d43-9eab-97c8cf49ecbf,Media,Revisión del N1,,10/ago/26 22:44,11/ago/26 00:30,
Incidente,INC-15226,49862,MONITOREO - CAIDA ENLACE ENTEL SUCURSAL CURICO,Felipe Andres Jeria Rodriguez,712020:f0d4df3d-4510-4e4a-be63-7258c31884e1,Ivette Sepulveda B,712020:563aa2d0-0127-4b79-a108-c061e76eb239,Alta,Validación del usuario,,10/ago/26 23:50,14/ago/26 16:14,
Incidente,INC-15228,49868,Problemas con Impresión desde SAP ,Alexandra Daniela Camus Solari,712020:a62d03f5-2b5d-4efe-b08a-690a4b552ed2,Cristian Fernando Gonzalez Salazar,712020:fea82959-496f-4b4f-b771-47213d3e02cd,Alta,Validación del usuario,,11/ago/26 01:04,01/sep/26 10:21,
Incidente S4,IS4-6334,49874,"ERROR AL SELLAR TRANSPORTE 0008349030, Existen entregas 1900136899 en el transporte con Status de Picking de WM incorrecto",eyling rodriguez,712020:b143dc81-fa3d-4c22-a063-cf5a91d69ec8,Exportaciones Fdra San Vicente,712020:4eba58dd-b443-4ab5-baf1-31773e25c877,Alta,Validación del usuario,,11/ago/26 02:26,11/ago/26 04:00,
Incidente,INC-15234,49884,Monitoreo - Caida de enlace Entel Faenadora el Milagro,Felipe Andres Jeria Rodriguez,712020:f0d4df3d-4510-4e4a-be63-7258c31884e1,Bastian González M,712020:9607098c-323a-4de8-a44a-9176793df19d,Alta,Validación del usuario,,11/ago/26 06:39,11/ago/26 14:10,
Incidente,INC-15238,49898,Al encender su PC aparece un mensaje de error y no le permite continuar al inicio de sesion del PC ,Fernando Esteban Fuentes Morales,712020:fe5bcc67-ea2e-4406-b5b9-58211a6e5c8b,Jair Stiven Méndez Baquero,712020:66e4c6db-2ecc-4e66-bfc2-850cc8894432,Alta,Resuelto,,11/ago/26 08:22,11/ago/26 15:48,
Incidente,INC-15244,49912,Sector los Gomeros Aves sin internet,Felipe Andres Jeria Rodriguez,712020:f0d4df3d-4510-4e4a-be63-7258c31884e1,Sebastian Latife,712020:523fdaee-0def-45cd-99d0-88abc4b3104d,Alta,Validación del usuario,,11/ago/26 08:27,14/ago/26 16:38,
Incidente,INC-15246,49920,El  servidores de telefonía PBX Edificio Norte y PBX Internacional dejo de responder ,Robinson Andres Videla  Marcos,712020:696d21be-29f2-4ac2-b1ad-5e35d3b9ca39,Franco Guinez A,712020:a3795c3a-aa5f-4cea-8071-60172591b157,Alta,Resuelto,,11/ago/26 08:35,14/ago/26 10:21,
Incidente,INC-15250,49966,Problemas para conectarse a WIFI Oficina Central,Gustavo Adolfo Fierro Morales,712020:34251f21-925f-4970-bea7-659d3ebfa34a,Franco Guinez A,712020:a3795c3a-aa5f-4cea-8071-60172591b157,Alta,Validación del usuario,,11/ago/26 09:16,12/ago/26 11:47,
Incidente,INC-15251,49970,Equipo - falla a la hora de conectarse a la red Wifi de la sucursal,Javier Alejandro Gonzalez Abarca,712020:9fc9fa65-2e7a-4d4c-9ba5-288f12754593,Nicolas Prieto Camelo,712020:3f87e7d5-1b59-45ae-9674-027e748fb844,Alta,Resuelto,,11/ago/26 09:19,12/ago/26 07:38,
Incidente S4,IS4-6341,49980,Error al cargar tareas en CX desde genesys,,,Carlos Javier Roco Rojas,712020:11fd3bb5-1d6b-43a2-aec4-2318ae1ef819,Alta,Equipo Resolutor Asignado,,11/ago/26 09:24,11/ago/26 11:49,
Incidente AMS,AMS-1527,49992,"Legacy maquila - Corregir asignación de MP (1023396 – Chuleta Centro Fresca) a BOM, transporte 70175931",Sebastian Suazo,712020:6b2b9a90-6b38-4d05-ae00-17b744f21325,Nicolas Prieto Camelo,712020:3f87e7d5-1b59-45ae-9674-027e748fb844,Alta,Validación del usuario,,11/ago/26 09:36,20/ago/26 14:30,
Incidente AMS,AMS-1528,50040,UMP no se encuentra en la tabla de etiquetas,,,CONSTANZA DEL CARMEN BONTA BECA,712020:cd6b8e66-921a-459d-918b-070c1b13d324,Alta,Cancelado,,11/ago/26 10:26,11/ago/26 16:05,
Incidente AMS,AMS-1530,50054,Guías de Alimento La Punta,Diego Flores,712020:314bedea-6181-4d50-97d5-e114b8742d38,Fernanda Isabel Gonzalez Zurita,712020:9bf833af-0683-41c5-8e9e-c933c9d2eda5,Alta,Validación del usuario,,11/ago/26 10:35,13/ago/26 16:54,
Incidente,INC-15268,50066,Equipo con lentitud. ,Gustavo Adolfo Fierro Morales,712020:34251f21-925f-4970-bea7-659d3ebfa34a,Evelyn Pozo M,712020:8120de32-7eac-45d7-b464-84865a422b01,Alta,Validación del usuario,,11/ago/26 10:45,12/ago/26 17:42,
Incidente AMS,AMS-1535,50152,"Se evidencia lentitud en la contabilización de PDA durante los traspasos de stock entre almacenes,",,,Jeremy Guillermo Boza Pino,712020:c34c5814-2c89-400d-9caa-4128cd556f23,Alta,Cancelado,,11/ago/26 12:48,11/ago/26 16:05,
Incidente AMS,AMS-1536,50174,"Rebaje de UMP 100000000046774488, transporte 0070174188",,,Franco Guinez A,712020:a3795c3a-aa5f-4cea-8071-60172591b157,Alta,Cancelado,,11/ago/26 13:30,11/ago/26 15:02,
Incidente,INC-15288,50176,Usuario presenta problemas para actualizar SAP desde MiinfoTI,Benjamin Nicolas Vidal Caroca,712020:2062d08e-0238-40d5-a11c-67396d81019b,Alejandro Enrique Gonzalez Bracho,712020:2a91d042-9782-44ad-8944-fe1523f3889d,Alta,Validación del usuario,,11/ago/26 13:35,11/ago/26 13:51,
Incidente,INC-15294,50196,[Tecnoandina] Sector Las Varas no se está leyendo ningún dato,Benjamin Nicolas Schwalm Jara,712020:7762ff16-6b68-4f6f-a0ad-2b1b9a40b257,Sebastian Latife,712020:523fdaee-0def-45cd-99d0-88abc4b3104d,Alta,Resuelto,,11/ago/26 14:21,26/ago/26 11:38,
Incidente,INC-15296,50204,Equipo móvil con problemas de rendimiento,Gustavo Adolfo Fierro Morales,712020:34251f21-925f-4970-bea7-659d3ebfa34a,Sebastian Latife,712020:523fdaee-0def-45cd-99d0-88abc4b3104d,Alta,Validación del usuario,,11/ago/26 14:31,11/ago/26 17:20,
Incidente,INC-15298,50210,"Problema con impresora HP, IP 10.250.205.68",Gustavo Adolfo Fierro Morales,712020:34251f21-925f-4970-bea7-659d3ebfa34a,Sebastian Latife,712020:523fdaee-0def-45cd-99d0-88abc4b3104d,Alta,Validación del usuario,,11/ago/26 14:40,13/ago/26 13:52,
Incidente S4,IS4-6378,50238,RE: Información adicional Incidente IS4-6279,,,Hugo Jose Caceres Herrera,712020:10f8ffb6-5d78-4d8a-92d3-43c7895deb31,Alta,Creado,,11/ago/26 15:07,11/ago/26 15:07,
Incidente,INC-15310,50258,monitor no enciende,Marcelo Enrique Molina Gonzalez,712020:6ff29a06-6a09-4d45-8fa6-b2455efeaf8c,Jhonny Torres N,712020:3cecf351-efbc-43f7-8cdc-ccc90034c4a0,Alta,Resuelto,,11/ago/26 15:28,11/ago/26 20:10,
Incidente AMS,AMS-1539,50284,sacar hembras de resguardo,Diego Flores,712020:314bedea-6181-4d50-97d5-e114b8742d38,Jhonny Torres N,712020:3cecf351-efbc-43f7-8cdc-ccc90034c4a0,Alta,Validación del usuario,,11/ago/26 15:54,11/ago/26 16:20,
Incidente S4,IS4-6383,50286,ingresar transporte a stock,LUZ ADRIANA CORREDOR GARCIA,712020:c4cdd827-d310-4562-a053-e021cad8b4d8,Orlando Aly Romero Garcia,712020:30fab499-6205-48c8-ae77-5de7da5bdfcb,Alta,Validación del usuario,,11/ago/26 15:55,11/ago/26 17:52,
Incidente,INC-15316,50296,Equipo - Lentitud ,Jonathan Andres Navarro Azocar,712020:a5042667-d0d7-4571-b766-9934e56fa4cb,Nicolas Prieto Camelo,712020:3f87e7d5-1b59-45ae-9674-027e748fb844,Alta,Validación del usuario,,11/ago/26 16:08,12/ago/26 15:00,
Incidente,INC-15320,50314,revisión de equipo ,Marcelo Enrique Molina Gonzalez,712020:6ff29a06-6a09-4d45-8fa6-b2455efeaf8c,Jhonny Torres N,712020:3cecf351-efbc-43f7-8cdc-ccc90034c4a0,Alta,Resuelto,,11/ago/26 16:21,12/ago/26 16:01,
Incidente S4,IS4-6390,50340,Problema en aplicación Fiori - Crear Operaciones,Cristobal Andres Miranda Gutierrez,712020:efbc482a-bc80-41e7-b2cc-70dab5293fdc,Hector Alfredo Orellana Rivero,712020:51322ecf-27cc-47e0-8b07-f5f152f5a8ba,Alta,Validación del usuario,,11/ago/26 16:43,24/ago/26 15:11,
Incidente S4,IS4-6391,50370,error al ingresar cecinas,Christian Mendez,712020:d3138b76-6aa2-432d-8832-e38d9cbf41e1,Brian Alejandro Barahona Inostroza,712020:0aceae38-fd04-4f53-a4bb-96d921892ca3,Alta,Validación del usuario,,11/ago/26 17:30,11/ago/26 19:12,
Requerimiento,REQ-2028,50374,Punto red,Italo Hernan Pinto Montoya,712020:2f3e1c92-5fc9-40db-a408-9c532c1b54b5,Leidy Tatiana León Lizcano,712020:7c332f1c-beea-4c36-850d-a4bebe955356,Media,Equipo Proveedor,,11/ago/26 17:32,12/ago/26 12:53,
Incidente,INC-15347,50410,Sin acceso a internet,Italo Hernan Pinto Montoya,712020:2f3e1c92-5fc9-40db-a408-9c532c1b54b5,Felipe Esteban Ravellos Lara,712020:34aa28de-0baa-4f2f-92d4-785379a9a54c,Alta,Resuelto,,11/ago/26 19:07,14/ago/26 10:31,
Incidente S4,IS4-6396,50426,ERROR AL SELLAR TRANSPORTE 8349044,Magda Patricia Espinosa Bustos,712020:bb2e79ad-1f51-4542-9922-ae2652bcf9dd,Exportaciones Fdra San Vicente,712020:4eba58dd-b443-4ab5-baf1-31773e25c877,Alta,Validación del usuario,,11/ago/26 21:33,11/ago/26 22:17,
Incidente S4,IS4-6397,50430,No puede recepcionar transporte,Magda Patricia Espinosa Bustos,712020:bb2e79ad-1f51-4542-9922-ae2652bcf9dd,Felipe Esteban Ravellos Lara,712020:34aa28de-0baa-4f2f-92d4-785379a9a54c,Alta,Validación del usuario,,11/ago/26 21:39,11/ago/26 23:50,
Incidente S4,IS4-6398,50432,cecina en transito,Magda Patricia Espinosa Bustos,712020:bb2e79ad-1f51-4542-9922-ae2652bcf9dd,Luis Alberto Suarez Santibañez,712020:75d3bcf8-0086-466d-93bc-deef0a7faa3b,Alta,Validación del usuario,,11/ago/26 21:41,11/ago/26 22:57,
Incidente,INC-15356,50448,RE: Se ha creado el requerimiento IS4-4861,,,Posicionamiento Fdra Lo Miranda,712020:f534fd77-b75a-4545-aec0-93c275ba83fe,Alta,Creado,,12/ago/26 02:40,12/ago/26 02:40,
Incidente S4,IS4-6401,50460,Sin folios,eyling rodriguez,712020:b143dc81-fa3d-4c22-a063-cf5a91d69ec8,despcopiapo@agrosuper.com,712020:24704e31-924f-4c02-834e-a097a4659764,Alta,Validación del usuario,,12/ago/26 03:22,24/ago/26 15:10,
Incidente,INC-15358,50462,Monitoreo - Caída de Enlace Mundo Planta Longovilo ,Felipe Andres Jeria Rodriguez,712020:f0d4df3d-4510-4e4a-be63-7258c31884e1,Bastian González M,712020:9607098c-323a-4de8-a44a-9176793df19d,Alta,Validación del usuario,,12/ago/26 03:35,14/ago/26 16:38,
Incidente,INC-15359,50464,Problemas con ingresar a cuentas SAP,Javier Alejandro Gonzalez Abarca,712020:9fc9fa65-2e7a-4d4c-9ba5-288f12754593,Cristian Fernando Gonzalez Salazar,712020:fea82959-496f-4b4f-b771-47213d3e02cd,Alta,Validación del usuario,,12/ago/26 04:27,12/ago/26 11:38,
Incidente,INC-15377,50504,Solicitud de Impresora HP,Gustavo Adolfo Fierro Morales,712020:34251f21-925f-4970-bea7-659d3ebfa34a,Cristian Fernando Gonzalez Salazar,712020:fea82959-496f-4b4f-b771-47213d3e02cd,Alta,Validación del usuario,,12/ago/26 08:23,26/ago/26 16:04,
Incidente,INC-15380,50514,RE: Se ha creado el requerimiento IS4-4861,,,Antonia Belen Fuenzalida Pena,712020:27c40a0b-6a9b-424b-97cd-e06c7e50f4a1,Alta,Creado,,12/ago/26 08:46,12/ago/26 08:46,
Incidente S4,IS4-6404,50518,RE: IS4-6279 revisar UMP 100000000046847827 para poder despachar al transporte 6679017,,,Consuelo Lyan Moreno Aguilar,712020:1c8dc022-6e71-4fa5-9834-ca4d245a3dda,Alta,Creado,,12/ago/26 08:52,12/ago/26 08:52,
Incidente,INC-15382,50524,Usuario reporta que la plataforma de producción animal no se está comunicando con el sistema de ventilación,Marcelo Enrique Molina Gonzalez,712020:6ff29a06-6a09-4d45-8fa6-b2455efeaf8c,Alejandro Enrique Gonzalez Bracho,712020:2a91d042-9782-44ad-8944-fe1523f3889d,Alta,Resuelto,,12/ago/26 08:54,13/ago/26 08:54,
Incidente,INC-15391,50564,Equipo con problemas de lentitud y problemas varios de hardware,Gustavo Adolfo Fierro Morales,712020:34251f21-925f-4970-bea7-659d3ebfa34a,Sebastian Latife,712020:523fdaee-0def-45cd-99d0-88abc4b3104d,Alta,Validación del usuario,,12/ago/26 09:34,12/ago/26 17:39,
Incidente,INC-15393,50592,Monitoreo - Problemas de espacio en disco ,Patrick Boris Abnet Muñoz  Molina,712020:ac944e1e-85dd-4869-b78d-ba8112bb7484,Evelyn Pozo M,712020:8120de32-7eac-45d7-b464-84865a422b01,Alta,Validación del usuario,,12/ago/26 10:16,12/ago/26 12:02,
Incidente,INC-15398,50612,Falla de acceso a página emeltec,Italo Hernan Pinto Montoya,712020:2f3e1c92-5fc9-40db-a408-9c532c1b54b5,Nicolas Prieto Camelo,712020:3f87e7d5-1b59-45ae-9674-027e748fb844,Alta,Validación del usuario,,12/ago/26 10:43,08/sep/26 16:44,
Incidente,INC-15400,50618,usuario no puede acceder a SAP,Javier Alejandro Gonzalez Abarca,712020:9fc9fa65-2e7a-4d4c-9ba5-288f12754593,Karoline Yised Lasso Torres,712020:172259ea-a77e-46f6-af04-a5c338f112f8,Alta,Validación del usuario,,12/ago/26 10:50,12/ago/26 11:50,
Incidente S4,IS4-6417,50620,RE: IS4-6359 UMP no se encuentra en la tabla de etiquetas,,,Diego Ignacio Fortuzzi Gonzalez,712020:6de01407-0042-48c9-96de-c4279702653a,Alta,Creado,,12/ago/26 10:51,12/ago/26 10:51,
Incidente,INC-15403,50632,RE: Se ha creado el requerimiento IS4-6418,,,Matias Ignacio Muñoz Ambiado,712020:a594d72e-f3ac-46fd-a298-cad0d9b847f7,Alta,Creado,,12/ago/26 11:10,12/ago/26 11:10,
Incidente,INC-15406,50646,USUARIOS NO PUEDEN ACCEDER A CONSOLA PRA,Alexis Andres Diaz Gutierrez,712020:3be679ea-af26-441b-8bb6-d0d2262df709,Karoline Yised Lasso Torres,712020:172259ea-a77e-46f6-af04-a5c338f112f8,Alta,Resuelto,,12/ago/26 11:33,13/ago/26 09:20,
Incidente AMS,AMS-1548,50668,6679399 NO EMITE PACKING LIST,,,Cerdos Romana,712020:e5c72413-bca1-4b6a-bd69-3cb948132839,Alta,Cancelado,,12/ago/26 12:08,13/ago/26 17:39,
Incidente,INC-15410,50674,Equipo del sector sin internet ,Francisco Dario Guzman Jimenez,712020:ca5f4f7a-9ba3-4bb0-9ee8-984c1f220411,Franco Guinez A,712020:a3795c3a-aa5f-4cea-8071-60172591b157,Alta,Resuelto,,12/ago/26 12:11,14/ago/26 17:26,
Incidente,INC-15413,50690,Usuario no puede usar la vpn,Alexis Andres Diaz Gutierrez,712020:3be679ea-af26-441b-8bb6-d0d2262df709,Franco Guinez A,712020:a3795c3a-aa5f-4cea-8071-60172591b157,Alta,Resuelto,,12/ago/26 12:35,12/ago/26 17:08,
Incidente,INC-15418,50720,Enlace Telxius se encuentra con problemas,Felipe Andres Jeria Rodriguez,712020:f0d4df3d-4510-4e4a-be63-7258c31884e1,Luis Nibaldo Bustos Arriagada,712020:164a2568-3825-4854-b34b-12934469c8eb,Alta,Validación del usuario,,12/ago/26 14:08,12/ago/26 16:51,
Incidente S4,IS4-6435,50728,RE: Información adicional Incidente IS4-6287,,,Lorna Arelis Flores Soto,712020:7b224c7d-8f2d-4eaf-a98c-3f364dd31d09,Alta,Creado,,12/ago/26 14:19,12/ago/26 14:19,
Incidente S4,IS4-6437,50752,Re: Información adicional Incidente IS4-6304,,,Juan Carlos Urbina Albornoz,712020:64ce3de9-cfa4-4c9e-95bb-a1fa67a44c21,Alta,Creado,,12/ago/26 15:08,12/ago/26 15:08,
Incidente AMS,AMS-1551,50756,Solicitud de ajuste de datos en Sistema Legacy: Regularización/Eliminación de registro de hembra en Pre-Parto (Faenada),Diego Flores,712020:314bedea-6181-4d50-97d5-e114b8742d38,Karol Dayanna Palomino Serrano,712020:e4df31f3-cc17-4db7-b128-efd436a7f3c9,Alta,Validación del usuario,,12/ago/26 15:15,12/ago/26 16:04,
Incidente S4,IS4-6438,50758,"Error al imprimir reporte de stock en SAP: ""El dispositivo hp28223 no existe""",Felipe Duran,712020:af79e742-ca83-4c13-91e8-5b24a7372f8b,Karol Dayanna Palomino Serrano,712020:e4df31f3-cc17-4db7-b128-efd436a7f3c9,Alta,Esperando por el usuario,,12/ago/26 15:18,03/sep/26 09:56,
Incidente AMS,AMS-1552,50764,AMS-1548 6679399 NO EMITE PACKING LIST,,,romana1@agrosuper.com,712020:c83b1e53-e1cf-4f1c-9f29-fde5430f1171,Alta,Cancelado,,12/ago/26 15:23,17/ago/26 13:34,
Requerimiento,REQ-2073,50768,Movimiento de Gabinete,Italo Hernan Pinto Montoya,712020:2f3e1c92-5fc9-40db-a408-9c532c1b54b5,Sebastian Latife,712020:523fdaee-0def-45cd-99d0-88abc4b3104d,Media,Equipo Proveedor,,12/ago/26 15:29,12/ago/26 16:29,
Incidente,INC-15427,50774,Problema en driver de Wifi de equipo,Fernando Esteban Fuentes Morales,712020:fe5bcc67-ea2e-4406-b5b9-58211a6e5c8b,Franco Guinez A,712020:a3795c3a-aa5f-4cea-8071-60172591b157,Alta,Validación del usuario,,12/ago/26 15:38,12/ago/26 17:01,
Incidente S4,IS4-6440,50776,"Dejar UMP en picking para poder utilizar (arroja error ""no se encuentra en base de datos"")",Felipe Duran,712020:af79e742-ca83-4c13-91e8-5b24a7372f8b,Coordinadores Despacho Frigorifico,712020:1556baec-a312-43d2-9e85-b7d809324722,Alta,Validación del usuario,,12/ago/26 15:40,24/ago/26 15:12,
Incidente,INC-15430,50794,RE: Se ha creado el requerimiento IS4-6444,,,Catalina Belen Sandoval Caro,712020:c7d9c2bf-418c-4b9f-8342-9df62124dce3,Alta,Creado,,12/ago/26 16:09,12/ago/26 16:09,
Incidente S4,IS4-6447,50804,Error al contabilizar pallets (Salida por Romana) ,Angie Espinoza,712020:d2d363d3-b9ac-47bf-923a-f89eb5887a5d,Coordinadores Despacho Frigorifico,712020:1556baec-a312-43d2-9e85-b7d809324722,Alta,Validación del usuario,,12/ago/26 16:17,12/ago/26 17:10,
Incidente AMS,AMS-1554,50808,No se estan generando los nodos del grupo 14,Sebastian Suazo,712020:6b2b9a90-6b38-4d05-ae00-17b744f21325,Nicolas Prieto Camelo,712020:3f87e7d5-1b59-45ae-9674-027e748fb844,Alta,Validación del usuario,,12/ago/26 16:22,12/ago/26 17:44,
Incidente,INC-15438,50848,Enlace Incubadora Las Arañas,Felipe Andres Jeria Rodriguez,712020:f0d4df3d-4510-4e4a-be63-7258c31884e1,Luis Nibaldo Bustos Arriagada,712020:164a2568-3825-4854-b34b-12934469c8eb,Alta,Validación del usuario,,12/ago/26 17:04,14/ago/26 16:38,
Incidente,INC-15439,50856,(1) Monitor con fallos de imagen ,Javier Alejandro Gonzalez Abarca,712020:9fc9fa65-2e7a-4d4c-9ba5-288f12754593,Erik Avello,712020:9d91180a-22c7-4d43-9eab-97c8cf49ecbf,Alta,Resuelto,,12/ago/26 17:13,13/ago/26 09:40,
Incidente,INC-15440,50858,(2) Monitor con conexión intermitente,Javier Alejandro Gonzalez Abarca,712020:9fc9fa65-2e7a-4d4c-9ba5-288f12754593,Erik Avello,712020:9d91180a-22c7-4d43-9eab-97c8cf49ecbf,Alta,Resuelto,,12/ago/26 17:13,13/ago/26 09:40,
Incidente,INC-15441,50860,(3) Monitor presenta error de pantalla,Javier Alejandro Gonzalez Abarca,712020:9fc9fa65-2e7a-4d4c-9ba5-288f12754593,Erik Avello,712020:9d91180a-22c7-4d43-9eab-97c8cf49ecbf,Alta,Resuelto,,12/ago/26 17:13,13/ago/26 09:40,
Incidente S4,IS4-6459,50878,6679399 NO EMITE PACKING LIST,Magda Patricia Espinosa Bustos,712020:bb2e79ad-1f51-4542-9922-ae2652bcf9dd,Felipe Esteban Ravellos Lara,712020:34aa28de-0baa-4f2f-92d4-785379a9a54c,Alta,Validación del usuario,,12/ago/26 17:32,12/ago/26 20:12,
Incidente,INC-15447,50884,Fallas equipo,Victor Manuel Currieco Marillan,712020:6499dafd-420b-45b4-8f3a-35c37c05a5c8,Leidy Tatiana León Lizcano,712020:7c332f1c-beea-4c36-850d-a4bebe955356,Alta,Resuelto,,12/ago/26 17:39,13/ago/26 09:03,
Incidente,INC-15452,50894,Recuperar carpeta,Victor Manuel Currieco Marillan,712020:6499dafd-420b-45b4-8f3a-35c37c05a5c8,Leidy Tatiana León Lizcano,712020:7c332f1c-beea-4c36-850d-a4bebe955356,Alta,Resuelto,,12/ago/26 18:02,25/ago/26 09:29,
Incidente S4,IS4-6461,50902,PROBLEMA CORREO CX,,,Romina De Lourdes Hernandez Manriquez,712020:4f641638-fee0-4550-bbb6-14aff9dea01c,Alta,Equipo Resolutor Asignado,,12/ago/26 18:21,17/ago/26 13:04,
Incidente S4,IS4-6463,50912,RE: IS4-6460 Contabilizar y quitar stock en almacén F 108 en centro 1802.,,,Miguel Antonio Robles Delgado,712020:a4f9c001-0c9a-4033-816c-92804107cdcd,Alta,Creado,,12/ago/26 19:37,12/ago/26 19:37,
Incidente AMS,AMS-1558,50930,"Etiquetas con status ""p""",,,Erik Avello,712020:9d91180a-22c7-4d43-9eab-97c8cf49ecbf,Alta,Cancelado,,13/ago/26 00:07,13/ago/26 17:39,
Incidente AMS,AMS-1561,50974,en la oficina de Agro America se necesita emitir una nota de crédito de empresa relacionada,,,Alejandro Enrique Gonzalez Bracho,712020:2a91d042-9782-44ad-8944-fe1523f3889d,Alta,Cancelado,,13/ago/26 08:45,13/ago/26 17:39,
Incidente,INC-15485,51042,Intermitencias y lentitud de Internet en sector Santa Teresa,Kevin Alexis Maldonado Muñoz,712020:c8eacfb5-650a-4c88-857f-2414a8f12044,Benjamín Reyes Aravena,712020:69f5cef6-164b-4af6-9971-75c05d019041,Alta,Validación del usuario,,13/ago/26 09:55,14/ago/26 10:52,
Incidente,INC-15488,51050,dispositivos CONECTATE no están enviando información,Marcelo Enrique Molina Gonzalez,712020:6ff29a06-6a09-4d45-8fa6-b2455efeaf8c,Alejandro Enrique Gonzalez Bracho,712020:2a91d042-9782-44ad-8944-fe1523f3889d,Alta,Resuelto,,13/ago/26 10:11,13/ago/26 16:46,
Incidente,INC-15489,51056, equipo de Ventilación ubicado en la Oficina principal no está enviando datos a Tecnoandina,Marcelo Enrique Molina Gonzalez,712020:6ff29a06-6a09-4d45-8fa6-b2455efeaf8c,Alejandro Enrique Gonzalez Bracho,712020:2a91d042-9782-44ad-8944-fe1523f3889d,Alta,Resuelto,,13/ago/26 10:17,13/ago/26 16:46,
Incidente,INC-15490,51060,Problema de inicio equipo movil,Victor Manuel Currieco Marillan,712020:6499dafd-420b-45b4-8f3a-35c37c05a5c8,Sebastian Latife,712020:523fdaee-0def-45cd-99d0-88abc4b3104d,Alta,Resuelto,,13/ago/26 10:20,20/ago/26 18:45,
Incidente,INC-15492,51066,programa de Ventilación se cierra inesperadamente,Marcelo Enrique Molina Gonzalez,712020:6ff29a06-6a09-4d45-8fa6-b2455efeaf8c,Alejandro Enrique Gonzalez Bracho,712020:2a91d042-9782-44ad-8944-fe1523f3889d,Alta,Resuelto,,13/ago/26 10:23,13/ago/26 16:45,
Incidente S4,IS4-6485,51118,Error ABAP ,LUZ ADRIANA CORREDOR GARCIA,712020:c4cdd827-d310-4562-a053-e021cad8b4d8,Karoline Yised Lasso Torres,712020:172259ea-a77e-46f6-af04-a5c338f112f8,Alta,Validación del usuario,,13/ago/26 12:05,13/ago/26 13:29,
Incidente S4,IS4-6487,51138, impresión de guia,Felipe Duran,712020:af79e742-ca83-4c13-91e8-5b24a7372f8b,Leonel Gaspar Barrueto Viveros,712020:f014465a-c360-4b20-9db5-f1e0a45a2551,Alta,Validación del usuario,,13/ago/26 12:42,13/ago/26 14:06,
Incidente,INC-15504,51142,Problema con archivos en Sharepoint y Onedrive,Jacinth Andrew Cordova Marcano,712020:2cbd7839-f70b-4079-a0ca-3c26f66080aa,Sebastian Latife,712020:523fdaee-0def-45cd-99d0-88abc4b3104d,Alta,Resuelto,,13/ago/26 12:58,18/ago/26 10:43,
Incidente,INC-15505,51144,Usuario presenta problemas para ingresar a la plataforma desde computador de administración https://produccionenlinea.agrosuper.cl,Kevin Alexis Maldonado Muñoz,712020:c8eacfb5-650a-4c88-857f-2414a8f12044,Alejandro Enrique Gonzalez Bracho,712020:2a91d042-9782-44ad-8944-fe1523f3889d,Alta,Validación del usuario,,13/ago/26 13:01,13/ago/26 17:40,
Incidente AMS,AMS-1566,51152,marcar peso y fertilidad ,Claudio Salamanca,6316239d3310c2492b5b2c5f,Jhonny Torres N,712020:3cecf351-efbc-43f7-8cdc-ccc90034c4a0,Alta,Validación del usuario,,13/ago/26 13:09,13/ago/26 17:38,
Incidente S4,IS4-6488,51166,Lentitud en transacción ,,,Evelyn Pozo M,712020:8120de32-7eac-45d7-b464-84865a422b01,Alta,Equipo Resolutor Asignado,,13/ago/26 13:50,27/ago/26 17:15,
Incidente,INC-15512,51168,Error de distribución de carga 88,Italo Hernan Pinto Montoya,712020:2f3e1c92-5fc9-40db-a408-9c532c1b54b5,Benjamín Reyes Aravena,712020:69f5cef6-164b-4af6-9971-75c05d019041,Alta,Validación del usuario,,13/ago/26 13:53,13/ago/26 17:57,
Incidente,INC-15513,51170,Enlace Sucursal Huechuraba GTD,Felipe Andres Jeria Rodriguez,712020:f0d4df3d-4510-4e4a-be63-7258c31884e1,Luis Nibaldo Bustos Arriagada,712020:164a2568-3825-4854-b34b-12934469c8eb,Alta,Validación del usuario,,13/ago/26 13:55,14/ago/26 16:38,
Requerimiento,REQ-2120,51178,Llamado de consulta,Jhonny Torres N,712020:3cecf351-efbc-43f7-8cdc-ccc90034c4a0,Jhonny Torres N,712020:3cecf351-efbc-43f7-8cdc-ccc90034c4a0,Media,Revisión del N1,,13/ago/26 14:17,13/ago/26 14:20,
Incidente,INC-15525,51210,RE: Se ha creado el requerimiento IS4-6492,,,Dayana Morelia Blanco Rodriguez,712020:f5b6ff6b-1455-4213-8909-a9d3e34d3aeb,Alta,Creado,,13/ago/26 15:01,13/ago/26 15:01,
Incidente,INC-15526,51212,RE: Se ha creado el requerimiento IS4-6492,,,Dayana Morelia Blanco Rodriguez,712020:f5b6ff6b-1455-4213-8909-a9d3e34d3aeb,Alta,Creado,,13/ago/26 15:01,13/ago/26 15:01,
Incidente,INC-15527,51214,RE: Se ha creado el requerimiento IS4-6492,,,Dayana Morelia Blanco Rodriguez,712020:f5b6ff6b-1455-4213-8909-a9d3e34d3aeb,Alta,Creado,,13/ago/26 15:01,13/ago/26 15:01,
Incidente,INC-15528,51216,RE: Se ha creado el requerimiento IS4-6492,,,Dayana Morelia Blanco Rodriguez,712020:f5b6ff6b-1455-4213-8909-a9d3e34d3aeb,Alta,Creado,,13/ago/26 15:01,13/ago/26 15:01,
Incidente,INC-15529,51218,RE: Se ha creado el requerimiento IS4-6492,,,Dayana Morelia Blanco Rodriguez,712020:f5b6ff6b-1455-4213-8909-a9d3e34d3aeb,Alta,Creado,,13/ago/26 15:01,13/ago/26 15:01,
Incidente,INC-15530,51220,RE: Se ha creado el requerimiento IS4-6492,,,Dayana Morelia Blanco Rodriguez,712020:f5b6ff6b-1455-4213-8909-a9d3e34d3aeb,Alta,Creado,,13/ago/26 15:01,13/ago/26 15:01,
Incidente,INC-15531,51222,RE: Se ha creado el requerimiento IS4-6492,,,Dayana Morelia Blanco Rodriguez,712020:f5b6ff6b-1455-4213-8909-a9d3e34d3aeb,Alta,Creado,,13/ago/26 15:01,13/ago/26 15:01,
Incidente,INC-15532,51224,RE: Se ha creado el requerimiento IS4-6492,,,Dayana Morelia Blanco Rodriguez,712020:f5b6ff6b-1455-4213-8909-a9d3e34d3aeb,Alta,Creado,,13/ago/26 15:01,13/ago/26 15:01,
Incidente,INC-15533,51226,RE: Se ha creado el requerimiento IS4-6492,,,Dayana Morelia Blanco Rodriguez,712020:f5b6ff6b-1455-4213-8909-a9d3e34d3aeb,Alta,Creado,,13/ago/26 15:01,13/ago/26 15:01,
Requerimiento,REQ-2131,51264,Usuaria requiere ticket para solicitud de ambientes,Karoline Yised Lasso Torres,712020:172259ea-a77e-46f6-af04-a5c338f112f8,Karoline Yised Lasso Torres,712020:172259ea-a77e-46f6-af04-a5c338f112f8,Media,Revisión del N1,,13/ago/26 15:50,21/ago/26 09:04,
Incidente S4,IS4-6494,51272,RE: Información adicional Incidente IS4-6322,,,Elias Bastian Quinchavil Melillan,712020:2faf89a6-788f-4eef-9d63-b54d7810f0ed,Alta,Creado,,13/ago/26 16:00,13/ago/26 16:00,
Incidente,INC-15545,51280,Error al ingresar a MiInfoTI y ausencia de opción para actualizar SAP,Victor Manuel Currieco Marillan,712020:6499dafd-420b-45b4-8f3a-35c37c05a5c8,Benjamín Reyes Aravena,712020:69f5cef6-164b-4af6-9971-75c05d019041,Alta,Resuelto,,13/ago/26 16:02,14/ago/26 09:50,
Incidente,INC-15547,51290,Lentitud excesiva en equipo,Jonathan Andres Navarro Azocar,712020:a5042667-d0d7-4571-b766-9934e56fa4cb,Benjamín Reyes Aravena,712020:69f5cef6-164b-4af6-9971-75c05d019041,Alta,Validación del usuario,,13/ago/26 16:10,17/ago/26 09:21,
Incidente AMS,AMS-1568,51296,Modificación de Guia,Brayan Dario Guarnizo Celis,712020:3e04b4d9-d3d5-460e-8c1e-71260f00b901,Evelyn Pozo M,712020:8120de32-7eac-45d7-b464-84865a422b01,Alta,Validación del usuario,,13/ago/26 16:13,09/sep/26 18:19,
Incidente,INC-15552,51318,Sucursal Iquique,Felipe Andres Jeria Rodriguez,712020:f0d4df3d-4510-4e4a-be63-7258c31884e1,Luis Nibaldo Bustos Arriagada,712020:164a2568-3825-4854-b34b-12934469c8eb,Alta,Validación del usuario,,13/ago/26 16:33,14/ago/26 16:38,
Incidente S4,IS4-6499,51348,ingresar transporte a stock,Magda Patricia Espinosa Bustos,712020:bb2e79ad-1f51-4542-9922-ae2652bcf9dd,Orlando Aly Romero Garcia,712020:30fab499-6205-48c8-ae77-5de7da5bdfcb,Alta,Validación del usuario,,13/ago/26 17:04,13/ago/26 19:41,
Incidente,INC-15559,51352,Problemas con buzón de correo,DANILO ESTEBAN Rodriguez Leiva,637297188fd2d2d5f12bc7aa,Erik Avello,712020:9d91180a-22c7-4d43-9eab-97c8cf49ecbf,Alta,Validación del usuario,,13/ago/26 17:05,14/ago/26 23:09,
Incidente S4,IS4-6500,51354,Liberar pallets entrega 1900178653  /  transporte 6679632 /,Magda Patricia Espinosa Bustos,712020:bb2e79ad-1f51-4542-9922-ae2652bcf9dd,Despacho Fdra_Rosario,712020:1965919a-9994-4a71-b0ab-9e1a6739e0ef,Alta,Validación del usuario,,13/ago/26 17:07,13/ago/26 23:24,
Incidente S4,IS4-6502,51364,material en transito después de recepcion,LUZ ADRIANA CORREDOR GARCIA,712020:c4cdd827-d310-4562-a053-e021cad8b4d8,Despacho Chillan,712020:f76cc121-1e8c-4338-b90e-8d2f8baa91ba,Alta,Validación del usuario,,13/ago/26 17:17,13/ago/26 17:58,
Incidente S4,IS4-6503,51366,Cliente nuevo sin FRECUENCIA E INTERLOCUTORES,,,Romina De Lourdes Hernandez Manriquez,712020:4f641638-fee0-4550-bbb6-14aff9dea01c,Alta,Equipo Resolutor Asignado,,13/ago/26 17:19,17/ago/26 13:02,
Incidente S4,IS4-6508,51410,CECINA EN TRÁNSITO - TICKET SOFTECK,Magda Patricia Espinosa Bustos,712020:bb2e79ad-1f51-4542-9922-ae2652bcf9dd,Matias Fabian Muñoz Mariqueo,712020:da1490a0-d097-488b-bff7-672b0c78f4ac,Alta,Validación del usuario,,13/ago/26 19:45,14/ago/26 01:22,
Incidente S4,IS4-6509,51412,ingresar transporte a stock,Magda Patricia Espinosa Bustos,712020:bb2e79ad-1f51-4542-9922-ae2652bcf9dd,Orlando Aly Romero Garcia,712020:30fab499-6205-48c8-ae77-5de7da5bdfcb,Alta,Validación del usuario,,13/ago/26 19:51,14/ago/26 01:27,
Requerimiento,REQ-2149,51418,Consulta ticket is4-6500,Erik Avello,712020:9d91180a-22c7-4d43-9eab-97c8cf49ecbf,Erik Avello,712020:9d91180a-22c7-4d43-9eab-97c8cf49ecbf,Media,Revisión del N1,,13/ago/26 21:11,13/ago/26 21:29,
Incidente S4,IS4-6510,51420,RE: Respaldo Pedido -Pollo-Cerdo-Elaborados-Salmon-Pavo.  Programa  13-08-2026 / 6679632 D&S / Ticket / contabilización al emitir guía ,,,Despacho Fdra_Rosario,712020:1965919a-9994-4a71-b0ab-9e1a6739e0ef,Alta,Creado,,13/ago/26 21:23,13/ago/26 21:23,
Incidente AMS,AMS-1572,51434,Problema en guias,,,Leidy Tatiana León Lizcano,712020:7c332f1c-beea-4c36-850d-a4bebe955356,Alta,Cancelado,,14/ago/26 00:24,17/ago/26 13:34,
Incidente S4,IS4-6513,51438,"WK Stock en tránsito por debajo de 73,920 KG :1100770 T101",eyling rodriguez,712020:b143dc81-fa3d-4c22-a063-cf5a91d69ec8,Sebastian Eduardo Angel Ramirez Mancilla,712020:5e99d76c-b6c8-4ff1-884f-15945ec42017,Alta,Validación del usuario,,14/ago/26 01:09,14/ago/26 02:42,
Incidente S4,IS4-6514,51446,Liberar pallet de transporte 70176924,eyling rodriguez,712020:b143dc81-fa3d-4c22-a063-cf5a91d69ec8,Despacho Fdra_Rosario,712020:1965919a-9994-4a71-b0ab-9e1a6739e0ef,Alta,Validación del usuario,,14/ago/26 06:30,24/ago/26 15:13,
Incidente,INC-15579,51450,Lentitud al emitir guías de despacho,Jorge Arnaldo Quiroz Olmos,712020:4e6376c9-f6d2-4bc4-b833-100074be9526,Cristian Fernando Gonzalez Salazar,712020:fea82959-496f-4b4f-b771-47213d3e02cd,Alta,Validación del usuario,,14/ago/26 07:26,01/sep/26 10:40,
Incidente S4,IS4-6516,51466,RE: IS4-5875 Homologación Cuenta SAP,,,Pilar Andrea Caceres Valdes,712020:27436a1a-323f-4c6e-a1e7-e767f9fd4b7d,Alta,Creado,,14/ago/26 08:00,14/ago/26 08:00,
Incidente,INC-15592,51492,problemas HMI,Guillermo Andres Benavides  Farias,712020:fb05db58-0e87-4d5f-b8ef-019907a66fdc,Jhonny Torres N,712020:3cecf351-efbc-43f7-8cdc-ccc90034c4a0,Alta,Validación del usuario,,14/ago/26 08:35,14/ago/26 16:36,
Incidente AMS,AMS-1578,51538,Conéctate - no cayeron guías de alimentos,,,Nicolas Prieto Camelo,712020:3f87e7d5-1b59-45ae-9674-027e748fb844,Alta,Cancelado,,14/ago/26 09:32,18/ago/26 15:51,
Incidente,INC-15608,51566,Sistema de producción - falla con la aplicación ,Benjamin Nicolas Vidal Caroca,712020:2062d08e-0238-40d5-a11c-67396d81019b,Nicolas Prieto Camelo,712020:3f87e7d5-1b59-45ae-9674-027e748fb844,Alta,Validación del usuario,,14/ago/26 10:14,14/ago/26 11:37,
Incidente,INC-15611,51580,sector con intermitencias.,Felipe Andres Jeria Rodriguez,712020:f0d4df3d-4510-4e4a-be63-7258c31884e1,Jhonny Torres N,712020:3cecf351-efbc-43f7-8cdc-ccc90034c4a0,Alta,Validación del usuario,,14/ago/26 10:41,26/ago/26 17:20,
Incidente AMS,AMS-1579,51592,revision crianza web,,,Nicolas Prieto Camelo,712020:3f87e7d5-1b59-45ae-9674-027e748fb844,Alta,Cancelado,,14/ago/26 10:58,18/ago/26 15:52,
Incidente,INC-15629,51660,PROBLEMAS DE CONVERGENCIA DE ADMINISTRACION POWER8,,,Jacinth Andrew Cordova Marcano,712020:2cbd7839-f70b-4079-a0ca-3c26f66080aa,Alta,Creado,,14/ago/26 13:24,14/ago/26 13:24,
Requerimiento,REQ-2182,51705,Usuario solicita la instalación de AutoCAD 2026,Gustavo Adolfo Fierro Morales,712020:34251f21-925f-4970-bea7-659d3ebfa34a,Alejandro Enrique Gonzalez Bracho,712020:2a91d042-9782-44ad-8944-fe1523f3889d,Media,Subtarea N1,,14/ago/26 14:33,08/sep/26 14:09,
Incidente,INC-15641,51707,Problema con correo electrónico,Fernando Esteban Fuentes Morales,712020:fe5bcc67-ea2e-4406-b5b9-58211a6e5c8b,Sebastian Latife,712020:523fdaee-0def-45cd-99d0-88abc4b3104d,Alta,Validación del usuario,,14/ago/26 14:37,14/ago/26 16:29,
Incidente S4,IS4-6534,51713,Problemas en CX,,,Jhonny Torres N,712020:3cecf351-efbc-43f7-8cdc-ccc90034c4a0,Alta,Equipo Resolutor Asignado,,14/ago/26 14:49,17/ago/26 13:01,
Incidente,INC-15645,51727,RE: Se ha creado el requerimiento IS4-6480,,,Luis Guillermo Araya Olave,712020:da8fc56c-3cb2-4c05-9e26-3e1970d7310b,Alta,Creado,,14/ago/26 15:23,14/ago/26 15:23,
Incidente,INC-15647,51731,Problemas con equipo,Jonathan Andres Navarro Azocar,712020:a5042667-d0d7-4571-b766-9934e56fa4cb,Evelyn Pozo M,712020:8120de32-7eac-45d7-b464-84865a422b01,Alta,Validación del usuario,,14/ago/26 15:42,17/ago/26 09:26,
Incidente S4,IS4-6537,51735,CRUCE DE MATERIALES,LUZ ADRIANA CORREDOR GARCIA,712020:c4cdd827-d310-4562-a053-e021cad8b4d8,Maria Ines Latorre Alvarez,712020:794c083e-6b78-4dde-aac6-a319506bb9cb,Alta,Validación del usuario,,14/ago/26 15:44,14/ago/26 17:17,
Incidente,INC-15651,51743,Usuario sin licencia de office 365 (E1),Guillermo Andres Benavides  Farias,712020:fb05db58-0e87-4d5f-b8ef-019907a66fdc,Nicolas Prieto Camelo,712020:3f87e7d5-1b59-45ae-9674-027e748fb844,Alta,Validación del usuario,,14/ago/26 15:57,14/ago/26 16:36,
Incidente S4,IS4-6538,51755,cajas en statu P,Felipe Duran,712020:af79e742-ca83-4c13-91e8-5b24a7372f8b,Jesus Alberto Castro Orellana,712020:7bb8bf0b-19b9-49b3-9096-72b07bc9c56c,Alta,Validación del usuario,,14/ago/26 16:16,14/ago/26 17:05,
Incidente AMS,AMS-1580,51757,estimados favor dejar ump 100000000046876517 en planta p029 a libre dispocicion  ,,,Coordinadores de Despacho,712020:986220e7-3e6e-41d9-aea3-c2226f535cdf,Alta,Cancelado,,14/ago/26 16:18,19/ago/26 11:44,
Incidente,INC-15654,51767,RE: Se ha creado el requerimiento IS4-6540,,,Elias Bastian Quinchavil Melillan,712020:2faf89a6-788f-4eef-9d63-b54d7810f0ed,Alta,Creado,,14/ago/26 16:28,14/ago/26 16:28,
Incidente,INC-15655,51769,RE: Se ha creado el requerimiento IS4-6539,,,Elias Bastian Quinchavil Melillan,712020:2faf89a6-788f-4eef-9d63-b54d7810f0ed,Alta,Creado,,14/ago/26 16:28,14/ago/26 16:28,
Incidente AMS,AMS-1582,51783,Guías erróneas en La Esmeralda – Error CR223,,,Benjamín Reyes Aravena,712020:69f5cef6-164b-4af6-9971-75c05d019041,Alta,Cancelado,,14/ago/26 16:44,14/ago/26 17:18,
Incidente,INC-15660,51785,Recuperación de archivo altiris,Robinson Andres Videla  Marcos,712020:696d21be-29f2-4ac2-b1ad-5e35d3b9ca39,Erik Avello,712020:9d91180a-22c7-4d43-9eab-97c8cf49ecbf,Alta,Resuelto,,14/ago/26 16:46,14/ago/26 17:30,
Incidente,INC-15661,51789,RE: Se ha creado el requerimiento IS4-6540,,,Felipe Andres Delcastillo Sobarzo,712020:5ab89995-2112-4d7f-88a9-05d7b038575d,Alta,Creado,,14/ago/26 16:59,14/ago/26 16:59,
Incidente,INC-15663,51799,Recuperar: Se ha creado el requerimiento IS4-6540,,,Felipe Andres Delcastillo Sobarzo,712020:5ab89995-2112-4d7f-88a9-05d7b038575d,Alta,Creado,,14/ago/26 17:01,14/ago/26 17:01,
Incidente S4,IS4-6544,51805,Guías erróneas en La Esmeralda – Error CR223,Tyrone Francisco Mendez Ortiz,712020:5f7ffc9d-bbc9-4c28-ae28-dc5ffaf98809,Felipe Esteban Ravellos Lara,712020:34aa28de-0baa-4f2f-92d4-785379a9a54c,Alta,Validación del usuario,,14/ago/26 17:06,25/ago/26 14:38,
Incidente S4,IS4-6549,51835,estimados favor dejar ump 100000000046876517 en planta p029 a libre dispocicion,Magda Patricia Espinosa Bustos,712020:bb2e79ad-1f51-4542-9922-ae2652bcf9dd,Erik Avello,712020:9d91180a-22c7-4d43-9eab-97c8cf49ecbf,Alta,Validación del usuario,,14/ago/26 20:03,14/ago/26 20:20,
Incidente,INC-15677,51849,Monitoreo - caida masiva de sectores de CS,Felipe Andres Jeria Rodriguez,712020:f0d4df3d-4510-4e4a-be63-7258c31884e1,Franco Guinez A,712020:a3795c3a-aa5f-4cea-8071-60172591b157,Alta,Validación del usuario,,15/ago/26 00:42,15/ago/26 12:57,
Incidente,INC-15679,51853,Monitoreo - Sucursal Iquique caida,Felipe Andres Jeria Rodriguez,712020:f0d4df3d-4510-4e4a-be63-7258c31884e1,Franco Guinez A,712020:a3795c3a-aa5f-4cea-8071-60172591b157,Alta,Validación del usuario,,15/ago/26 02:15,16/ago/26 09:56,
Incidente,INC-15687,51869,fallas con el teléfono de area,Marcelo Enrique Molina Gonzalez,712020:6ff29a06-6a09-4d45-8fa6-b2455efeaf8c,Karoline Yised Lasso Torres,712020:172259ea-a77e-46f6-af04-a5c338f112f8,Alta,Resuelto,,15/ago/26 10:29,17/ago/26 16:27,
Incidente,INC-15691,51883,[Monitoreo] - Caída masiva de proveedor CS,Felipe Andres Jeria Rodriguez,712020:f0d4df3d-4510-4e4a-be63-7258c31884e1,Jhonny Torres N,712020:3cecf351-efbc-43f7-8cdc-ccc90034c4a0,Alta,Validación del usuario,,15/ago/26 15:07,16/ago/26 09:55,
Incidente S4,IS4-6550,51927,PROBLEMA AL RECIBIR TRANSPORTE SAN PABLO ,ext_mcorrea_softtek@agrosuper.com,712020:5323166f-ed94-4acc-a23b-f7f9110326f4,Despacho Punta Arenas,712020:456e7a00-988e-4cbb-86c5-fbb0ea0403b2,Alta,Validación del usuario,,17/ago/26 00:46,17/ago/26 01:57,
Incidente,INC-15713,51943,Problema conexión wifi despacho,Felipe Andres Jeria Rodriguez,712020:f0d4df3d-4510-4e4a-be63-7258c31884e1,Sebastian Latife,712020:523fdaee-0def-45cd-99d0-88abc4b3104d,Alta,Validación del usuario,,17/ago/26 02:00,18/ago/26 12:50,
Incidente,INC-15730,51995,equipo no enciende,Gustavo Adolfo Fierro Morales,712020:34251f21-925f-4970-bea7-659d3ebfa34a,Erik Avello,712020:9d91180a-22c7-4d43-9eab-97c8cf49ecbf,Alta,Validación del usuario,,17/ago/26 08:37,17/ago/26 16:41,
Incidente,INC-15744,52051,Problemas impresora HP,Gustavo Adolfo Fierro Morales,712020:34251f21-925f-4970-bea7-659d3ebfa34a,Endy Villasmil,712020:de760acd-5b27-4fc2-a4ea-e31854338f83,Alta,Validación del usuario,,17/ago/26 09:19,17/ago/26 12:29,
Incidente AMS,AMS-1589,52053,Imprimir etiquetas,,,Leidy Tatiana León Lizcano,712020:7c332f1c-beea-4c36-850d-a4bebe955356,Alta,Cancelado,,17/ago/26 09:20,18/ago/26 09:51,
Incidente,INC-15745,52055,Antena de conectate caida,Victor Mauricio Vera Nuñez,712020:46155656-0657-4144-9fa4-ba01a5c2fdf8,Franco Guinez A,712020:a3795c3a-aa5f-4cea-8071-60172591b157,Alta,Validación del usuario,,17/ago/26 09:21,25/ago/26 12:46,
Incidente S4,IS4-6559,52059,"se necesitan eliminar OC, para que no aparescan en bandeja de Kelly Perez, dado que doc se bloquean y siguen pendientes de aprobacion",LUZ ADRIANA CORREDOR GARCIA,712020:c4cdd827-d310-4562-a053-e021cad8b4d8,Paulo Ignacio Llanos Yañez,712020:ca507367-a101-4ea2-b1c6-591e101c9efe,Alta,Validación del usuario,,17/ago/26 09:24,17/ago/26 16:33,
Incidente,INC-15761,52125,Enlace GTD Lo Espejo,Felipe Andres Jeria Rodriguez,712020:f0d4df3d-4510-4e4a-be63-7258c31884e1,Luis Nibaldo Bustos Arriagada,712020:164a2568-3825-4854-b34b-12934469c8eb,Alta,Validación del usuario,,17/ago/26 10:19,17/ago/26 15:23,
Incidente AMS,AMS-1593,52127,Problema en guias,,,Leidy Tatiana León Lizcano,712020:7c332f1c-beea-4c36-850d-a4bebe955356,Alta,Cancelado,,17/ago/26 10:21,18/ago/26 09:51,
Incidente,INC-15771,52179,Ingreso erróneo a suite de microsoft,DANILO ESTEBAN Rodriguez Leiva,637297188fd2d2d5f12bc7aa,Erik Avello,712020:9d91180a-22c7-4d43-9eab-97c8cf49ecbf,Alta,Validación del usuario,,17/ago/26 10:54,17/ago/26 12:02,
Incidente S4,IS4-6566,52195,Error en transaccion ,Angie Espinoza,712020:d2d363d3-b9ac-47bf-923a-f89eb5887a5d,Franco Guinez A,712020:a3795c3a-aa5f-4cea-8071-60172591b157,Alta,Diagnostico/Validación Inicial,,17/ago/26 11:06,09/sep/26 12:24,
Incidente S4,IS4-6567,52207,RE: IS4-6475 Problema de partición de entregas en facturacion,,,Matias Fernando Miranda Montero,712020:1f1f763f-07cf-41f3-a908-7bd2b8e04fb7,Alta,Creado,,17/ago/26 11:22,17/ago/26 11:22,
Incidente S4,IS4-6568,52209,No se puede Imprimir etiquetas,,,Franco Guinez A,712020:a3795c3a-aa5f-4cea-8071-60172591b157,Alta,Equipo Resolutor Asignado,,17/ago/26 11:22,21/ago/26 15:31,
Incidente,INC-15778,52215,Error en SAP,Victor Mauricio Vera Nuñez,712020:46155656-0657-4144-9fa4-ba01a5c2fdf8,Leidy Tatiana León Lizcano,712020:7c332f1c-beea-4c36-850d-a4bebe955356,Alta,Validación del usuario,,17/ago/26 11:25,08/sep/26 15:04,
Incidente,INC-15784,52231,Problema al desbloquear el telefono ,Gustavo Adolfo Fierro Morales,712020:34251f21-925f-4970-bea7-659d3ebfa34a,Franco Guinez A,712020:a3795c3a-aa5f-4cea-8071-60172591b157,Alta,Validación del usuario,,17/ago/26 11:36,17/ago/26 16:20,
Requerimiento,REQ-2239,52235,llamada de consulta,Erik Avello,712020:9d91180a-22c7-4d43-9eab-97c8cf49ecbf,Erik Avello,712020:9d91180a-22c7-4d43-9eab-97c8cf49ecbf,Media,Revisión del N1,,17/ago/26 11:38,17/ago/26 15:57,
Incidente S4,IS4-6571,52237,LIBERAR TRANSPORTE ,Felipe Duran,712020:af79e742-ca83-4c13-91e8-5b24a7372f8b,Frigorifico San Antonio,712020:2b849152-181b-456d-8eaf-9dc44408f9da,Alta,Validación del usuario,,17/ago/26 11:39,24/ago/26 15:39,
Incidente,INC-15787,52241,Falta de teclas en equipo,Benjamin Nicolas Vidal Caroca,712020:2062d08e-0238-40d5-a11c-67396d81019b,Franco Guinez A,712020:a3795c3a-aa5f-4cea-8071-60172591b157,Alta,Validación del usuario,,17/ago/26 11:41,18/ago/26 07:34,
Incidente AMS,AMS-1596,52259,PROBLEMA DE NODOS,Sebastian Suazo,712020:6b2b9a90-6b38-4d05-ae00-17b744f21325,Ivette Sepulveda B,712020:563aa2d0-0127-4b79-a108-c061e76eb239,Alta,Validación del usuario,,17/ago/26 12:19,17/ago/26 12:42,
Incidente,INC-15796,52283,Monitor sin imagen,Marcelo Enrique Molina Gonzalez,712020:6ff29a06-6a09-4d45-8fa6-b2455efeaf8c,Erik Avello,712020:9d91180a-22c7-4d43-9eab-97c8cf49ecbf,Alta,Resuelto,,17/ago/26 12:49,17/ago/26 16:26,
Incidente,INC-15799,52303,usuaria sin acceso a windows,Gustavo Adolfo Fierro Morales,712020:34251f21-925f-4970-bea7-659d3ebfa34a,Erik Avello,712020:9d91180a-22c7-4d43-9eab-97c8cf49ecbf,Alta,Validación del usuario,,17/ago/26 13:09,18/ago/26 15:35,
Incidente,INC-15802,52323,Cambio de Numero en MFA,DANILO ESTEBAN Rodriguez Leiva,637297188fd2d2d5f12bc7aa,Franco Guinez A,712020:a3795c3a-aa5f-4cea-8071-60172591b157,Alta,Validación del usuario,,17/ago/26 13:30,17/ago/26 14:17,
Incidente,INC-15807,52337,problemas con cable de red ,Victor Mauricio Vera Nuñez,712020:46155656-0657-4144-9fa4-ba01a5c2fdf8,Jhonny Torres N,712020:3cecf351-efbc-43f7-8cdc-ccc90034c4a0,Alta,Validación del usuario,,17/ago/26 13:56,24/ago/26 09:35,
Incidente,INC-15809,52349,Teléfono de área  sin señal ,Jonathan Andres Navarro Azocar,712020:a5042667-d0d7-4571-b766-9934e56fa4cb,Felipe Esteban Ravellos Lara,712020:34aa28de-0baa-4f2f-92d4-785379a9a54c,Alta,Validación del usuario,,17/ago/26 14:05,17/ago/26 16:19,
Requerimiento,REQ-2260,52363,Llamado de consulta,Jhonny Torres N,712020:3cecf351-efbc-43f7-8cdc-ccc90034c4a0,Jhonny Torres N,712020:3cecf351-efbc-43f7-8cdc-ccc90034c4a0,Media,Revisión del N1,,17/ago/26 14:29,17/ago/26 14:55,
Incidente,INC-15821,52419,Impresora con problemas en bandejas,Marcelo Enrique Molina Gonzalez,712020:6ff29a06-6a09-4d45-8fa6-b2455efeaf8c,Jhonny Torres N,712020:3cecf351-efbc-43f7-8cdc-ccc90034c4a0,Alta,Resuelto,,17/ago/26 15:20,21/ago/26 12:02,
Requerimiento,REQ-2277,52421,Re: Recordatorio validación requerida REQ-2026,,,Matias Alejandro Chavarria Araya,712020:67809edb-e5bd-43dd-ac6a-905ae83b9d4c,Media,Solicitud Recibida,,17/ago/26 15:20,17/ago/26 15:20,
Incidente,INC-15823,52427,placa dañada ,Marcelo Enrique Molina Gonzalez,712020:6ff29a06-6a09-4d45-8fa6-b2455efeaf8c,Jhonny Torres N,712020:3cecf351-efbc-43f7-8cdc-ccc90034c4a0,Alta,Resuelto,,17/ago/26 15:21,21/ago/26 12:02,
Requerimiento,REQ-2281,52447,asignar ip para wifi Valdivia,Victor Mauricio Vera Nuñez,712020:46155656-0657-4144-9fa4-ba01a5c2fdf8,Erik Avello,712020:9d91180a-22c7-4d43-9eab-97c8cf49ecbf,Media,Validación de requisitos,,17/ago/26 15:43,17/ago/26 15:53,
Incidente S4,IS4-6589,52449,Error RPA ,Luis Emanuel Arellano Castro,712020:85de1ce8-3c37-418f-a95d-efabd4c1641f,Felipe Esteban Ravellos Lara,712020:34aa28de-0baa-4f2f-92d4-785379a9a54c,Alta,Validación del usuario,,17/ago/26 15:45,25/ago/26 16:25,
Incidente,INC-15834,52469,Problemas con página Tecno Andina,Benjamin Nicolas Schwalm Jara,712020:7762ff16-6b68-4f6f-a0ad-2b1b9a40b257,Felipe Esteban Ravellos Lara,712020:34aa28de-0baa-4f2f-92d4-785379a9a54c,Alta,Resuelto,,17/ago/26 16:01,26/ago/26 15:15,
Incidente,INC-15836,52505,Programa de ventilacion no abre ,Marcelo Enrique Molina Gonzalez,712020:6ff29a06-6a09-4d45-8fa6-b2455efeaf8c,Franco Guinez A,712020:a3795c3a-aa5f-4cea-8071-60172591b157,Alta,Validación del usuario,,17/ago/26 16:22,18/ago/26 10:26,
Incidente,INC-15837,52507,Sistema de ventilacion no funcion,Marcelo Enrique Molina Gonzalez,712020:6ff29a06-6a09-4d45-8fa6-b2455efeaf8c,Franco Guinez A,712020:a3795c3a-aa5f-4cea-8071-60172591b157,Alta,Resuelto,,17/ago/26 16:23,18/ago/26 09:54,
Incidente,INC-15842,52529,RE: Se ha creado el requerimiento IS4-6035,,,Gabriel Enrique Rodriguez Gonzalez,712020:474d0df0-d6ce-417b-9400-709430399d70,Alta,Creado,,17/ago/26 16:35,17/ago/26 16:35,
Requerimiento,REQ-2299,52535,Llamado de consulta,Jhonny Torres N,712020:3cecf351-efbc-43f7-8cdc-ccc90034c4a0,Jhonny Torres N,712020:3cecf351-efbc-43f7-8cdc-ccc90034c4a0,Media,Revisión del N1,,17/ago/26 16:38,17/ago/26 17:48,
Incidente S4,IS4-6595,52543,Stock transito pendiente sin recepcionar,Magda Patricia Espinosa Bustos,712020:bb2e79ad-1f51-4542-9922-ae2652bcf9dd,Rodrigo Andres Montecinos Vera,712020:08c96e90-fec9-4545-b960-894965a70735,Alta,Validación del usuario,,17/ago/26 16:43,20/ago/26 14:46,
Requerimiento,REQ-2311,52569,CONEXION DE ALTIRIS,Ivette Sepulveda B,712020:563aa2d0-0127-4b79-a108-c061e76eb239,Ivette Sepulveda B,712020:563aa2d0-0127-4b79-a108-c061e76eb239,Media,Revisión del N1,,17/ago/26 17:01,18/ago/26 08:31,
Incidente,INC-15855,52615,RE: MDA-25835 RE: Proyecto empaque fresco   WO-01419902,,,Patricio Alejandro Ríos Andrade,712020:7db6ecf5-8ade-4dda-a0dd-4fb3750b8308,Alta,Creado,,17/ago/26 18:04,17/ago/26 18:04,
Incidente S4,IS4-6602,52635,"ERROR AL SELLAR TRANSPORTE 0008349471, Existen entregas 1900224319 en el transporte con Status de Picking de WM incorrecto",eyling rodriguez,712020:b143dc81-fa3d-4c22-a063-cf5a91d69ec8,Exportaciones Fdra San Vicente,712020:4eba58dd-b443-4ab5-baf1-31773e25c877,Alta,Validación del usuario,,17/ago/26 20:02,17/ago/26 21:39,
Incidente S4,IS4-6604,52645,material en transito ,Magda Patricia Espinosa Bustos,712020:bb2e79ad-1f51-4542-9922-ae2652bcf9dd,Despacho Hijuelas,712020:e86bfdb7-37ec-44a7-88ec-5815de3afed0,Alta,Validación del usuario,,17/ago/26 22:19,21/ago/26 16:40,
Incidente S4,IS4-6605,52649,"Favor su ayuda  eliminando los siguientes transportes abiertos 0015673780 ,0015674841",eyling rodriguez,712020:b143dc81-fa3d-4c22-a063-cf5a91d69ec8,Jose Carlos Suarez Añez,712020:d2a0dbc9-b77d-4373-9cf5-33ae09b627c8,Alta,Validación del usuario,,17/ago/26 23:02,25/ago/26 17:23,
Incidente S4,IS4-6607,52683,favor urgente pasar etiquetas de estatus C a A y adicional a eso regularizarlas en tabla ZCAJAS_LEIDAS,eyling rodriguez,712020:b143dc81-fa3d-4c22-a063-cf5a91d69ec8,Jose Carlos Suarez Añez,712020:d2a0dbc9-b77d-4373-9cf5-33ae09b627c8,Alta,Validación del usuario,,18/ago/26 01:08,25/ago/26 17:25,
Incidente,INC-15879,52689,Problemas con HMI ,DANILO ESTEBAN Rodriguez Leiva,637297188fd2d2d5f12bc7aa,Evelyn Pozo M,712020:8120de32-7eac-45d7-b464-84865a422b01,Alta,Validación del usuario,,18/ago/26 02:14,18/ago/26 02:57,
Incidente,INC-15892,52725,RE: Se ha creado el requerimiento IS4-6608,,,Catalina Belen Sandoval Caro,712020:c7d9c2bf-418c-4b9f-8342-9df62124dce3,Alta,Creado,,18/ago/26 07:49,18/ago/26 07:49,
Incidente,INC-15896,52739,RE: Se ha creado el requerimiento IS4-6609,,,Catalina Belen Sandoval Caro,712020:c7d9c2bf-418c-4b9f-8342-9df62124dce3,Alta,Creado,,18/ago/26 08:27,18/ago/26 08:27,
Incidente,INC-15900,52759,Anexo sin tono ,Aldo Rodrigo Gonzalez Contreras,712020:444ef87b-e384-47e4-b76a-52abffc021d9,Felipe Esteban Ravellos Lara,712020:34aa28de-0baa-4f2f-92d4-785379a9a54c,Alta,Documentación Incidente,,18/ago/26 08:42,09/sep/26 11:32,
Incidente AMS,AMS-1603,52773,Corregir datos de cerdos,Diego Flores,712020:314bedea-6181-4d50-97d5-e114b8742d38,Franco Guinez A,712020:a3795c3a-aa5f-4cea-8071-60172591b157,Alta,Validación del usuario,,18/ago/26 08:57,18/ago/26 10:25,
Incidente S4,IS4-6613,52777,Dejar UMP 100000000046876517 en centro p029,Felipe Duran,712020:af79e742-ca83-4c13-91e8-5b24a7372f8b,Coordinadores de Despacho,712020:986220e7-3e6e-41d9-aea3-c2226f535cdf,Alta,Validación del usuario,,18/ago/26 08:59,18/ago/26 09:27,
Incidente,INC-15904,52783,Equipo presenta multiples problemas de funcionamiento,Gustavo Adolfo Fierro Morales,712020:34251f21-925f-4970-bea7-659d3ebfa34a,Franco Guinez A,712020:a3795c3a-aa5f-4cea-8071-60172591b157,Alta,Validación del usuario,,18/ago/26 09:06,21/ago/26 11:43,
Incidente,INC-15910,52795,Validar equipo,Jonathan Andres Navarro Azocar,712020:a5042667-d0d7-4571-b766-9934e56fa4cb,Leidy Tatiana León Lizcano,712020:7c332f1c-beea-4c36-850d-a4bebe955356,Alta,Validación del usuario,,18/ago/26 09:22,18/ago/26 12:11,
Requerimiento,REQ-2341,52801,agregar la siguiente mac a lista blanca,Victor Mauricio Vera Nuñez,712020:46155656-0657-4144-9fa4-ba01a5c2fdf8,Franco Guinez A,712020:a3795c3a-aa5f-4cea-8071-60172591b157,Media,Equipo Proveedor,,18/ago/26 09:26,08/sep/26 15:01,
Incidente,INC-15914,52819,Usuaria no puede enlazar su MFA,Jacinth Andrew Cordova Marcano,712020:2cbd7839-f70b-4079-a0ca-3c26f66080aa,Franco Guinez A,712020:a3795c3a-aa5f-4cea-8071-60172591b157,Alta,Resuelto,,18/ago/26 09:36,18/ago/26 10:41,
Incidente,INC-15916,52829,prueba identidades fluiujo,,,Osman Ignacio Cornejo Castro,712020:651d8cb4-9ef6-4dd3-94a4-2484dd87a09c,Alta,Creado,,18/ago/26 09:44,18/ago/26 09:44,
Incidente S4,IS4-6618,52831,Duplicidad del número interno (900) en la creación de NC a facturas reclamadas,Magda Patricia Espinosa Bustos,712020:bb2e79ad-1f51-4542-9922-ae2652bcf9dd,Claudio Alejandro Carter Monares,70121:21a0f702-829b-488b-8f45-781c20e8d5a2,Alta,Validación del usuario,,18/ago/26 09:44,18/ago/26 14:39,
Incidente,INC-15919,52851,RE: Se ha creado el requerimiento IS4-6619,,,Catalina Belen Sandoval Caro,712020:c7d9c2bf-418c-4b9f-8342-9df62124dce3,Alta,Creado,,18/ago/26 09:54,18/ago/26 09:54,
Incidente,INC-15921,52863,RE: Se ha creado el requerimiento IS4-6621,,,Catalina Belen Sandoval Caro,712020:c7d9c2bf-418c-4b9f-8342-9df62124dce3,Alta,Creado,,18/ago/26 09:57,18/ago/26 09:57,
Incidente S4,IS4-6622,52903,LENTITUD EN TX CON UN USUARIO,,,Ivette Sepulveda B,712020:563aa2d0-0127-4b79-a108-c061e76eb239,Alta,Validación Asignación Equipo Proyecto S4,,18/ago/26 10:30,27/ago/26 17:20,
Incidente,INC-15934,52911,IMPRESORA SUFRE DAÑO POR LLUVIA,Gustavo Adolfo Fierro Morales,712020:34251f21-925f-4970-bea7-659d3ebfa34a,Ivette Sepulveda B,712020:563aa2d0-0127-4b79-a108-c061e76eb239,Alta,Validación del usuario,,18/ago/26 10:34,26/ago/26 17:47,
Incidente,INC-15938,52925,Problemas de dominio ,Jonathan Andres Navarro Azocar,712020:a5042667-d0d7-4571-b766-9934e56fa4cb,Karoline Yised Lasso Torres,712020:172259ea-a77e-46f6-af04-a5c338f112f8,Alta,Validación del usuario,,18/ago/26 10:43,21/ago/26 09:35,
Incidente,INC-15939,52929,RE: Se ha creado el requerimiento IS4-6623,,,Camila Alexandra Soto Saxton,712020:1f4e38fb-6ac1-4c81-b863-ad36f1502b40,Alta,Creado,,18/ago/26 10:48,18/ago/26 10:48,
Incidente AMS,AMS-1607,52951,Sistema de Score de Riesgo Ambiental,,,Ivette Sepulveda B,712020:563aa2d0-0127-4b79-a108-c061e76eb239,Alta,Cancelado,,18/ago/26 11:10,18/ago/26 15:51,
Incidente S4,IS4-6626,52955,RE: IS4-6475 Problema de partición de entregas en facturacion,,,Esteban Maximiliano Moya Diaz,712020:a0599bda-a2ec-4aa3-8d50-955071c76841,Alta,Creado,,18/ago/26 11:11,18/ago/26 11:12,
Incidente S4,IS4-6628,52961,RE: IS4-6475 Problema de partición de entregas en facturacion,,,Esteban Maximiliano Moya Diaz,712020:a0599bda-a2ec-4aa3-8d50-955071c76841,Alta,Creado,,18/ago/26 11:22,18/ago/26 11:22,
Incidente,INC-15946,52969,RE: Se ha creado el requerimiento IS4-6629,,,Catalina Belen Sandoval Caro,712020:c7d9c2bf-418c-4b9f-8342-9df62124dce3,Alta,Creado,,18/ago/26 11:28,18/ago/26 11:28,
Incidente S4,IS4-6631,52987,Problemas al imprimir desde SAP,LUZ ADRIANA CORREDOR GARCIA,712020:c4cdd827-d310-4562-a053-e021cad8b4d8,Karoline Yised Lasso Torres,712020:172259ea-a77e-46f6-af04-a5c338f112f8,Alta,Validación del usuario,,18/ago/26 11:47,18/ago/26 17:21,
Incidente S4,IS4-6633,53007,RE: IS4-6475 Problema de partición de entregas en facturacion,,,Matias Fernando Miranda Montero,712020:1f1f763f-07cf-41f3-a908-7bd2b8e04fb7,Alta,Creado,,18/ago/26 12:06,18/ago/26 12:06,
Incidente,INC-15952,53011,ANEXO SIN TONO,Carlos Alberto Pavez Diaz,712020:07f89943-bb5b-4b7c-a927-9777b941f3cb,Ivette Sepulveda B,712020:563aa2d0-0127-4b79-a108-c061e76eb239,Alta,Validación del usuario,,18/ago/26 12:14,25/ago/26 16:58,
Requerimiento,REQ-2380,53019,Validar TK,Endy Villasmil,712020:de760acd-5b27-4fc2-a4ea-e31854338f83,Leidy Tatiana León Lizcano,712020:7c332f1c-beea-4c36-850d-a4bebe955356,Media,Revisión del N1,,18/ago/26 12:29,18/ago/26 17:29,
Incidente,INC-15955,53021,Tono anexo,Victor Mauricio Vera Nuñez,712020:46155656-0657-4144-9fa4-ba01a5c2fdf8,Leidy Tatiana León Lizcano,712020:7c332f1c-beea-4c36-850d-a4bebe955356,Alta,Validación del usuario,,18/ago/26 12:31,08/sep/26 10:20,
Incidente,INC-15958,53029,No carga el equipo,Benjamin Nicolas Vidal Caroca,712020:2062d08e-0238-40d5-a11c-67396d81019b,Leidy Tatiana León Lizcano,712020:7c332f1c-beea-4c36-850d-a4bebe955356,Alta,Validación del usuario,,18/ago/26 12:45,18/ago/26 15:58,
Requerimiento,REQ-2382,53031,ACTUALIZAR WINDOWS,Benjamin Nicolas Vidal Caroca,712020:2062d08e-0238-40d5-a11c-67396d81019b,Ivette Sepulveda B,712020:563aa2d0-0127-4b79-a108-c061e76eb239,Media,Validación de requisitos,,18/ago/26 12:46,20/ago/26 10:01,
Incidente,INC-15961,53039,Lentitud en notebook,Javier Alejandro Gonzalez Abarca,712020:9fc9fa65-2e7a-4d4c-9ba5-288f12754593,Endy Villasmil,712020:de760acd-5b27-4fc2-a4ea-e31854338f83,Alta,Validación del usuario,,18/ago/26 12:55,20/ago/26 15:51,
Incidente S4,IS4-6635,53055,RE: IS4-6475 Problema de partición de entregas en facturacion,,,Esteban Maximiliano Moya Diaz,712020:a0599bda-a2ec-4aa3-8d50-955071c76841,Alta,Creado,,18/ago/26 13:08,18/ago/26 13:08,
Incidente S4,IS4-6636,53059,RE: IS4-6475 Problema de partición de entregas en facturacion,,,Cristian Carlos Campos Abarca,712020:1f37442c-1d73-495f-af24-e784f10c44ba,Alta,Creado,,18/ago/26 13:10,18/ago/26 13:10,
Incidente S4,IS4-6637,53063,Sistema de Score de Riesgo Ambiental,Crhistopher Sepulveda Gomez,712020:13f39121-e6b4-4cda-a566-699f9a1d5cfd,Franco Guinez A,712020:a3795c3a-aa5f-4cea-8071-60172591b157,Alta,Esperando por el usuario,,18/ago/26 13:13,28/ago/26 16:47,
Incidente S4,IS4-6638,53073,RE: IS4-6475 Problema de partición de entregas en facturacion,,,Matias Fernando Miranda Montero,712020:1f1f763f-07cf-41f3-a908-7bd2b8e04fb7,Alta,Creado,,18/ago/26 13:16,18/ago/26 13:16,
Incidente,INC-15967,53081,RE: MDA-25835 RE: Proyecto empaque fresco   WO-01419902,,,Patricio Alejandro Ríos Andrade,712020:7db6ecf5-8ade-4dda-a0dd-4fb3750b8308,Alta,Creado,,18/ago/26 13:19,18/ago/26 13:19,
Incidente,INC-15969,53085,RE: MDA-25835 RE: Proyecto empaque fresco   WO-01419902,,,Jorge Arnaldo Quiroz Olmos,712020:4e6376c9-f6d2-4bc4-b833-100074be9526,Alta,Creado,,18/ago/26 13:30,18/ago/26 13:30,
Incidente AMS,AMS-1610,53091,Guias de alimento no estan subidas,Diego Flores,712020:314bedea-6181-4d50-97d5-e114b8742d38,Karoline Yised Lasso Torres,712020:172259ea-a77e-46f6-af04-a5c338f112f8,Alta,Validación del usuario,,18/ago/26 13:33,19/ago/26 12:52,
Requerimiento,REQ-2394,53093,configurar equipo nuevo,Jonathan Andres Navarro Azocar,712020:a5042667-d0d7-4571-b766-9934e56fa4cb,Jhonny Torres N,712020:3cecf351-efbc-43f7-8cdc-ccc90034c4a0,Media,Resuelto,,18/ago/26 13:34,20/ago/26 10:09,
Incidente,INC-15973,53109,Equipo presenta problemas fisicos ,Gustavo Adolfo Fierro Morales,712020:34251f21-925f-4970-bea7-659d3ebfa34a,Franco Guinez A,712020:a3795c3a-aa5f-4cea-8071-60172591b157,Alta,Validación del usuario,,18/ago/26 13:59,19/ago/26 17:29,
Incidente AMS,AMS-1611,53121,No puede informar monta ,Brayan Dario Guarnizo Celis,712020:3e04b4d9-d3d5-460e-8c1e-71260f00b901,Felipe Esteban Ravellos Lara,712020:34aa28de-0baa-4f2f-92d4-785379a9a54c,Alta,Validación del usuario,,18/ago/26 14:16,19/ago/26 17:28,
Incidente S4,IS4-6639,53129,RE: IS4-6475 Problema de partición de entregas en facturacion,,,Cristian Carlos Campos Abarca,712020:1f37442c-1d73-495f-af24-e784f10c44ba,Alta,Creado,,18/ago/26 14:28,18/ago/26 14:28,
Requerimiento,REQ-2403,53131,Llamado de consulta,Jhonny Torres N,712020:3cecf351-efbc-43f7-8cdc-ccc90034c4a0,Jhonny Torres N,712020:3cecf351-efbc-43f7-8cdc-ccc90034c4a0,Media,Validación de requisitos,,18/ago/26 14:31,18/ago/26 14:32,
Incidente S4,IS4-6641,53137,RE: IS4-6475 Problema de partición de entregas en facturacion,,,Matias Nicolas Avila Flores,712020:020987c8-e59b-4d91-acce-cb5d469d3aab,Alta,Creado,,18/ago/26 14:40,18/ago/26 14:40,
Incidente AMS,AMS-1613,53161,Revisar programa,,,Karoline Yised Lasso Torres,712020:172259ea-a77e-46f6-af04-a5c338f112f8,Alta,Cancelado,,18/ago/26 15:11,19/ago/26 11:45,
Incidente S4,IS4-6647,53167,CRUCE DE MATERIALES,LUZ ADRIANA CORREDOR GARCIA,712020:c4cdd827-d310-4562-a053-e021cad8b4d8,Maria Ines Latorre Alvarez,712020:794c083e-6b78-4dde-aac6-a319506bb9cb,Alta,Esperando por el usuario,,18/ago/26 15:15,24/ago/26 02:26,
Incidente,INC-15987,53193,Problemas con monitor ,Gustavo Adolfo Fierro Morales,712020:34251f21-925f-4970-bea7-659d3ebfa34a,Felipe Esteban Ravellos Lara,712020:34aa28de-0baa-4f2f-92d4-785379a9a54c,Alta,Validación del usuario,,18/ago/26 15:37,19/ago/26 17:27,
Incidente,INC-15991,53231,DNPC NO ABRE,Marcelo Enrique Molina Gonzalez,712020:6ff29a06-6a09-4d45-8fa6-b2455efeaf8c,Ivette Sepulveda B,712020:563aa2d0-0127-4b79-a108-c061e76eb239,Alta,Resuelto,,18/ago/26 16:34,19/ago/26 16:13,
Incidente,INC-15992,53233,PC DE LABORATORIO PLANTA LA MANGA CON PROBLEMAS DE ACTUALIZACION,Marcelo Enrique Molina Gonzalez,712020:6ff29a06-6a09-4d45-8fa6-b2455efeaf8c,Ivette Sepulveda B,712020:563aa2d0-0127-4b79-a108-c061e76eb239,Alta,Resuelto,,18/ago/26 16:36,19/ago/26 16:14,
Incidente,INC-15994,53239,PRESENTA PANTALLA AZUL,Marcelo Enrique Molina Gonzalez,712020:6ff29a06-6a09-4d45-8fa6-b2455efeaf8c,Ivette Sepulveda B,712020:563aa2d0-0127-4b79-a108-c061e76eb239,Alta,Resuelto,,18/ago/26 16:38,19/ago/26 16:12,
Incidente AMS,AMS-1617,53245,Regularizar cadenas de stock de varios grupos en los que hay bastantes datos sucios ,,,Jair Stiven Méndez Baquero,712020:66e4c6db-2ecc-4e66-bfc2-850cc8894432,Alta,Cancelado,,18/ago/26 16:50,19/ago/26 17:52,
Incidente S4,IS4-6661,53275,ELIMINAR TRANSPORTE ,eyling rodriguez,712020:b143dc81-fa3d-4c22-a063-cf5a91d69ec8,Orlando Aly Romero Garcia,712020:30fab499-6205-48c8-ae77-5de7da5bdfcb,Alta,Validación del usuario,,18/ago/26 18:06,24/ago/26 15:15,
Incidente S4,IS4-6662,53281,favor urgente pasar etiquetas de estatus C a A y adicional a eso regularizarlas en tabla ZCAJAS_LEIDAS,eyling rodriguez,712020:b143dc81-fa3d-4c22-a063-cf5a91d69ec8,Jose Carlos Suarez Añez,712020:d2a0dbc9-b77d-4373-9cf5-33ae09b627c8,Alta,Validación del usuario,,18/ago/26 18:23,24/ago/26 15:14,
Incidente S4,IS4-6665,53297,favor urgente pasar etiquetas de estatus C a A y adicional a eso regularizarlas en tabla ZCAJAS_LEIDAS,eyling rodriguez,712020:b143dc81-fa3d-4c22-a063-cf5a91d69ec8,Jose Carlos Suarez Añez,712020:d2a0dbc9-b77d-4373-9cf5-33ae09b627c8,Alta,Validación del usuario,,18/ago/26 20:58,24/ago/26 15:15,
Incidente,INC-16008,53309,"Problema en Guias /Error al ejecutar audio en SAP Picking (""sounder.exe"" no encontrado)",Victor Manuel Currieco Marillan,712020:6499dafd-420b-45b4-8f3a-35c37c05a5c8,Karol Dayanna Palomino Serrano,712020:e4df31f3-cc17-4db7-b128-efd436a7f3c9,Alta,Resuelto,,18/ago/26 23:46,20/ago/26 08:45,
Incidente,INC-16015,53341,Computador no puede usar ninguna pantalla  secundaria,Benjamin Nicolas Vidal Caroca,712020:2062d08e-0238-40d5-a11c-67396d81019b,Franco Guinez A,712020:a3795c3a-aa5f-4cea-8071-60172591b157,Alta,Validación del usuario,,19/ago/26 08:16,20/ago/26 15:42,
Incidente,INC-16016,53343,Usuario no puede conectarse a la wifi de oficina central ,Javier Alejandro Gonzalez Abarca,712020:9fc9fa65-2e7a-4d4c-9ba5-288f12754593,Franco Guinez A,712020:a3795c3a-aa5f-4cea-8071-60172591b157,Alta,Validación del usuario,,19/ago/26 08:31,19/ago/26 10:49,
Incidente S4,IS4-6669,53394,RE: IS4-6475 Problema de partición de entregas en facturacion,,,Esteban Maximiliano Moya Diaz,712020:a0599bda-a2ec-4aa3-8d50-955071c76841,Alta,Creado,,19/ago/26 09:29,19/ago/26 09:29,
Incidente,INC-16030,53396,Liberar espacio (disco duro lleno),Victor Manuel Currieco Marillan,712020:6499dafd-420b-45b4-8f3a-35c37c05a5c8,Erik Avello,712020:9d91180a-22c7-4d43-9eab-97c8cf49ecbf,Alta,Resuelto,,19/ago/26 09:30,19/ago/26 10:39,
Incidente,INC-16031,53398,usuario no puede acceder a SAP,Fernando Esteban Fuentes Morales,712020:fe5bcc67-ea2e-4406-b5b9-58211a6e5c8b,Karoline Yised Lasso Torres,712020:172259ea-a77e-46f6-af04-a5c338f112f8,Alta,Validación del usuario,,19/ago/26 09:31,19/ago/26 10:19,
Incidente S4,IS4-6671,53406,RE: IS4-6475 Problema de partición de entregas en facturacion,,,Cristian Carlos Campos Abarca,712020:1f37442c-1d73-495f-af24-e784f10c44ba,Alta,Creado,,19/ago/26 09:37,19/ago/26 09:37,
Incidente S4,IS4-6673,53416,RE: IS4-6475 Problema de partición de entregas en facturacion,,,Esteban Maximiliano Moya Diaz,712020:a0599bda-a2ec-4aa3-8d50-955071c76841,Alta,Creado,,19/ago/26 09:45,19/ago/26 09:45,
Incidente,INC-16033,53418,Creación ticket RPA,,,Ivette Sepulveda B,712020:563aa2d0-0127-4b79-a108-c061e76eb239,Alta,Equipo Asignado,,19/ago/26 09:48,19/ago/26 09:48,
Incidente S4,IS4-6674,53420,RE: IS4-6475 Problema de partición de entregas en facturacion,,,Cristian Carlos Campos Abarca,712020:1f37442c-1d73-495f-af24-e784f10c44ba,Alta,Creado,,19/ago/26 09:48,19/ago/26 09:48,
Incidente S4,IS4-6675,53424,RE: IS4-6475 Problema de partición de entregas en facturacion,,,Esteban Maximiliano Moya Diaz,712020:a0599bda-a2ec-4aa3-8d50-955071c76841,Alta,Creado,,19/ago/26 09:54,19/ago/26 09:54,
Incidente,INC-16035,53428,EQUIPO CON PROBLEMAS DE VENTILADOR,Jonathan Andres Navarro Azocar,712020:a5042667-d0d7-4571-b766-9934e56fa4cb,Ivette Sepulveda B,712020:563aa2d0-0127-4b79-a108-c061e76eb239,Alta,Validación del usuario,,19/ago/26 09:58,19/ago/26 15:01,
Incidente AMS,AMS-1623,53454,Nodos caidos,Diego Flores,712020:314bedea-6181-4d50-97d5-e114b8742d38,Franco Guinez A,712020:a3795c3a-aa5f-4cea-8071-60172591b157,Alta,Validación del usuario,,19/ago/26 10:38,19/ago/26 11:07,
Incidente S4,IS4-6676,53462,RE: IS4-6531 Rendición Sucursal T112 Vendedor V99012 No Rendida 11-08-2026,,,Luis Jonathan Navarrete Jimenez,712020:7324bbc3-6e19-4df6-b86e-659b2635ae7d,Alta,Creado,,19/ago/26 10:42,19/ago/26 10:42,
Incidente,INC-16050,53474,NO PUEDE ACCEDER A PAGINAS DEL CAF,Alexis Andres Diaz Gutierrez,712020:3be679ea-af26-441b-8bb6-d0d2262df709,Ivette Sepulveda B,712020:563aa2d0-0127-4b79-a108-c061e76eb239,Alta,Resuelto,,19/ago/26 10:54,20/ago/26 10:16,
Incidente S4,IS4-6678,53478,No se refleja el folio de la NC en facturas reclamadas en la transacción ZSDFACXFREC - Tratar Facturas reclamadas ,LUZ ADRIANA CORREDOR GARCIA,712020:c4cdd827-d310-4562-a053-e021cad8b4d8,Claudio Alejandro Carter Monares,70121:21a0f702-829b-488b-8f45-781c20e8d5a2,Alta,Validación del usuario,,19/ago/26 11:01,27/ago/26 14:19,
Incidente AMS,AMS-1624,53500,No se actualizan los nodos,Sebastian Suazo,712020:6b2b9a90-6b38-4d05-ae00-17b744f21325,Franco Guinez A,712020:a3795c3a-aa5f-4cea-8071-60172591b157,Alta,Validación del usuario,,19/ago/26 11:25,19/ago/26 11:55,
Incidente AMS,AMS-1625,53512,Cierre de pelecha ,Brayan Dario Guarnizo Celis,712020:d0cb437d-12e7-4ff8-8e1c-4529d60cedda,Franco Guinez A,712020:a3795c3a-aa5f-4cea-8071-60172591b157,Alta,Validación del usuario,,19/ago/26 11:33,04/sep/26 19:28,
Incidente,INC-16062,53544,Cámara de notebook no funciona,Fernando Esteban Fuentes Morales,712020:fe5bcc67-ea2e-4406-b5b9-58211a6e5c8b,Erik Avello,712020:9d91180a-22c7-4d43-9eab-97c8cf49ecbf,Alta,Validación del usuario,,19/ago/26 12:31,19/ago/26 15:46,
Incidente,INC-16064,53552,PROBLEMAS CON BATERIA Y CAMARA DE NOTEBOOK,Victor Manuel Currieco Marillan,712020:6499dafd-420b-45b4-8f3a-35c37c05a5c8,Ivette Sepulveda B,712020:563aa2d0-0127-4b79-a108-c061e76eb239,Alta,Resuelto,,19/ago/26 12:36,19/ago/26 15:13,
Incidente S4,IS4-6690,53594,Dejar UMP 100000000046934758 en centro p029,Felipe Duran,712020:af79e742-ca83-4c13-91e8-5b24a7372f8b,Coordinadores de Despacho,712020:986220e7-3e6e-41d9-aea3-c2226f535cdf,Alta,Validación del usuario,,19/ago/26 13:44,19/ago/26 14:14,
Incidente S4,IS4-6692,53602,ELIMINAR TRANSPORTE - TICKET SOFTECK,Magda Patricia Espinosa Bustos,712020:bb2e79ad-1f51-4542-9922-ae2652bcf9dd,Matias Fabian Muñoz Mariqueo,712020:da1490a0-d097-488b-bff7-672b0c78f4ac,Alta,Validación del usuario,,19/ago/26 13:51,19/ago/26 15:30,
Incidente,INC-16075,53610,Equipo en malas condiciones ,Gustavo Adolfo Fierro Morales,712020:34251f21-925f-4970-bea7-659d3ebfa34a,Felipe Esteban Ravellos Lara,712020:34aa28de-0baa-4f2f-92d4-785379a9a54c,Alta,Validación del usuario,,19/ago/26 14:08,19/ago/26 17:26,
Incidente,INC-16083,53636,RE: Se ha creado el requerimiento AMS-1614,,,El Mirador Cerdos,712020:c9f7701c-e03f-456c-979c-f64cd8c76b86,Alta,Creado,,19/ago/26 15:08,19/ago/26 15:08,
Incidente S4,IS4-6696,53650,Problema para registrar comprobante de pago TX- ZGES_COL - Gestión colillas ,Patricio Eduardo Araya Morales,70121:7947768f-537c-49c1-9463-446622645091,Barbara Vanesa Paillaman Lepicheo,712020:40aca896-3194-4137-bf3f-90f7ce77379e,Alta,Validación del usuario,,19/ago/26 15:24,24/ago/26 11:28,
Incidente,INC-16096,53690,Tecnoandina - PROGRAMA DE VENTILACION NO LEE PABELLONES,Luis Nibaldo Bustos Arriagada,712020:164a2568-3825-4854-b34b-12934469c8eb,Ivette Sepulveda B,712020:563aa2d0-0127-4b79-a108-c061e76eb239,Alta,Esperando por el usuario,,19/ago/26 16:19,08/sep/26 11:37,
Incidente S4,IS4-6700,53704,Error SSO en MMS,,,Felipe Esteban Ravellos Lara,712020:34aa28de-0baa-4f2f-92d4-785379a9a54c,Alta,Equipo Resolutor Asignado,,19/ago/26 16:56,27/ago/26 14:37,
Incidente S4,IS4-6701,53706,cecina en transito,Felipe Duran,712020:af79e742-ca83-4c13-91e8-5b24a7372f8b,Francisco Javier Llempe Huichaqueo,712020:95350773-99a8-4649-a090-b6b9c65de0dd,Alta,Validación del usuario,,19/ago/26 16:56,19/ago/26 17:45,
Incidente,INC-16100,53714,Problemas para acceder a gestión de cargas ,,,Erik Avello,712020:9d91180a-22c7-4d43-9eab-97c8cf49ecbf,Alta,Equipo Asignado,,19/ago/26 17:05,26/ago/26 12:54,
Incidente,INC-16101,53720,AP de proyecto RFID de guardarropia presenta problemas de conexion hacia internet,Victor Mauricio Vera Nuñez,712020:46155656-0657-4144-9fa4-ba01a5c2fdf8,Jair Stiven Méndez Baquero,712020:66e4c6db-2ecc-4e66-bfc2-850cc8894432,Alta,Esperando por el usuario,,19/ago/26 17:19,08/sep/26 10:24,
Incidente AMS,AMS-1635,53726,Proceso de nodos termina con error ,Diego Flores,712020:314bedea-6181-4d50-97d5-e114b8742d38,Felipe Esteban Ravellos Lara,712020:34aa28de-0baa-4f2f-92d4-785379a9a54c,Alta,Validación del usuario,,19/ago/26 17:24,19/ago/26 21:09,
Incidente S4,IS4-6703,53732,RE: IS4-6531 Rendición Sucursal T112 Vendedor V99012 No Rendida 11-08-2026,,,Felipe Alejandro Gonzalez Barrera,712020:8b1e4e29-0095-4588-ada3-68c35ba97eb5,Alta,Creado,,19/ago/26 17:39,19/ago/26 17:39,
Incidente S4,IS4-6705,53758,Rendición Sucursal T112 Vendedor V99012 No Rendida 11-08-2026,eyling rodriguez,712020:b143dc81-fa3d-4c22-a063-cf5a91d69ec8,Jacinto Hernan Zapata Gomez,712020:31acf3d8-c645-4b8d-a9ee-7e5f82c11a0f,Alta,Validación del usuario,,19/ago/26 18:10,19/ago/26 19:25,
Incidente S4,IS4-6706,53760,RE: IS4-6531 Rendición Sucursal T112 Vendedor V99012 No Rendida 11-08-2026,,,Jacinto Hernan Zapata Gomez,712020:31acf3d8-c645-4b8d-a9ee-7e5f82c11a0f,Alta,Creado,,19/ago/26 18:12,19/ago/26 18:12,
Incidente S4,IS4-6707,53766,Validación de visualización de número de termógrafo en transporte de exportación SAP,eyling rodriguez,712020:b143dc81-fa3d-4c22-a063-cf5a91d69ec8,Felipe Esteban Ravellos Lara,712020:34aa28de-0baa-4f2f-92d4-785379a9a54c,Alta,Esperando por el usuario,,19/ago/26 18:25,03/sep/26 10:12,
Incidente,INC-16108,53770,[Monitoreo] - Caida de enlace oficina Mexico,Victor Mauricio Vera Nuñez,712020:46155656-0657-4144-9fa4-ba01a5c2fdf8,Alejandro Enrique Gonzalez Bracho,712020:2a91d042-9782-44ad-8944-fe1523f3889d,Alta,Validación del usuario,,19/ago/26 18:27,02/sep/26 09:57,
Incidente S4,IS4-6708,53776,RE: IS4-6531 Rendición Sucursal T112 Vendedor V99012 No Rendida 11-08-2026,,,Jacinto Hernan Zapata Gomez,712020:31acf3d8-c645-4b8d-a9ee-7e5f82c11a0f,Alta,Creado,,19/ago/26 19:02,19/ago/26 19:02,
Incidente S4,IS4-6709,53778,RE: IS4-6531 Rendición Sucursal T112 Vendedor V99012 No Rendida 11-08-2026,,,Jacinto Hernan Zapata Gomez,712020:31acf3d8-c645-4b8d-a9ee-7e5f82c11a0f,Alta,Creado,,19/ago/26 19:03,19/ago/26 19:03,
Incidente,INC-16110,53780,Lentitud en el recurso compartido control_reproductoras$ (192.168.19.50) y altiris,DANILO ESTEBAN Rodriguez Leiva,637297188fd2d2d5f12bc7aa,Jair Stiven Méndez Baquero,712020:66e4c6db-2ecc-4e66-bfc2-850cc8894432,Alta,Validación del usuario,,19/ago/26 19:14,19/ago/26 20:18,
Incidente,INC-16115,53792,[Monitoreo] - Caída enlace Respaldo Silica-AWS SAP S/4HANA,Felipe Andres Jeria Rodriguez,712020:f0d4df3d-4510-4e4a-be63-7258c31884e1,Alejandro Enrique Gonzalez Bracho,712020:2a91d042-9782-44ad-8944-fe1523f3889d,Alta,Validación del usuario,,19/ago/26 20:30,24/ago/26 08:52,
Incidente S4,IS4-6710,53808,"favor urgente pasar etiquetas del transporte 0015678390 de estatus ""P"" a estatus ""S""",eyling rodriguez,712020:b143dc81-fa3d-4c22-a063-cf5a91d69ec8,Jose Carlos Suarez Añez,712020:d2a0dbc9-b77d-4373-9cf5-33ae09b627c8,Alta,Validación del usuario,,19/ago/26 22:51,24/ago/26 15:15,
Incidente AMS,AMS-1644,53818,Error al visualizar números de pabellones en Legacy,Sebastian Suazo,712020:6b2b9a90-6b38-4d05-ae00-17b744f21325,Evelyn Pozo M,712020:8120de32-7eac-45d7-b464-84865a422b01,Alta,Validación del usuario,,20/ago/26 05:40,20/ago/26 08:11,
Incidente S4,IS4-6715,53834,no permite finalizar pedido para imprimir guias,Christian Mendez,712020:d3138b76-6aa2-432d-8832-e38d9cbf41e1,Michel Douglas Avalos Diaz,712020:b5079500-4c4c-4900-b10c-d0bfe3aa3860,Alta,Validación del usuario,,20/ago/26 07:21,20/ago/26 08:51,
Incidente,INC-16132,53850,error de carga de distribución,Carlos Alberto Pavez Diaz,712020:07f89943-bb5b-4b7c-a927-9777b941f3cb,Jhonny Torres N,712020:3cecf351-efbc-43f7-8cdc-ccc90034c4a0,Alta,Validación del usuario,,20/ago/26 08:23,21/ago/26 11:46,
Incidente,INC-16135,53858,PANTALLA DE MONITOR EN MAL ESTADO,Benjamin Nicolas Vidal Caroca,712020:2062d08e-0238-40d5-a11c-67396d81019b,Ivette Sepulveda B,712020:563aa2d0-0127-4b79-a108-c061e76eb239,Alta,Validación del usuario,,20/ago/26 08:40,24/ago/26 12:12,
Incidente AMS,AMS-1646,53876,Pasar insumos trasables ,Brayan Dario Guarnizo Celis,712020:3e04b4d9-d3d5-460e-8c1e-71260f00b901,Franco Guinez A,712020:a3795c3a-aa5f-4cea-8071-60172591b157,Alta,Validación del usuario,,20/ago/26 09:05,27/ago/26 16:08,
Incidente AMS,AMS-1647,53888,PROBLEMAS CON GUIA EN CONECTATE,Diego Flores,712020:314bedea-6181-4d50-97d5-e114b8742d38,Ivette Sepulveda B,712020:563aa2d0-0127-4b79-a108-c061e76eb239,Alta,Validación del usuario,,20/ago/26 09:18,20/ago/26 10:19,
Incidente,INC-16146,53904,REINICIO DE MAQUINA VIRTUAL,Jacinth Andrew Cordova Marcano,712020:2cbd7839-f70b-4079-a0ca-3c26f66080aa,Ivette Sepulveda B,712020:563aa2d0-0127-4b79-a108-c061e76eb239,Alta,Resuelto,,20/ago/26 09:37,20/ago/26 10:21,
Incidente S4,IS4-6719,53916,favor urgente pasar etiquetas de estatus C a A y adicional a eso regularizarlas en tabla ZCAJAS_LEIDAS,Felipe Duran,712020:af79e742-ca83-4c13-91e8-5b24a7372f8b,Jose Carlos Suarez Añez,712020:d2a0dbc9-b77d-4373-9cf5-33ae09b627c8,Alta,Validación del usuario,,20/ago/26 09:44,20/ago/26 10:07,
Incidente,INC-16148,53924,Configuracion IP,Javier Alejandro Gonzalez Abarca,712020:9fc9fa65-2e7a-4d4c-9ba5-288f12754593,Leidy Tatiana León Lizcano,712020:7c332f1c-beea-4c36-850d-a4bebe955356,Alta,Validación del usuario,,20/ago/26 09:56,21/ago/26 15:19,
Incidente,INC-16150,53940,Actualizar OS,Victor Manuel Currieco Marillan,712020:6499dafd-420b-45b4-8f3a-35c37c05a5c8,Franco Guinez A,712020:a3795c3a-aa5f-4cea-8071-60172591b157,Alta,Resuelto,,20/ago/26 10:09,26/ago/26 15:31,
Incidente,INC-16151,53942,punto de red bloqueado,Felipe Andres Jeria Rodriguez,712020:f0d4df3d-4510-4e4a-be63-7258c31884e1,Jhonny Torres N,712020:3cecf351-efbc-43f7-8cdc-ccc90034c4a0,Alta,Validación del usuario,,20/ago/26 10:10,20/ago/26 10:19,
Incidente,INC-16154,53948,Actualizar OS (2),Benjamin Nicolas Vidal Caroca,712020:2062d08e-0238-40d5-a11c-67396d81019b,Franco Guinez A,712020:a3795c3a-aa5f-4cea-8071-60172591b157,Alta,Validación del usuario,,20/ago/26 10:18,20/ago/26 11:43,
Incidente,INC-16157,53962,Actualizar OS (3),Benjamin Nicolas Vidal Caroca,712020:2062d08e-0238-40d5-a11c-67396d81019b,Franco Guinez A,712020:a3795c3a-aa5f-4cea-8071-60172591b157,Alta,Validación del usuario,,20/ago/26 10:28,25/ago/26 14:48,
Incidente,INC-16158,53964,ACCESO A PAGINA DE MMS,Gustavo Adolfo Fierro Morales,712020:34251f21-925f-4970-bea7-659d3ebfa34a,Ivette Sepulveda B,712020:563aa2d0-0127-4b79-a108-c061e76eb239,Alta,Validación del usuario,,20/ago/26 10:29,21/ago/26 11:28,
Incidente,INC-16160,53968,TECNO ANDINA - Pagina no esta funcionando ,,,Franco Guinez A,712020:a3795c3a-aa5f-4cea-8071-60172591b157,Alta,Equipo Asignado,,20/ago/26 10:40,20/ago/26 11:30,
Incidente,INC-16163,53978,problemas para acceder a web de tecnoandina,Alexis Andres Diaz Gutierrez,712020:3be679ea-af26-441b-8bb6-d0d2262df709,Jhonny Torres N,712020:3cecf351-efbc-43f7-8cdc-ccc90034c4a0,Alta,Resuelto,,20/ago/26 10:46,26/ago/26 11:39,
Requerimiento,REQ-2511,53982,llamada de consulta,Endy Villasmil,712020:de760acd-5b27-4fc2-a4ea-e31854338f83,Erik Avello,712020:9d91180a-22c7-4d43-9eab-97c8cf49ecbf,Media,Revisión del N1,,20/ago/26 10:49,20/ago/26 11:33,
Incidente,INC-16164,53984,EQUIPO AISLADO POR ACTUALIZACION DE WINDOWS,Gustavo Adolfo Fierro Morales,712020:34251f21-925f-4970-bea7-659d3ebfa34a,Ivette Sepulveda B,712020:563aa2d0-0127-4b79-a108-c061e76eb239,Alta,Validación del usuario,,20/ago/26 10:51,20/ago/26 12:43,
Incidente,INC-16165,53986,Actualizar OS (4),Jonathan Andres Navarro Azocar,712020:a5042667-d0d7-4571-b766-9934e56fa4cb,Franco Guinez A,712020:a3795c3a-aa5f-4cea-8071-60172591b157,Alta,Validación del usuario,,20/ago/26 10:52,27/ago/26 10:14,
Incidente S4,IS4-6721,53994,No es posible contabilizar ,Rafael Perez,70121:b5c44554-7b1e-4a69-bfac-dfed44364c15,Jhonny Torres N,712020:3cecf351-efbc-43f7-8cdc-ccc90034c4a0,Alta,Esperando por el usuario,,20/ago/26 11:08,26/ago/26 16:04,
Incidente,INC-16170,54004,Actualizar OS (5),Fernando Esteban Fuentes Morales,712020:fe5bcc67-ea2e-4406-b5b9-58211a6e5c8b,Franco Guinez A,712020:a3795c3a-aa5f-4cea-8071-60172591b157,Alta,Validación del usuario,,20/ago/26 11:17,21/ago/26 16:23,
Incidente,INC-16172,54008,EQUIPO AISLADO POR ACTUALIZACION DE WINDOWS,Jonathan Andres Navarro Azocar,712020:a5042667-d0d7-4571-b766-9934e56fa4cb,Ivette Sepulveda B,712020:563aa2d0-0127-4b79-a108-c061e76eb239,Alta,Validación del usuario,,20/ago/26 11:19,20/ago/26 17:10,
Incidente,INC-16173,54012,EQUIPO FUERA DEL DOMINIO,Gustavo Adolfo Fierro Morales,712020:34251f21-925f-4970-bea7-659d3ebfa34a,Ivette Sepulveda B,712020:563aa2d0-0127-4b79-a108-c061e76eb239,Alta,Validación del usuario,,20/ago/26 11:22,20/ago/26 11:56,
Incidente,INC-16175,54016,Actualizar OS (6),Jonathan Andres Navarro Azocar,712020:a5042667-d0d7-4571-b766-9934e56fa4cb,Franco Guinez A,712020:a3795c3a-aa5f-4cea-8071-60172591b157,Alta,Validación del usuario,,20/ago/26 11:25,21/ago/26 10:07,
Incidente,INC-16176,54018,Actualizar OS (7),Benjamin Nicolas Vidal Caroca,712020:2062d08e-0238-40d5-a11c-67396d81019b,Franco Guinez A,712020:a3795c3a-aa5f-4cea-8071-60172591b157,Alta,Validación del usuario,,20/ago/26 11:30,25/ago/26 14:49,
Incidente,INC-16177,54028,actualización S.O,Jonathan Andres Navarro Azocar,712020:a5042667-d0d7-4571-b766-9934e56fa4cb,Erik Avello,712020:9d91180a-22c7-4d43-9eab-97c8cf49ecbf,Alta,Validación del usuario,,20/ago/26 11:38,21/ago/26 10:08,
Incidente,INC-16181,54046,lentitud equipo,Javier Alejandro Gonzalez Abarca,712020:9fc9fa65-2e7a-4d4c-9ba5-288f12754593,Jhonny Torres N,712020:3cecf351-efbc-43f7-8cdc-ccc90034c4a0,Alta,Validación del usuario,,20/ago/26 12:01,21/ago/26 10:27,
Incidente,INC-16182,54052,Actualizar OS (8),Gustavo Adolfo Fierro Morales,712020:34251f21-925f-4970-bea7-659d3ebfa34a,Franco Guinez A,712020:a3795c3a-aa5f-4cea-8071-60172591b157,Alta,Validación del usuario,,20/ago/26 12:04,26/ago/26 09:00,
Incidente,INC-16183,54054,ARCHIVO EXCEL NO ACTUALIZA,Javier Alejandro Gonzalez Abarca,712020:9fc9fa65-2e7a-4d4c-9ba5-288f12754593,Ivette Sepulveda B,712020:563aa2d0-0127-4b79-a108-c061e76eb239,Alta,Validación del usuario,,20/ago/26 12:06,24/ago/26 10:50,
Incidente AMS,AMS-1652,54056,Error para ingreso de mantenedor de reproductoras y abuelas,,,Scarlette Jasmina Cid Oliveros,712020:aec47fd9-96f0-417a-8865-6bd90899a6db,Alta,Cancelado,,20/ago/26 12:08,21/ago/26 11:37,
Incidente,INC-16184,54062,error de carga de distribución,Italo Hernan Pinto Montoya,712020:2f3e1c92-5fc9-40db-a408-9c532c1b54b5,Jhonny Torres N,712020:3cecf351-efbc-43f7-8cdc-ccc90034c4a0,Alta,Validación del usuario,,20/ago/26 12:18,21/ago/26 11:05,
Incidente,INC-16185,54064,Error 88 en sap,Carlos Alberto Pavez Diaz,712020:07f89943-bb5b-4b7c-a927-9777b941f3cb,Franco Guinez A,712020:a3795c3a-aa5f-4cea-8071-60172591b157,Alta,Validación del usuario,,20/ago/26 12:22,21/ago/26 11:45,
Incidente,INC-16186,54070,error de carga de distribución,Italo Hernan Pinto Montoya,712020:2f3e1c92-5fc9-40db-a408-9c532c1b54b5,Jhonny Torres N,712020:3cecf351-efbc-43f7-8cdc-ccc90034c4a0,Alta,Validación del usuario,,20/ago/26 12:26,21/ago/26 10:34,
Incidente S4,IS4-6726,54078,RE: Información adicional Incidente IS4-6721,,,Alexandra Javiera Orellana Prado,712020:5698217e-aabe-480d-b314-d743c21416bd,Alta,Creado,,20/ago/26 12:36,20/ago/26 12:36,
Incidente S4,IS4-6727,54080,RE: Información adicional Incidente IS4-6721,,,Segundo Osvaldo Cruz Herde,712020:890bb72b-14fa-4907-9b85-b9d85e746b2c,Alta,Creado,,20/ago/26 12:39,20/ago/26 12:39,
Incidente,INC-16190,54092,pantalla de notebook dañada,Jonathan Andres Navarro Azocar,712020:a5042667-d0d7-4571-b766-9934e56fa4cb,Erik Avello,712020:9d91180a-22c7-4d43-9eab-97c8cf49ecbf,Alta,Validación del usuario,,20/ago/26 13:23,20/ago/26 14:38,
Incidente,INC-16191,54096,Telefono presenta problemas en su bateria ,Victor Manuel Currieco Marillan,712020:6499dafd-420b-45b4-8f3a-35c37c05a5c8,Franco Guinez A,712020:a3795c3a-aa5f-4cea-8071-60172591b157,Alta,Resuelto,,20/ago/26 13:28,20/ago/26 14:35,
Incidente,INC-16195,54106,error distribución de carga (SAP) ,Italo Hernan Pinto Montoya,712020:2f3e1c92-5fc9-40db-a408-9c532c1b54b5,Ivette Sepulveda B,712020:563aa2d0-0127-4b79-a108-c061e76eb239,Alta,Validación del usuario,,20/ago/26 13:43,21/ago/26 10:41,
Incidente,INC-16196,54108,Error al abrir un excel en Sharepoint,Fernando Esteban Fuentes Morales,712020:fe5bcc67-ea2e-4406-b5b9-58211a6e5c8b,Franco Guinez A,712020:a3795c3a-aa5f-4cea-8071-60172591b157,Alta,Validación del usuario,,20/ago/26 14:02,21/ago/26 09:43,
Incidente AMS,AMS-1654,54130,fallo datos legacy,,,Erik Avello,712020:9d91180a-22c7-4d43-9eab-97c8cf49ecbf,Alta,Cancelado,,20/ago/26 14:32,27/ago/26 13:21,
Incidente,INC-16202,54134,gran cantidad de pda sin contabilizar,,,Erik Avello,712020:9d91180a-22c7-4d43-9eab-97c8cf49ecbf,Alta,Equipo Asignado,,20/ago/26 14:41,20/ago/26 14:42,
Incidente,INC-16207,54154,Problemas en SAP,Italo Hernan Pinto Montoya,712020:2f3e1c92-5fc9-40db-a408-9c532c1b54b5,Leidy Tatiana León Lizcano,712020:7c332f1c-beea-4c36-850d-a4bebe955356,Alta,Validación del usuario,,20/ago/26 15:03,21/ago/26 10:38,
Incidente S4,IS4-6730,54174,RE: Información adicional Incidente IS4-6429,,,Emmanuel Jesus Pichun Orellana,712020:0452958b-543b-44cb-98fb-0e35fa6bcded,Alta,Creado,,20/ago/26 15:23,20/ago/26 15:23,
Incidente,INC-16225,54248,Enlace Punta Arenas / Movistar,Felipe Andres Jeria Rodriguez,712020:f0d4df3d-4510-4e4a-be63-7258c31884e1,Luis Nibaldo Bustos Arriagada,712020:164a2568-3825-4854-b34b-12934469c8eb,Alta,Validación del usuario,,20/ago/26 15:52,24/ago/26 14:36,
Incidente,INC-16231,54260,Cámara de seguridad que no funciona,Marcelo Enrique Molina Gonzalez,712020:6ff29a06-6a09-4d45-8fa6-b2455efeaf8c,Erik Avello,712020:9d91180a-22c7-4d43-9eab-97c8cf49ecbf,Alta,Resuelto,,20/ago/26 16:13,21/ago/26 12:04,
Requerimiento,REQ-2563,54270,consulta ticket ,Franco Guinez A,712020:a3795c3a-aa5f-4cea-8071-60172591b157,Franco Guinez A,712020:a3795c3a-aa5f-4cea-8071-60172591b157,Media,Revisión del N1,,20/ago/26 16:30,21/ago/26 16:42,
Incidente AMS,AMS-1656,54276,Factura con error,,,Erik Avello,712020:9d91180a-22c7-4d43-9eab-97c8cf49ecbf,Alta,Cancelado,,20/ago/26 16:32,21/ago/26 11:37,
Incidente,INC-16237,54288, Actualizar OS (9),Gustavo Adolfo Fierro Morales,712020:34251f21-925f-4970-bea7-659d3ebfa34a,Franco Guinez A,712020:a3795c3a-aa5f-4cea-8071-60172591b157,Alta,Validación del usuario,,20/ago/26 16:41,25/ago/26 13:07,
Incidente,INC-16238,54300,Intermitencia enlace tecnoandina,Scarlet Aracely Muñoz Castillo,712020:34dce0a0-0ac6-4759-a94a-13e2ae86b706,Erik Avello,712020:9d91180a-22c7-4d43-9eab-97c8cf49ecbf,Alta,Resuelto,,20/ago/26 16:59,26/ago/26 16:59,
Requerimiento,REQ-2572,54312,Solicitud de cotización GM - Reubicación/Normalización de 4 puntos de red OT,Carlos Alberto Pavez Diaz,712020:07f89943-bb5b-4b7c-a927-9777b941f3cb,Karol Dayanna Palomino Serrano,712020:e4df31f3-cc17-4db7-b128-efd436a7f3c9,Media,Equipo Proveedor,,20/ago/26 17:34,31/ago/26 16:03,
Incidente S4,IS4-6735,54327,Se necesita corregir dato en guia de  despacho transporte 8348606 los kilos brutos despachados por sistema indica un valor mientra que guia  folio 41690524 indica otro valor,eyling rodriguez,712020:b143dc81-fa3d-4c22-a063-cf5a91d69ec8,Pablo Andres Bustos Miranda,712020:b769e277-8da0-46bb-bc02-285718d5c8a7,Alta,Esperando por el usuario,,20/ago/26 18:29,03/sep/26 10:12,
Incidente,INC-16242,54329, Bloqueo fortinet ,Gustavo Adolfo Fierro Morales,712020:34251f21-925f-4970-bea7-659d3ebfa34a,Karol Dayanna Palomino Serrano,712020:e4df31f3-cc17-4db7-b128-efd436a7f3c9,Alta,Validación del usuario,,20/ago/26 18:43,25/ago/26 12:14,
Incidente AMS,AMS-1659,54359,estimados favor dejar etiqueta 01020104864350661030101014082026179061239   en planta p029 a libre dispocicion ,,,Coordinadores de Despacho,712020:986220e7-3e6e-41d9-aea3-c2226f535cdf,Alta,Cancelado,,21/ago/26 00:28,21/ago/26 11:37,
Incidente,INC-16252,54375,Problemas de conexión WiFi en computador – opción de red inalámbrica no disponible,Gustavo Adolfo Fierro Morales,712020:34251f21-925f-4970-bea7-659d3ebfa34a,Benjamín Reyes Aravena,712020:69f5cef6-164b-4af6-9971-75c05d019041,Alta,Validación del usuario,,21/ago/26 05:33,21/ago/26 11:41,
Incidente,INC-16255,54383,RE: Se ha creado el requerimiento IS4-6739,,,Catalina Belen Sandoval Caro,712020:c7d9c2bf-418c-4b9f-8342-9df62124dce3,Alta,Creado,,21/ago/26 07:33,21/ago/26 07:33,
Incidente,INC-16260,54405,equipo robado,Marcelo Enrique Molina Gonzalez,712020:6ff29a06-6a09-4d45-8fa6-b2455efeaf8c,Jhonny Torres N,712020:3cecf351-efbc-43f7-8cdc-ccc90034c4a0,Alta,Resuelto,,21/ago/26 08:14,21/ago/26 12:04,
Incidente,INC-16261,54411,Uusaria no le sincroniza el one drive,Jonathan Andres Navarro Azocar,712020:a5042667-d0d7-4571-b766-9934e56fa4cb,Karoline Yised Lasso Torres,712020:172259ea-a77e-46f6-af04-a5c338f112f8,Alta,Validación del usuario,,21/ago/26 08:21,21/ago/26 10:51,
Incidente,INC-16262,54417,Equipo sin dominio,Fernando Esteban Fuentes Morales,712020:fe5bcc67-ea2e-4406-b5b9-58211a6e5c8b,Karoline Yised Lasso Torres,712020:172259ea-a77e-46f6-af04-a5c338f112f8,Alta,Validación del usuario,,21/ago/26 08:34,21/ago/26 15:19,
Incidente,INC-16263,54419,Excel no deja interactuar con el usuario ,Jacinth Andrew Cordova Marcano,712020:2cbd7839-f70b-4079-a0ca-3c26f66080aa,Franco Guinez A,712020:a3795c3a-aa5f-4cea-8071-60172591b157,Alta,Resuelto,,21/ago/26 08:35,21/ago/26 14:49,
Incidente,INC-16271,54447,TECNOANDINA - PLATAFORMA WEB,Benjamin Nicolas Schwalm Jara,712020:7762ff16-6b68-4f6f-a0ad-2b1b9a40b257,Ivette Sepulveda B,712020:563aa2d0-0127-4b79-a108-c061e76eb239,Alta,Resuelto,,21/ago/26 09:11,26/ago/26 17:02,
Incidente,INC-16277,54479,RE: INC-15722 Equipo de ventilacion no tiene internet,,,Flavia Maud Zamorano Castro,712020:22c861fe-1751-4848-a4e9-e068cf00d96b,Alta,Creado,,21/ago/26 09:52,21/ago/26 09:53,
Requerimiento,REQ-2594,54515,Llamado de consulta,Jhonny Torres N,712020:3cecf351-efbc-43f7-8cdc-ccc90034c4a0,Jhonny Torres N,712020:3cecf351-efbc-43f7-8cdc-ccc90034c4a0,Media,Revisión del N1,,21/ago/26 10:07,21/ago/26 11:58,
Requerimiento,REQ-2596,54521,cesionar línea de celular Movistar,,,Karoline Yised Lasso Torres,712020:172259ea-a77e-46f6-af04-a5c338f112f8,Media,Validación de requisitos,,21/ago/26 10:08,25/ago/26 11:42,
Incidente,INC-16283,54531,Aplicaciones del telefono no estan funcionando ,Franco Guinez A,712020:a3795c3a-aa5f-4cea-8071-60172591b157,Franco Guinez A,712020:a3795c3a-aa5f-4cea-8071-60172591b157,Alta,Equipo Asignado,,21/ago/26 10:18,21/ago/26 10:20,
Incidente,INC-16284,54533,Error para ingreso de mantenedor de reproductoras y abuelas,Fernando Esteban Fuentes Morales,712020:fe5bcc67-ea2e-4406-b5b9-58211a6e5c8b,Ivette Sepulveda B,712020:563aa2d0-0127-4b79-a108-c061e76eb239,Alta,Validación del usuario,,21/ago/26 10:19,21/ago/26 11:36,
Requerimiento,REQ-2602,54553,Llamado de consulta,Jhonny Torres N,712020:3cecf351-efbc-43f7-8cdc-ccc90034c4a0,Jhonny Torres N,712020:3cecf351-efbc-43f7-8cdc-ccc90034c4a0,Media,Revisión del N1,,21/ago/26 10:34,24/ago/26 08:19,
Incidente,INC-16298,54609,cuenta sin acceso a outlook,Nicolas Ignacio Lobos Muñoz,712020:231572bf-d0c7-4e49-bbe3-989381fb5348,Erik Avello,712020:9d91180a-22c7-4d43-9eab-97c8cf49ecbf,Alta,Validación del usuario,,21/ago/26 11:23,01/sep/26 11:05,
Incidente S4,IS4-6750,54637,Optimización proceso de LIPS - Contingencia,Jazmin Ulloa Castillo,70121:720243fc-8069-4ba1-b414-3e11b13052c1,Jazmin Ulloa Castillo,70121:720243fc-8069-4ba1-b414-3e11b13052c1,Alta,Diagnostico/Validación Inicial,,21/ago/26 11:56,21/ago/26 14:39,
Incidente,INC-16303,54647,SIN ACCESO A INTERNET,Victor Mauricio Vera Nuñez,712020:46155656-0657-4144-9fa4-ba01a5c2fdf8,Ivette Sepulveda B,712020:563aa2d0-0127-4b79-a108-c061e76eb239,Alta,Validación del usuario,,21/ago/26 12:07,24/ago/26 08:55,
Requerimiento,REQ-2619,54653,Solicitud de ayuda urgente por cierre reiterado de requerimiento de homologación,,,Paulina Teresa Maureira Maureira,712020:e056fa97-8bbc-4604-8650-511ef0833c1b,Media,Solicitud Recibida,,21/ago/26 12:13,21/ago/26 12:13,
Incidente S4,IS4-6751,54659,Asignación de folio 0100893989 al documento 974102275,LUZ ADRIANA CORREDOR GARCIA,712020:c4cdd827-d310-4562-a053-e021cad8b4d8,Rodrigo Javier Valenzuela Aguirre,712020:9f2dcc5b-48cc-4894-89ef-46cde1420bfc,Alta,Validación del usuario,,21/ago/26 12:18,21/ago/26 13:49,
Requerimiento,REQ-2622,54667,RE: Solicitud de ayuda urgente por cierre reiterado de requerimiento de homologación,Equipo Soporte Atlassian Softtek Chile,712020:23b2f42a-14cc-42e2-b5a2-8b05da260366,Alexandra Catalina Jerez Arce,712020:faf68302-df2e-478a-a7be-04a2085ed0a7,Media,Validación de requisitos,,21/ago/26 12:24,07/sep/26 11:15,
Incidente S4,IS4-6752,54681,favor urgente pasar etiquetas de estatus C a A y adicional a eso regularizarlas en tabla ZCAJAS_LEIDAS,Angie Espinoza,712020:d2d363d3-b9ac-47bf-923a-f89eb5887a5d,Jose Carlos Suarez Añez,712020:d2a0dbc9-b77d-4373-9cf5-33ae09b627c8,Alta,Validación del usuario,,21/ago/26 12:42,21/ago/26 13:38,
Incidente S4,IS4-6753,54693,Doc de inventario ,Angie Espinoza,712020:d2d363d3-b9ac-47bf-923a-f89eb5887a5d,Frigorifico San Antonio,712020:2b849152-181b-456d-8eaf-9dc44408f9da,Alta,Esperando por el usuario,,21/ago/26 12:56,07/sep/26 09:13,
Incidente AMS,AMS-1672,54715,Nodo con error,Diego Flores,712020:314bedea-6181-4d50-97d5-e114b8742d38,Franco Guinez A,712020:a3795c3a-aa5f-4cea-8071-60172591b157,Alta,Validación del usuario,,21/ago/26 13:37,21/ago/26 14:23,
Incidente S4,IS4-6755,54717,Transaccion no esta funcionando ,Magda Patricia Espinosa Bustos,712020:bb2e79ad-1f51-4542-9922-ae2652bcf9dd,Franco Guinez A,712020:a3795c3a-aa5f-4cea-8071-60172591b157,Alta,Esperando por el usuario,,21/ago/26 13:40,24/ago/26 14:10,
Incidente S4,IS4-6756,54737,Rendición no aparece ZSD009,Magda Patricia Espinosa Bustos,712020:bb2e79ad-1f51-4542-9922-ae2652bcf9dd,Belen Macarena Diutour Cagliero,712020:f18533a6-6697-4dd2-8f1b-365a81201189,Alta,Validación del usuario,,21/ago/26 13:51,24/ago/26 14:17,
Incidente S4,IS4-6761,54755,Diferencia de tarja VS guia de despacho ,Felipe Duran,712020:af79e742-ca83-4c13-91e8-5b24a7372f8b,Victor Javier Enrique Riveros Crespo,712020:e1e8fff9-faa5-4f29-9e17-a2fcd1fbb35a,Alta,Esperando por el usuario,,21/ago/26 14:11,26/ago/26 09:00,
Incidente AMS,AMS-1673,54759,GUIAS DE ALIMENTOS NO CARGADAS EN CONECTATE,Diego Flores,712020:314bedea-6181-4d50-97d5-e114b8742d38,Jhonny Torres N,712020:3cecf351-efbc-43f7-8cdc-ccc90034c4a0,Alta,Validación del usuario,,21/ago/26 14:15,24/ago/26 13:16,
Incidente S4,IS4-6762,54775,Problemas con correo en CX,,,Carlos Javier Roco Rojas,712020:11fd3bb5-1d6b-43a2-aec4-2318ae1ef819,Alta,Equipo Resolutor Asignado,,21/ago/26 14:32,24/ago/26 11:50,
Incidente S4,IS4-6763,54785,RE: Información adicional Incidente IS4-6475,,,Esteban Maximiliano Moya Diaz,712020:a0599bda-a2ec-4aa3-8d50-955071c76841,Alta,Creado,,21/ago/26 14:40,21/ago/26 14:40,
Incidente,INC-16328,54787,Evaluación e implementación de Nota KBA 2168168 por error SE001 en ML81N (HES)/ AQUACHILE,Enzo Sebastian Osorio Tiznado,712020:bdc566f5-eb54-4451-8fc0-407773ddbcaa,Felipe Esteban Ravellos Lara,712020:34aa28de-0baa-4f2f-92d4-785379a9a54c,Alta,Validación del usuario,,21/ago/26 14:42,21/ago/26 14:58,
Incidente,INC-16329,54795,Equipo se queda pegado ,Fernando Esteban Fuentes Morales,712020:fe5bcc67-ea2e-4406-b5b9-58211a6e5c8b,Felipe Esteban Ravellos Lara,712020:34aa28de-0baa-4f2f-92d4-785379a9a54c,Alta,Validación del usuario,,21/ago/26 14:51,24/ago/26 10:11,
Incidente AMS,AMS-1676,54829,c001,,,"Aqueveque Contreras, Abigail Tamarin",712020:463ae0cb-97d0-4261-a4b8-fd67378cc7c9,Alta,Cancelado,,21/ago/26 15:18,24/ago/26 14:59,
Incidente AMS,AMS-1677,54833,nodos caidos grupo 20,Diego Flores,712020:314bedea-6181-4d50-97d5-e114b8742d38,Jhonny Torres N,712020:3cecf351-efbc-43f7-8cdc-ccc90034c4a0,Alta,Validación del usuario,,21/ago/26 15:22,21/ago/26 16:29,
Incidente AMS,AMS-1678,54835,nodos caidos grupo 21,Sebastian Suazo,712020:6b2b9a90-6b38-4d05-ae00-17b744f21325,Jhonny Torres N,712020:3cecf351-efbc-43f7-8cdc-ccc90034c4a0,Alta,Validación del usuario,,21/ago/26 15:23,21/ago/26 16:29,
Incidente AMS,AMS-1679,54837,nodos caidos grupo 06,Diego Flores,712020:314bedea-6181-4d50-97d5-e114b8742d38,Jhonny Torres N,712020:3cecf351-efbc-43f7-8cdc-ccc90034c4a0,Alta,Validación del usuario,,21/ago/26 15:24,21/ago/26 16:25,
Incidente S4,IS4-6765,54851,CRUCE DE MATERIALES,LUZ ADRIANA CORREDOR GARCIA,712020:c4cdd827-d310-4562-a053-e021cad8b4d8,Maria Ines Latorre Alvarez,712020:794c083e-6b78-4dde-aac6-a319506bb9cb,Alta,Validación del usuario,,21/ago/26 15:49,21/ago/26 17:14,
Requerimiento,REQ-2650,54857,Llamado de consulta,Jhonny Torres N,712020:3cecf351-efbc-43f7-8cdc-ccc90034c4a0,Jhonny Torres N,712020:3cecf351-efbc-43f7-8cdc-ccc90034c4a0,Media,Revisión del N1,,21/ago/26 15:57,21/ago/26 16:32,
Requerimiento,REQ-2651,54865,Llamado de consulta,Jhonny Torres N,712020:3cecf351-efbc-43f7-8cdc-ccc90034c4a0,Jhonny Torres N,712020:3cecf351-efbc-43f7-8cdc-ccc90034c4a0,Media,Revisión del N1,,21/ago/26 16:00,21/ago/26 16:37,
Incidente,INC-16353,54877,CUENTA DE PROVEEDOR BLOQUEADA,DANILO ESTEBAN Rodriguez Leiva,637297188fd2d2d5f12bc7aa,Ivette Sepulveda B,712020:563aa2d0-0127-4b79-a108-c061e76eb239,Alta,Validación del usuario,,21/ago/26 16:05,21/ago/26 16:57,
Incidente S4,IS4-6767,54883,no existe informacion para operar,NANCY CATARI,712020:492b1cc8-64c6-45a0-b266-53afd12fe47a,Jhonny Torres N,712020:3cecf351-efbc-43f7-8cdc-ccc90034c4a0,Alta,Validación del usuario,,21/ago/26 16:22,28/ago/26 16:51,
Incidente S4,IS4-6771,54899,c001,,,Jair Stiven Méndez Baquero,712020:66e4c6db-2ecc-4e66-bfc2-850cc8894432,Alta,Validación Asignación Equipo Proyecto S4,,21/ago/26 16:54,03/sep/26 09:11,
Incidente,INC-16358,54901,switch con problemas de funcionamiento,Carlos Alberto Pavez Diaz,712020:07f89943-bb5b-4b7c-a927-9777b941f3cb,Erik Avello,712020:9d91180a-22c7-4d43-9eab-97c8cf49ecbf,Alta,Validación del usuario,,21/ago/26 16:58,21/ago/26 17:34,
Incidente AMS,AMS-1682,54905,Agregar datos de pabellones a guias de alimento que se encuentran con ese dato vacio,Diego Flores,712020:314bedea-6181-4d50-97d5-e114b8742d38,Jair Stiven Méndez Baquero,712020:66e4c6db-2ecc-4e66-bfc2-850cc8894432,Alta,Validación del usuario,,21/ago/26 16:59,26/ago/26 17:08,
Incidente S4,IS4-6772,54917,Desfase de datos,Victor Manuel Acuña Caballero,712020:b1b7bbb9-be1a-4665-8069-cb1d1eaa2795,Erik Avello,712020:9d91180a-22c7-4d43-9eab-97c8cf49ecbf,Alta,Validación del usuario,,21/ago/26 17:09,25/ago/26 14:45,
Incidente,INC-16364,54929,[MONITOREO] - caída masiva de sectores del proveedor CS,Victor Mauricio Vera Nuñez,712020:46155656-0657-4144-9fa4-ba01a5c2fdf8,Matías Rafael Donoso Jiménez,712020:447c3261-7861-432f-9a7f-90c291135e15,Alta,Validación del usuario,,21/ago/26 21:12,23/ago/26 20:54,
Incidente,INC-16367,54935,Monitoreo - Caida de enlace Silica Repaldo S/4,Victor Mauricio Vera Nuñez,712020:46155656-0657-4144-9fa4-ba01a5c2fdf8,Matías Rafael Donoso Jiménez,712020:447c3261-7861-432f-9a7f-90c291135e15,Alta,Validación del usuario,,21/ago/26 23:27,23/ago/26 20:50,
Incidente AMS,AMS-1685,54967,Cerrar transporte 6680069 de planta lo miranda,,,Coordinadores de Despacho,712020:986220e7-3e6e-41d9-aea3-c2226f535cdf,Alta,Cancelado,,22/ago/26 08:58,24/ago/26 14:59,
Incidente,INC-16379,54973,Cambio IP,Benjamin Nicolas Vidal Caroca,712020:2062d08e-0238-40d5-a11c-67396d81019b,Leidy Tatiana León Lizcano,712020:7c332f1c-beea-4c36-850d-a4bebe955356,Alta,Validación del usuario,,22/ago/26 09:52,24/ago/26 11:22,
Incidente,INC-16384,54991,Sector sin internet ,Victor Mauricio Vera Nuñez,712020:46155656-0657-4144-9fa4-ba01a5c2fdf8,Felipe Esteban Ravellos Lara,712020:34aa28de-0baa-4f2f-92d4-785379a9a54c,Alta,Validación del usuario,,22/ago/26 11:34,01/sep/26 11:55,
Incidente,INC-16388,55001,Bloqueo Fortinet,Benjamin Nicolas Vidal Caroca,712020:2062d08e-0238-40d5-a11c-67396d81019b,Leidy Tatiana León Lizcano,712020:7c332f1c-beea-4c36-850d-a4bebe955356,Alta,Validación del usuario,,22/ago/26 13:41,24/ago/26 11:48,
Incidente,INC-16395,55019,Sin sistema conectate en el sector Cerdos/Maitenlahue/Sitio 6,Victor Mauricio Vera Nuñez,712020:46155656-0657-4144-9fa4-ba01a5c2fdf8,Jair Stiven Méndez Baquero,712020:66e4c6db-2ecc-4e66-bfc2-850cc8894432,Alta,Validación del usuario,,22/ago/26 15:58,24/ago/26 12:13,
Incidente S4,IS4-6780,55027,Cerrar transporte 6680069 de planta lo miranda,Magda Patricia Espinosa Bustos,712020:bb2e79ad-1f51-4542-9922-ae2652bcf9dd,Erik Avello,712020:9d91180a-22c7-4d43-9eab-97c8cf49ecbf,Alta,Validación del usuario,,22/ago/26 16:25,22/ago/26 16:41,
Incidente,INC-16404,55043,Apagado INMEDIATO y encendido programado de servidores virtuales por mantención eléctrica - Planta Casablanca,DANILO ESTEBAN Rodriguez Leiva,637297188fd2d2d5f12bc7aa,Karol Dayanna Palomino Serrano,712020:e4df31f3-cc17-4db7-b128-efd436a7f3c9,Alta,Validación del usuario,,22/ago/26 18:50,23/ago/26 01:23,
Incidente S4,IS4-6781,55045,sap,ext_mcorrea_softtek@agrosuper.com,712020:5323166f-ed94-4acc-a23b-f7f9110326f4,despcopiapo@agrosuper.com,712020:24704e31-924f-4c02-834e-a097a4659764,Alta,Validación del usuario,,22/ago/26 20:42,22/ago/26 21:21,
Incidente S4,IS4-6782,55049,Favor su ayuda recepcionando material en transito  transporte 0015684344,ext_mcorrea_softtek@agrosuper.com,712020:5323166f-ed94-4acc-a23b-f7f9110326f4,Jose Carlos Suarez Añez,712020:d2a0dbc9-b77d-4373-9cf5-33ae09b627c8,Alta,Validación del usuario,,22/ago/26 21:56,22/ago/26 22:38,
Incidente,INC-16409,55057,[Monitoreo] Caída de ambos enlaces,Victor Mauricio Vera Nuñez,712020:46155656-0657-4144-9fa4-ba01a5c2fdf8,Benjamín Reyes Aravena,712020:69f5cef6-164b-4af6-9971-75c05d019041,Alta,Validación del usuario,,23/ago/26 07:14,23/ago/26 20:32,
Incidente,INC-16415,55071,Pérdida de comunicación en HMI / Códigos de materia prima no visibles - Planta 1 (Planta de Alimentos Lo Miranda),DANILO ESTEBAN Rodriguez Leiva,637297188fd2d2d5f12bc7aa,Karol Dayanna Palomino Serrano,712020:e4df31f3-cc17-4db7-b128-efd436a7f3c9,Alta,Validación del usuario,,23/ago/26 19:37,23/ago/26 20:22,
Incidente,INC-16428,55097,problemas HMI,DANILO ESTEBAN Rodriguez Leiva,637297188fd2d2d5f12bc7aa,Jhonny Torres N,712020:3cecf351-efbc-43f7-8cdc-ccc90034c4a0,Alta,Validación del usuario,,24/ago/26 02:26,24/ago/26 03:27,
Incidente,INC-16431,55109,problemas HMI,DANILO ESTEBAN Rodriguez Leiva,637297188fd2d2d5f12bc7aa,Jhonny Torres N,712020:3cecf351-efbc-43f7-8cdc-ccc90034c4a0,Alta,Validación del usuario,,24/ago/26 06:19,24/ago/26 07:31,
Incidente S4,IS4-6783,55113,favor su ayuda cerrando el siguiente transporte 0015686367,LUZ ADRIANA CORREDOR GARCIA,712020:c4cdd827-d310-4562-a053-e021cad8b4d8,Jose Carlos Suarez Añez,712020:d2a0dbc9-b77d-4373-9cf5-33ae09b627c8,Alta,Validación del usuario,,24/ago/26 06:29,24/ago/26 08:53,
Incidente S4,IS4-6784,55125,Anulacion 904 ,Angie Espinoza,712020:d2d363d3-b9ac-47bf-923a-f89eb5887a5d,Posicionamiento Fdra.Sn.Vcte,712020:3be7ecbd-357b-445f-8122-351d406148ba,Alta,Esperando por el usuario,,24/ago/26 07:34,24/ago/26 11:41,
Incidente,INC-16437,55127,Monitoreo - oficina de CHINA con enlace caido,Carlos Alberto Pavez Diaz,712020:07f89943-bb5b-4b7c-a927-9777b941f3cb,Alejandro Enrique Gonzalez Bracho,712020:2a91d042-9782-44ad-8944-fe1523f3889d,Alta,Validación del usuario,,24/ago/26 07:35,25/ago/26 15:48,
Incidente,INC-16438,55129,Monitoreo - oficina de EEUU con enlace caido,Kevin Alexis Maldonado Muñoz,712020:c8eacfb5-650a-4c88-857f-2414a8f12044,Alejandro Enrique Gonzalez Bracho,712020:2a91d042-9782-44ad-8944-fe1523f3889d,Alta,Validación del usuario,,24/ago/26 07:35,25/ago/26 14:44,
Incidente,INC-16440,55133,[Monitoreo] Caida de enlace Movistar en Oficina Central,Victor Mauricio Vera Nuñez,712020:46155656-0657-4144-9fa4-ba01a5c2fdf8,Alejandro Enrique Gonzalez Bracho,712020:2a91d042-9782-44ad-8944-fe1523f3889d,Alta,Validación del usuario,,24/ago/26 07:44,25/ago/26 12:57,
Incidente AMS,AMS-1689,55163,Nodo termina con error,Crhistopher Sepulveda Gomez,712020:13f39121-e6b4-4cda-a566-699f9a1d5cfd,Erik Avello,712020:9d91180a-22c7-4d43-9eab-97c8cf49ecbf,Alta,Validación del usuario,,24/ago/26 08:36,24/ago/26 09:44,
Incidente AMS,AMS-1690,55171,No se puede realizar proceso de facturacion de pedidos en la transaccion VF01 de SAP SPR,,,Jair Stiven Méndez Baquero,712020:66e4c6db-2ecc-4e66-bfc2-850cc8894432,Alta,Cancelado,,24/ago/26 08:42,24/ago/26 15:15,
Incidente AMS,AMS-1691,55189,Usuario reporta guías no cargadas ,Sebastian Suazo,712020:6b2b9a90-6b38-4d05-ae00-17b744f21325,Erik Avello,712020:9d91180a-22c7-4d43-9eab-97c8cf49ecbf,Alta,Validación del usuario,,24/ago/26 08:50,24/ago/26 13:10,
Incidente S4,IS4-6786,55207,Error en SAP MIGO: Material bloqueado por inventario al ingresar Entrega Entrante N° 1826168425,Angie Espinoza,712020:d2d363d3-b9ac-47bf-923a-f89eb5887a5d,Karol Dayanna Palomino Serrano,712020:e4df31f3-cc17-4db7-b128-efd436a7f3c9,Alta,Esperando por el usuario,,24/ago/26 09:00,09/sep/26 12:37,
Incidente,INC-16465,55219,Bloqueo de internet/aplicaciones por sistema operativo desactualizado,Javier Alejandro Gonzalez Abarca,712020:9fc9fa65-2e7a-4d4c-9ba5-288f12754593,Jair Stiven Méndez Baquero,712020:66e4c6db-2ecc-4e66-bfc2-850cc8894432,Alta,Validación del usuario,,24/ago/26 09:10,24/ago/26 12:03,
Incidente,INC-16467,55225,"Caída total de Internet y Red Agrosuper - Oficina Atlanta, EEUU",Kevin Alexis Maldonado Muñoz,712020:c8eacfb5-650a-4c88-857f-2414a8f12044,Karol Dayanna Palomino Serrano,712020:e4df31f3-cc17-4db7-b128-efd436a7f3c9,Alta,Validación del usuario,,24/ago/26 09:12,25/ago/26 14:45,
Incidente AMS,AMS-1693,55231,Diferencia en reporte de rendimiento y despiece ,,,Marcelo Antonio Oyarzun Orellana,712020:d70f1429-dd7b-45e0-afe2-95c229d03001,Alta,Cancelado,,24/ago/26 09:16,27/ago/26 17:48,
Incidente AMS,AMS-1694,55239,Validar carga,Sebastian Suazo,712020:6b2b9a90-6b38-4d05-ae00-17b744f21325,Leidy Tatiana León Lizcano,712020:7c332f1c-beea-4c36-850d-a4bebe955356,Alta,Validación del usuario,,24/ago/26 09:29,24/ago/26 13:08,
Incidente AMS,AMS-1695,55245,Regularizar stop,Claudio Salamanca,6316239d3310c2492b5b2c5f,Leidy Tatiana León Lizcano,712020:7c332f1c-beea-4c36-850d-a4bebe955356,Alta,Validación del usuario,,24/ago/26 09:32,24/ago/26 12:26,
Incidente,INC-16472,55249,Se reportan problemas para acceder a la página de Tecnoandina,Scarlet Aracely Muñoz Castillo,712020:34dce0a0-0ac6-4759-a94a-13e2ae86b706,Erik Avello,712020:9d91180a-22c7-4d43-9eab-97c8cf49ecbf,Alta,Resuelto,,24/ago/26 09:36,26/ago/26 17:05,
Incidente S4,IS4-6788,55253,No se puede realizar proceso de facturacion de pedidos en la transaccion VF01 de SAP SPR,Angie Espinoza,712020:d2d363d3-b9ac-47bf-923a-f89eb5887a5d,Bastian González M,712020:9607098c-323a-4de8-a44a-9176793df19d,Alta,Validación del usuario,,24/ago/26 09:41,26/ago/26 12:32,
Incidente,INC-16474,55257,Desbloqueo Cuentas AD,Javier Alejandro Gonzalez Abarca,712020:9fc9fa65-2e7a-4d4c-9ba5-288f12754593,Cristian Fernando Gonzalez Salazar,712020:fea82959-496f-4b4f-b771-47213d3e02cd,Alta,Validación del usuario,,24/ago/26 09:42,24/ago/26 11:31,
Incidente,INC-16480,55269,Caída de Línea 800 Area de CAF,Aldo Rodrigo Gonzalez Contreras,712020:444ef87b-e384-47e4-b76a-52abffc021d9,Bastian González M,712020:9607098c-323a-4de8-a44a-9176793df19d,Alta,Resuelto,,24/ago/26 09:57,24/ago/26 17:28,
Incidente AMS,AMS-1696,55273,Solicitud urgente de retiro de hembras en resguardo para faenación (Mañana 25/08/2026) ,Diego Flores,712020:314bedea-6181-4d50-97d5-e114b8742d38,Karol Dayanna Palomino Serrano,712020:e4df31f3-cc17-4db7-b128-efd436a7f3c9,Alta,Validación del usuario,,24/ago/26 09:58,24/ago/26 10:16,
Incidente,INC-16489,55293,Desbloqueo Cuentas AD,Benjamin Nicolas Vidal Caroca,712020:2062d08e-0238-40d5-a11c-67396d81019b,Cristian Fernando Gonzalez Salazar,712020:fea82959-496f-4b4f-b771-47213d3e02cd,Alta,Resuelto,,24/ago/26 10:17,24/ago/26 13:12,
Incidente,INC-16492,55313,BLOQUEO DE BOCA,Carlos Alberto Pavez Diaz,712020:07f89943-bb5b-4b7c-a927-9777b941f3cb,Ivette Sepulveda B,712020:563aa2d0-0127-4b79-a108-c061e76eb239,Alta,Validación del usuario,,24/ago/26 10:33,26/ago/26 15:50,
Incidente,INC-16496,55325,Problemas correo,Jacinth Andrew Cordova Marcano,712020:2cbd7839-f70b-4079-a0ca-3c26f66080aa,Leidy Tatiana León Lizcano,712020:7c332f1c-beea-4c36-850d-a4bebe955356,Alta,Resuelto,,24/ago/26 10:41,24/ago/26 11:42,
Incidente,INC-16498,55335,Intermitencia y caída de conexión a Internet - La Manga,Felipe Andres Jeria Rodriguez,712020:f0d4df3d-4510-4e4a-be63-7258c31884e1,Karol Dayanna Palomino Serrano,712020:e4df31f3-cc17-4db7-b128-efd436a7f3c9,Alta,Validación del usuario,,24/ago/26 10:50,26/ago/26 17:22,
Incidente,INC-16506,55365,Pérdida de comunicación en HMI / 3 Plantas Detenidas - Planta Alimentos Lo Miranda,Jacinth Andrew Cordova Marcano,712020:2cbd7839-f70b-4079-a0ca-3c26f66080aa,Karol Dayanna Palomino Serrano,712020:e4df31f3-cc17-4db7-b128-efd436a7f3c9,Alta,Resuelto,,24/ago/26 11:14,24/ago/26 11:59,
Incidente,INC-16508,55369,problemas anexo,Carlos Alberto Pavez Diaz,712020:07f89943-bb5b-4b7c-a927-9777b941f3cb,Matías Rafael Donoso Jiménez,712020:447c3261-7861-432f-9a7f-90c291135e15,Alta,Validación del usuario,,24/ago/26 11:17,25/ago/26 15:47,
Incidente,INC-16510,55377,Bloqueo Fortinet,Benjamin Nicolas Vidal Caroca,712020:2062d08e-0238-40d5-a11c-67396d81019b,Leidy Tatiana León Lizcano,712020:7c332f1c-beea-4c36-850d-a4bebe955356,Alta,Validación del usuario,,24/ago/26 11:28,25/ago/26 11:28,
Incidente AMS,AMS-1697,55387,CORREO DE NODOS CON ERROR,Brayan Dario Guarnizo Celis,712020:3e04b4d9-d3d5-460e-8c1e-71260f00b901,Ivette Sepulveda B,712020:563aa2d0-0127-4b79-a108-c061e76eb239,Alta,Validación del usuario,,24/ago/26 11:36,24/ago/26 14:16,
Incidente,INC-16514,55391,Bloqueo de internet/aplicaciones por sistema operativo desactualizado,Javier Alejandro Gonzalez Abarca,712020:9fc9fa65-2e7a-4d4c-9ba5-288f12754593,Karol Dayanna Palomino Serrano,712020:e4df31f3-cc17-4db7-b128-efd436a7f3c9,Alta,Validación del usuario,,24/ago/26 11:37,25/ago/26 08:48,
Incidente S4,IS4-6797,55395,Diferencia en reporte de rendimiento y despiece,Francisco Javier Meneses Labatut,712020:25b1599a-7d16-430d-9304-bd0a59164714,Bastian González M,712020:9607098c-323a-4de8-a44a-9176793df19d,Alta,Validación del usuario,,24/ago/26 11:40,25/ago/26 15:08,
Incidente AMS,AMS-1698,55401,Se necesitan que hembras queden en estatus destetadas ,Crhistopher Sepulveda Gomez,712020:13f39121-e6b4-4cda-a566-699f9a1d5cfd,Erik Avello,712020:9d91180a-22c7-4d43-9eab-97c8cf49ecbf,Alta,Validación del usuario,,24/ago/26 11:48,24/ago/26 17:07,
Incidente AMS,AMS-1699,55405,machos con muchos días,Sebastian Suazo,712020:6b2b9a90-6b38-4d05-ae00-17b744f21325,Erik Avello,712020:9d91180a-22c7-4d43-9eab-97c8cf49ecbf,Alta,Validación del usuario,,24/ago/26 11:50,24/ago/26 15:18,
Incidente,INC-16518,55407,problemas genesys,Victor Mauricio Vera Nuñez,712020:46155656-0657-4144-9fa4-ba01a5c2fdf8,Matías Rafael Donoso Jiménez,712020:447c3261-7861-432f-9a7f-90c291135e15,Alta,Validación del usuario,,24/ago/26 11:51,26/ago/26 09:40,
Incidente AMS,AMS-1701,55418,LIBERAR ESTATUS DE DESPACHO SAP,,,Ivette Sepulveda B,712020:563aa2d0-0127-4b79-a108-c061e76eb239,Alta,Cancelado,,24/ago/26 11:58,27/ago/26 17:49,
Incidente S4,IS4-6799,55424,RE: Información adicional Incidente IS4-6784,,,Cristian Ramon Mella Jorquera,712020:9094d3a9-7a88-487e-a1a8-361c4b6304ce,Alta,Creado,,24/ago/26 12:02,24/ago/26 12:02,
Incidente,INC-16523,55438,Señal dispositivos conectate,Felipe Andres Jeria Rodriguez,712020:f0d4df3d-4510-4e4a-be63-7258c31884e1,Leidy Tatiana León Lizcano,712020:7c332f1c-beea-4c36-850d-a4bebe955356,Alta,Validación del usuario,,24/ago/26 12:16,31/ago/26 15:14,
Incidente S4,IS4-6801,55440,RV: IS4-6767 no existe informacion para operar,,,Luis Jonathan Navarrete Jimenez,712020:7324bbc3-6e19-4df6-b86e-659b2635ae7d,Alta,Creado,,24/ago/26 12:17,24/ago/26 12:17,
Requerimiento,REQ-2706,55442,Consulta ticket REQ-2642,Bastian González M,712020:9607098c-323a-4de8-a44a-9176793df19d,Bastian González M,712020:9607098c-323a-4de8-a44a-9176793df19d,Media,Revisión del N1,,24/ago/26 12:22,25/ago/26 09:28,
Incidente,INC-16527,55460,BATCH PEGADOS EN DOSIFICACION,Hector Mauricio Maturana Sepulveda,712020:5ef99b58-b0e5-4fa4-bf37-5ecd42e4f255,Matías Rafael Donoso Jiménez,712020:447c3261-7861-432f-9a7f-90c291135e15,Alta,Resuelto,,24/ago/26 12:33,24/ago/26 16:59,
Incidente,INC-16528,55464,"Error de pantalla azul al encender el equipo, no puede pasar al inicio de sesión ",Victor Manuel Currieco Marillan,712020:6499dafd-420b-45b4-8f3a-35c37c05a5c8,Jair Stiven Méndez Baquero,712020:66e4c6db-2ecc-4e66-bfc2-850cc8894432,Alta,Resuelto,,24/ago/26 12:37,26/ago/26 10:24,
Incidente,INC-16530,55474,Error de relación de confianza en Active Directory al cambiar contraseña,Fernando Esteban Fuentes Morales,712020:fe5bcc67-ea2e-4406-b5b9-58211a6e5c8b,Karol Dayanna Palomino Serrano,712020:e4df31f3-cc17-4db7-b128-efd436a7f3c9,Alta,Validación del usuario,,24/ago/26 12:54,25/ago/26 14:15,
Incidente,INC-16532,55478,Caída masiva enlaces CS,Victor Mauricio Vera Nuñez,712020:46155656-0657-4144-9fa4-ba01a5c2fdf8,Benjamin Salas Delgado,712020:623bd1ef-d260-489d-a6a2-dbbc38b83e31,Alta,Validación del usuario,,24/ago/26 13:02,25/ago/26 12:27,
Incidente S4,IS4-6807,55484,Regularización de guías pendientes de impresión  0015686934,Angie Espinoza,712020:d2d363d3-b9ac-47bf-923a-f89eb5887a5d,Jacinto Hernan Zapata Gomez,712020:31acf3d8-c645-4b8d-a9ee-7e5f82c11a0f,Alta,Validación del usuario,,24/ago/26 13:16,25/ago/26 10:46,
Incidente S4,IS4-6808,55518,LIBERAR ESTATUS DE DESPACHO SAP,Crhistopher Sepulveda Gomez,712020:13f39121-e6b4-4cda-a566-699f9a1d5cfd,Bastian González M,712020:9607098c-323a-4de8-a44a-9176793df19d,Alta,Diagnostico/Validación Inicial,,24/ago/26 14:08,07/sep/26 10:17,
Incidente,INC-16538,55526,Enlace Planta Alimento La Estrella,Felipe Andres Jeria Rodriguez,712020:f0d4df3d-4510-4e4a-be63-7258c31884e1,Luis Nibaldo Bustos Arriagada,712020:164a2568-3825-4854-b34b-12934469c8eb,Alta,Validación del usuario,,24/ago/26 14:17,26/ago/26 08:28,
Incidente AMS,AMS-1707,55534,Parametrización y habilitación general de productos Draxxin y Mobexvet en Sistema Conéctate,Sebastian Suazo,712020:6b2b9a90-6b38-4d05-ae00-17b744f21325,Karol Dayanna Palomino Serrano,712020:e4df31f3-cc17-4db7-b128-efd436a7f3c9,Alta,Validación del usuario,,24/ago/26 14:22,24/ago/26 17:12,
Incidente S4,IS4-6810,55544, Emision de guia ,,,Cristian Mauricio Jimenez Pizarro,712020:da2b14a6-0c3b-4938-ac20-f41823560659,Alta,Creado,,24/ago/26 14:32,03/sep/26 13:03,
Incidente S4,IS4-6811,55552,"Buenas tardes, favor su ayuda, cuando recepcionamos OC deberia caer por defecto al correo que se deje en la OC, el pdf con el detalle de la OC pero esto no esta pasando",Felipe Duran,712020:af79e742-ca83-4c13-91e8-5b24a7372f8b,Paulo Ignacio Llanos Yañez,712020:ca507367-a101-4ea2-b1c6-591e101c9efe,Alta,Esperando por el usuario,,24/ago/26 14:44,27/ago/26 16:34,
Incidente,INC-16545,55558,RE: INC-15722 Equipo de ventilacion no tiene internet,,,Flavia Maud Zamorano Castro,712020:22c861fe-1751-4848-a4e9-e068cf00d96b,Alta,Creado,,24/ago/26 14:58,24/ago/26 14:58,
Incidente S4,IS4-6812,55562,Problema de contabilización pallet congelado,Francisco Javier Meneses Labatut,712020:25b1599a-7d16-430d-9304-bd0a59164714,Alvaro Nunez Fernandez,712020:11f76ea0-f3aa-4179-9d8e-1e8c656466af,Alta,Validación del usuario,,24/ago/26 15:06,24/ago/26 16:12,
Incidente,INC-16552,55584,Caída de túnel VPN Sitio a Sitio con Maquila Carnes IKA (Santiago) - Despacho de camiones detenido,Scarlet Aracely Muñoz Castillo,712020:34dce0a0-0ac6-4759-a94a-13e2ae86b706,Karol Dayanna Palomino Serrano,712020:e4df31f3-cc17-4db7-b128-efd436a7f3c9,Alta,Resuelto,,24/ago/26 15:41,25/ago/26 10:17,
Incidente,INC-16556,55602,EQUIPO AISLADO POR ACTUALIZACION DE WINDOWS,Gustavo Adolfo Fierro Morales,712020:34251f21-925f-4970-bea7-659d3ebfa34a,Ivette Sepulveda B,712020:563aa2d0-0127-4b79-a108-c061e76eb239,Alta,Validación del usuario,,24/ago/26 15:59,25/ago/26 12:17,
Incidente S4,IS4-6821,55716,RE: Información adicional Incidente IS4-6721,,,Alexandra Javiera Orellana Prado,712020:5698217e-aabe-480d-b314-d743c21416bd,Alta,Creado,,24/ago/26 18:32,24/ago/26 18:32,
Incidente S4,IS4-6823,55746,sin folio ,LUZ ADRIANA CORREDOR GARCIA,712020:c4cdd827-d310-4562-a053-e021cad8b4d8,Luis Omar Saldivia Cortes,712020:1c98463d-51cb-4edf-b6b1-8ff518ce1498,Alta,Validación del usuario,,25/ago/26 02:57,25/ago/26 03:44,
Incidente S4,IS4-6824,55748,no se puede recepcionar pallet.,LUZ ADRIANA CORREDOR GARCIA,712020:c4cdd827-d310-4562-a053-e021cad8b4d8,Despacho 08 Fdra. El Milagro,712020:8d5b8e7b-4b18-460f-8ffc-2b4ba332b58e,Alta,Validación del usuario,,25/ago/26 03:06,25/ago/26 05:20,
Incidente,INC-16599,55750,[Monitoreo] Caida de enlace Entel en sucursal San Antonio,Italo Hernan Pinto Montoya,712020:2f3e1c92-5fc9-40db-a408-9c532c1b54b5,Alejandro Enrique Gonzalez Bracho,712020:2a91d042-9782-44ad-8944-fe1523f3889d,Alta,Validación del usuario,,25/ago/26 04:06,25/ago/26 11:27,
Incidente,INC-16608,55776,Celular en malas condiciones ,Marcelo Enrique Molina Gonzalez,712020:6ff29a06-6a09-4d45-8fa6-b2455efeaf8c,Felipe Esteban Ravellos Lara,712020:34aa28de-0baa-4f2f-92d4-785379a9a54c,Alta,Resuelto,,25/ago/26 08:02,25/ago/26 11:04,
Incidente,INC-16617,55800,Sin acceso a internet y bloqueado por Fortinet,Benjamin Nicolas Vidal Caroca,712020:2062d08e-0238-40d5-a11c-67396d81019b,Bastian González M,712020:9607098c-323a-4de8-a44a-9176793df19d,Alta,Validación del usuario,,25/ago/26 08:44,31/ago/26 16:46,
Requerimiento,REQ-2757,55832,Cambio y renovación de infraestructura de antenas y cableado de red en Grupo 18,Felipe Andres Jeria Rodriguez,712020:f0d4df3d-4510-4e4a-be63-7258c31884e1,Karol Dayanna Palomino Serrano,712020:e4df31f3-cc17-4db7-b128-efd436a7f3c9,Media,Equipo Proveedor,,25/ago/26 09:00,25/ago/26 13:54,
Incidente,INC-16630,55842,problemas equipo ,Victor Manuel Currieco Marillan,712020:6499dafd-420b-45b4-8f3a-35c37c05a5c8,Matías Rafael Donoso Jiménez,712020:447c3261-7861-432f-9a7f-90c291135e15,Alta,Resuelto,,25/ago/26 09:08,07/sep/26 15:20,
Incidente S4,IS4-6827,55862,PROBLEMAS EN EMISION DE GUIAS DE DESPACHO,Angie Espinoza,712020:d2d363d3-b9ac-47bf-923a-f89eb5887a5d,Ivette Sepulveda B,712020:563aa2d0-0127-4b79-a108-c061e76eb239,Alta,Validación del usuario,,25/ago/26 09:26,04/sep/26 10:25,
Incidente,INC-16638,55876,Problema Bluethooth,Javier Alejandro Gonzalez Abarca,712020:9fc9fa65-2e7a-4d4c-9ba5-288f12754593,Leidy Tatiana León Lizcano,712020:7c332f1c-beea-4c36-850d-a4bebe955356,Alta,Validación del usuario,,25/ago/26 09:45,25/ago/26 11:26,
Incidente,INC-16640,55886,No puede iniciar sesion en su equipo por mas intentos que realice o cambios de clave que le apliquen,Benjamin Nicolas Vidal Caroca,712020:2062d08e-0238-40d5-a11c-67396d81019b,Jair Stiven Méndez Baquero,712020:66e4c6db-2ecc-4e66-bfc2-850cc8894432,Alta,Validación del usuario,,25/ago/26 09:49,25/ago/26 10:54,
Incidente S4,IS4-6828,55926,RE: Información adicional Incidente IS4-6784,,,Cristian Ramon Mella Jorquera,712020:9094d3a9-7a88-487e-a1a8-361c4b6304ce,Alta,Creado,,25/ago/26 10:18,25/ago/26 12:11,
Incidente,INC-16655,55952,problemas equipo,Benjamin Nicolas Vidal Caroca,712020:2062d08e-0238-40d5-a11c-67396d81019b,Matías Rafael Donoso Jiménez,712020:447c3261-7861-432f-9a7f-90c291135e15,Alta,Validación del usuario,,25/ago/26 10:46,25/ago/26 11:24,
Incidente AMS,AMS-1719,55964,problema con guias,Francisco Javier Meneses Labatut,712020:25b1599a-7d16-430d-9304-bd0a59164714,Matías Rafael Donoso Jiménez,712020:447c3261-7861-432f-9a7f-90c291135e15,Alta,Validación del usuario,,25/ago/26 10:55,25/ago/26 17:21,
Incidente S4,IS4-6831,55980,RE: IS4-6788 No se puede realizar proceso de facturacion de pedidos en la transaccion VF01 de SAP SPR,,,Abigail Noemi Acevedo Astorga,70121:0eb2d668-f9d7-46b5-984a-ac0103a26312,Alta,Creado,,25/ago/26 11:02,25/ago/26 11:02,
Incidente S4,IS4-6832,55990,Re: [JIRA] (IS4-6762) Problemas con correo en CX,,,Efrain Pacheco,712020:6412964a-dfa2-4f80-8403-2fa9378be75a,Alta,Creado,,25/ago/26 11:13,25/ago/26 11:13,
Incidente S4,IS4-6833,56002,Asignación de folio 0100893989 al documento 974145298,Felipe Duran,712020:af79e742-ca83-4c13-91e8-5b24a7372f8b,Rodrigo Javier Valenzuela Aguirre,712020:9f2dcc5b-48cc-4894-89ef-46cde1420bfc,Alta,Validación del usuario,,25/ago/26 11:26,25/ago/26 11:35,
Incidente,INC-16662,56004,Validación de direcciones IP para SAP Datasphere e Integration Suite,Scarlet Aracely Muñoz Castillo,712020:34dce0a0-0ac6-4759-a94a-13e2ae86b706,Cristian Fernando Gonzalez Salazar,712020:fea82959-496f-4b4f-b771-47213d3e02cd,Alta,Resuelto,,25/ago/26 11:27,01/sep/26 11:25,
Incidente S4,IS4-6835,56020,RE: [JIRA] (IS4-6762) Problemas con correo en CX,,,Norka Zavarce,712020:6b198348-8873-424e-ae67-045d111b6938,Alta,Creado,,25/ago/26 11:47,25/ago/26 11:47,
Incidente,INC-16669,56034,Problema con aplicaciones celular VM ,Javier Alejandro Gonzalez Abarca,712020:9fc9fa65-2e7a-4d4c-9ba5-288f12754593,Felipe Esteban Ravellos Lara,712020:34aa28de-0baa-4f2f-92d4-785379a9a54c,Alta,Resuelto,,25/ago/26 12:09,25/ago/26 16:51,
Incidente,INC-16671,56048,Pc no enciende ,Jonathan Andres Navarro Azocar,712020:a5042667-d0d7-4571-b766-9934e56fa4cb,Cristian Fernando Gonzalez Salazar,712020:fea82959-496f-4b4f-b771-47213d3e02cd,Alta,Validación del usuario,,25/ago/26 12:23,25/ago/26 17:01,
Incidente,INC-16680,56076,Inaccesibilidad a portal BioSystem ,Scarlet Aracely Muñoz Castillo,712020:34dce0a0-0ac6-4759-a94a-13e2ae86b706,Karol Dayanna Palomino Serrano,712020:e4df31f3-cc17-4db7-b128-efd436a7f3c9,Alta,Resuelto,,25/ago/26 13:05,01/sep/26 11:30,
Incidente AMS,AMS-1722,56082,Problemas con Legacy,Sebastian Suazo,712020:6b2b9a90-6b38-4d05-ae00-17b744f21325,Cristian Fernando Gonzalez Salazar,712020:fea82959-496f-4b4f-b771-47213d3e02cd,Alta,Validación del usuario,,25/ago/26 13:20,25/ago/26 14:54,
Incidente,INC-16681,56086,reimpresion de cheque,Jorge Arnaldo Quiroz Olmos,712020:4e6376c9-f6d2-4bc4-b833-100074be9526,Jair Stiven Méndez Baquero,712020:66e4c6db-2ecc-4e66-bfc2-850cc8894432,Alta,Validación del usuario,,25/ago/26 13:27,25/ago/26 14:04,
Incidente,INC-16687,56120,problemas telefono fijo,Italo Hernan Pinto Montoya,712020:2f3e1c92-5fc9-40db-a408-9c532c1b54b5,Matías Rafael Donoso Jiménez,712020:447c3261-7861-432f-9a7f-90c291135e15,Alta,Escalado Proveedores Marca,,25/ago/26 14:35,31/ago/26 14:56,
Incidente AMS,AMS-1724,56126,Reflejas guías e eliminarlas  de otro sector ,Claudio Salamanca,6316239d3310c2492b5b2c5f,Felipe Esteban Ravellos Lara,712020:34aa28de-0baa-4f2f-92d4-785379a9a54c,Alta,Esperando por el usuario,,25/ago/26 14:51,09/sep/26 08:58,
Incidente S4,IS4-6841,56138,Data workbench problemas con la exportación,Angie Espinoza,712020:d2d363d3-b9ac-47bf-923a-f89eb5887a5d,Carlos Javier Roco Rojas,712020:11fd3bb5-1d6b-43a2-aec4-2318ae1ef819,Alta,Esperando por el usuario,,25/ago/26 14:59,25/ago/26 15:42,
Requerimiento,REQ-2814,56144,Solicitud de asignacion de codigo VM,Equipo Soporte Atlassian Softtek Chile,712020:23b2f42a-14cc-42e2-b5a2-8b05da260366,Cristian Fernando Gonzalez Salazar,712020:fea82959-496f-4b4f-b771-47213d3e02cd,Media,Validación de requisitos,,25/ago/26 15:07,25/ago/26 16:41,
Incidente S4,IS4-6844,56162,RE: IS4-6279 revisar UMP 100000000046847827 para poder despachar al transporte 6679017,,,Supervisores Despacho Aves FLM,712020:957d7586-6a1f-43df-af59-1898d8f3a38a,Alta,Creado,,25/ago/26 15:23,25/ago/26 15:23,
Requerimiento,REQ-2818,56170,Validar TK,Endy Villasmil,712020:de760acd-5b27-4fc2-a4ea-e31854338f83,Leidy Tatiana León Lizcano,712020:7c332f1c-beea-4c36-850d-a4bebe955356,Media,Revisión del N1,,25/ago/26 15:28,26/ago/26 14:58,
Incidente AMS,AMS-1726,56180,Rendimiento de faena,Francisco Javier Meneses Labatut,712020:25b1599a-7d16-430d-9304-bd0a59164714,Leidy Tatiana León Lizcano,712020:7c332f1c-beea-4c36-850d-a4bebe955356,Alta,Validación del usuario,,25/ago/26 15:35,26/ago/26 10:26,
Incidente S4,IS4-6845,56190,Diferencia de tarja VS guia de despacho ,Felipe Duran,712020:af79e742-ca83-4c13-91e8-5b24a7372f8b,Victor Javier Enrique Riveros Crespo,712020:e1e8fff9-faa5-4f29-9e17-a2fcd1fbb35a,Alta,Esperando por el usuario,,25/ago/26 15:48,26/ago/26 08:59,
Incidente S4,IS4-6846,56196,no puede visualizar marcos de compra,Dario Mur,712020:1b7b8e72-361a-425c-9bee-5bce3e920961,Matías Rafael Donoso Jiménez,712020:447c3261-7861-432f-9a7f-90c291135e15,Alta,Esperando por el usuario,,25/ago/26 15:54,28/ago/26 16:45,
Incidente,INC-16705,56208,Al intentar ingresar son cualquier usuario al sistema SAP SPR el sistema arroja un error ,Fernando Esteban Fuentes Morales,712020:fe5bcc67-ea2e-4406-b5b9-58211a6e5c8b,Jair Stiven Méndez Baquero,712020:66e4c6db-2ecc-4e66-bfc2-850cc8894432,Alta,Validación del usuario,,25/ago/26 16:04,02/sep/26 09:10,
Incidente S4,IS4-6847,56214,CRUCE DE MATERIALES,Angie Espinoza,712020:d2d363d3-b9ac-47bf-923a-f89eb5887a5d,Maria Ines Latorre Alvarez,712020:794c083e-6b78-4dde-aac6-a319506bb9cb,Alta,Esperando por el usuario,,25/ago/26 16:10,25/ago/26 17:47,
Incidente S4,IS4-6848,56226,CRUCE DE MATERIALES,Magda Patricia Espinosa Bustos,712020:bb2e79ad-1f51-4542-9922-ae2652bcf9dd,Maria Ines Latorre Alvarez,712020:794c083e-6b78-4dde-aac6-a319506bb9cb,Alta,Esperando por el usuario,,25/ago/26 16:33,25/ago/26 17:32,
Incidente AMS,AMS-1727,56228,Rescate de Numero de Guias,Brayan Dario Guarnizo Celis,712020:3e04b4d9-d3d5-460e-8c1e-71260f00b901,Cristian Fernando Gonzalez Salazar,712020:fea82959-496f-4b4f-b771-47213d3e02cd,Alta,Validación del usuario,,25/ago/26 16:33,08/sep/26 13:57,
Incidente AMS,AMS-1728,56230,Marcar peso y fertilidad para cargas de huevos,,,Jair Stiven Méndez Baquero,712020:66e4c6db-2ecc-4e66-bfc2-850cc8894432,Alta,Cancelado,,25/ago/26 16:33,27/ago/26 13:22,
Incidente AMS,AMS-1729,56242,Validar guias,Sebastian Suazo,712020:6b2b9a90-6b38-4d05-ae00-17b744f21325,Leidy Tatiana León Lizcano,712020:7c332f1c-beea-4c36-850d-a4bebe955356,Alta,Validación del usuario,,25/ago/26 16:39,25/ago/26 18:01,
Requerimiento,REQ-2836,56264,LLAMADA CONSULTA,Ivette Sepulveda B,712020:563aa2d0-0127-4b79-a108-c061e76eb239,Ivette Sepulveda B,712020:563aa2d0-0127-4b79-a108-c061e76eb239,Media,Resuelto,,25/ago/26 16:53,25/ago/26 16:54,
Incidente S4,IS4-6851,56272,Stock transito pendiente sin recepcionar,Magda Patricia Espinosa Bustos,712020:bb2e79ad-1f51-4542-9922-ae2652bcf9dd,Rodrigo Andres Montecinos Vera,712020:08c96e90-fec9-4545-b960-894965a70735,Alta,Validación del usuario,,25/ago/26 16:59,27/ago/26 09:17,
Incidente S4,IS4-6852,56274,problema de folio guias de despacho eléctronicas,Felipe Duran,712020:af79e742-ca83-4c13-91e8-5b24a7372f8b,Despacho Punta Arenas,712020:456e7a00-988e-4cbb-86c5-fbb0ea0403b2,Alta,Validación del usuario,,25/ago/26 17:02,03/sep/26 09:49,
Incidente S4,IS4-6854,56320,SOLICTUD NUEVO N° FOLIO,Magda Patricia Espinosa Bustos,712020:bb2e79ad-1f51-4542-9922-ae2652bcf9dd,Despacho Punta Arenas,712020:456e7a00-988e-4cbb-86c5-fbb0ea0403b2,Alta,Validación del usuario,,26/ago/26 00:38,02/sep/26 02:12,
Incidente,INC-16738,56338,Equipo no puede conectarse a internet,Fernando Esteban Fuentes Morales,712020:fe5bcc67-ea2e-4406-b5b9-58211a6e5c8b,Franco Guinez A,712020:a3795c3a-aa5f-4cea-8071-60172591b157,Alta,Validación del usuario,,26/ago/26 04:38,02/sep/26 09:11,
Incidente,INC-16746,56362,Problema de acceso Tecnoandina  https://produccionenlinea.agrosuper.cl/auth/login,Scarlet Aracely Muñoz Castillo,712020:34dce0a0-0ac6-4759-a94a-13e2ae86b706,Leidy Tatiana León Lizcano,712020:7c332f1c-beea-4c36-850d-a4bebe955356,Alta,Resuelto,,26/ago/26 08:01,26/ago/26 17:08,
Incidente,INC-16748,56368,PROBLEMAS CON TRANSACCION - CORREO,DANILO ESTEBAN Rodriguez Leiva,637297188fd2d2d5f12bc7aa,Ivette Sepulveda B,712020:563aa2d0-0127-4b79-a108-c061e76eb239,Alta,Validación del usuario,,26/ago/26 08:15,26/ago/26 09:05,
Incidente,INC-16752,56376,[Monitoreo] Caida de enlace Entel en Plta Alimento Longovilo,Italo Hernan Pinto Montoya,712020:2f3e1c92-5fc9-40db-a408-9c532c1b54b5,Alejandro Enrique Gonzalez Bracho,712020:2a91d042-9782-44ad-8944-fe1523f3889d,Alta,Validación del usuario,,26/ago/26 08:24,08/sep/26 16:32,
Incidente,INC-16754,56384,[Monitoreo] Caida de enlace Entel en Incubadora las arañas,Italo Hernan Pinto Montoya,712020:2f3e1c92-5fc9-40db-a408-9c532c1b54b5,Alejandro Enrique Gonzalez Bracho,712020:2a91d042-9782-44ad-8944-fe1523f3889d,Alta,Validación del usuario,,26/ago/26 08:35,31/ago/26 14:53,
Incidente,INC-16756,56388,problemas equipo,Victor Manuel Currieco Marillan,712020:6499dafd-420b-45b4-8f3a-35c37c05a5c8,Matías Rafael Donoso Jiménez,712020:447c3261-7861-432f-9a7f-90c291135e15,Alta,Resuelto,,26/ago/26 08:42,31/ago/26 11:07,
Incidente,INC-16759,56398,Sin internet en el sector,Felipe Andres Jeria Rodriguez,712020:f0d4df3d-4510-4e4a-be63-7258c31884e1,Bastian González M,712020:9607098c-323a-4de8-a44a-9176793df19d,Alta,Validación del usuario,,26/ago/26 09:02,26/ago/26 11:26,
Incidente,INC-16769,56450,No funciona Cámara Teams en sala de reunión ,Marcelo Enrique Molina Gonzalez,712020:6ff29a06-6a09-4d45-8fa6-b2455efeaf8c,Felipe Esteban Ravellos Lara,712020:34aa28de-0baa-4f2f-92d4-785379a9a54c,Alta,Resuelto,,26/ago/26 09:40,26/ago/26 11:17,
Incidente,INC-16776,56475,Sin internet,Felipe Andres Jeria Rodriguez,712020:f0d4df3d-4510-4e4a-be63-7258c31884e1,Leidy Tatiana León Lizcano,712020:7c332f1c-beea-4c36-850d-a4bebe955356,Alta,Validación del usuario,,26/ago/26 10:08,26/ago/26 10:52,
Incidente S4,IS4-6858,56483,Diferencia de tarja VS guia de despacho ,eyling rodriguez,712020:b143dc81-fa3d-4c22-a063-cf5a91d69ec8,Victor Javier Enrique Riveros Crespo,712020:e1e8fff9-faa5-4f29-9e17-a2fcd1fbb35a,Alta,Esperando por el usuario,,26/ago/26 10:24,03/sep/26 10:09,
Incidente S4,IS4-6860,56493,"Favor eliminar stock de ZLX02 ya que por consulta sale en tabla figura borrada, no se logra ver el movimiento 904 pero si cae almacén de producción F117",eyling rodriguez,712020:b143dc81-fa3d-4c22-a063-cf5a91d69ec8,Cristian Ramon Mella Jorquera,712020:9094d3a9-7a88-487e-a1a8-361c4b6304ce,Alta,Validación del usuario,,26/ago/26 10:39,03/sep/26 10:08,
Incidente,INC-16783,56511,PANTALLA DE CELULAR CORPORATIVO QUEBRADA,Fernando Esteban Fuentes Morales,712020:fe5bcc67-ea2e-4406-b5b9-58211a6e5c8b,Ivette Sepulveda B,712020:563aa2d0-0127-4b79-a108-c061e76eb239,Alta,Validación del usuario,,26/ago/26 10:58,27/ago/26 10:11,
Incidente,INC-16784,56519,Problemas borrar datos correo y citas por teams ,Marcelo Patricio Celis Retamal,712020:077cd782-bf12-45d5-81ef-952c99739577,Felipe Esteban Ravellos Lara,712020:34aa28de-0baa-4f2f-92d4-785379a9a54c,Alta,Resuelto,,26/ago/26 11:08,26/ago/26 15:55,
Incidente,INC-16785,56523,actualización S.O,Jonathan Andres Navarro Azocar,712020:a5042667-d0d7-4571-b766-9934e56fa4cb,Erik Avello,712020:9d91180a-22c7-4d43-9eab-97c8cf49ecbf,Alta,Validación del usuario,,26/ago/26 11:13,27/ago/26 15:37,
Incidente,INC-16788,56537,teléfono con fallo de pantalla,Marcelo Enrique Molina Gonzalez,712020:6ff29a06-6a09-4d45-8fa6-b2455efeaf8c,Erik Avello,712020:9d91180a-22c7-4d43-9eab-97c8cf49ecbf,Alta,Resuelto,,26/ago/26 11:25,31/ago/26 11:07,
Incidente S4,IS4-6862,56553,"RE: IS4-6860 Favor eliminar stock de ZLX02 ya que por consulta sale en tabla figura borrada, no se logra ver el movimiento 904 pero si cae almacén de producción F117",,,Luis Mauricio Zuñiga Pino,5f762dbdb61f66006f059a9c,Alta,Creado,,26/ago/26 11:34,26/ago/26 11:34,
Incidente,INC-16793,56573,Fallo de datos en Legacy ,Victor Manuel Currieco Marillan,712020:6499dafd-420b-45b4-8f3a-35c37c05a5c8,Bastian González M,712020:9607098c-323a-4de8-a44a-9176793df19d,Alta,Resuelto,,26/ago/26 11:47,01/sep/26 14:14,
Incidente S4,IS4-6863,56579,Stock transito pendiente sin recepcionar,Felipe Duran,712020:af79e742-ca83-4c13-91e8-5b24a7372f8b,Matías Rafael Donoso Jiménez,712020:447c3261-7861-432f-9a7f-90c291135e15,Alta,Validación del usuario,,26/ago/26 11:58,26/ago/26 12:18,
Incidente,INC-16796,56593,Validar equipo,Gustavo Adolfo Fierro Morales,712020:34251f21-925f-4970-bea7-659d3ebfa34a,Leidy Tatiana León Lizcano,712020:7c332f1c-beea-4c36-850d-a4bebe955356,Alta,Validación del usuario,,26/ago/26 12:12,04/sep/26 10:34,
Incidente S4,IS4-6865,56597," regularizacion stock, ump 100000000046847827",eyling rodriguez,712020:b143dc81-fa3d-4c22-a063-cf5a91d69ec8,Coordinadores Despacho Aves,712020:ff4d8d87-0c11-4486-9edc-244accd35270,Alta,Esperando por el usuario,,26/ago/26 12:22,03/sep/26 10:07,
Incidente S4,IS4-6866,56601,Homologación de cuentas,Marielin Liseth Villegas Escalona,712020:afb894d7-7e24-418f-a8c1-8593d8a70b54,Diego Andres Troncoso  Chacon,712020:25c8fb7b-fae6-46ce-9859-e22417a4dc5d,Alta,Documentación Incidente,,26/ago/26 12:25,07/sep/26 11:40,
Incidente,INC-16800,56619,Sector sin internet,Felipe Andres Jeria Rodriguez,712020:f0d4df3d-4510-4e4a-be63-7258c31884e1,Cristian Fernando Gonzalez Salazar,712020:fea82959-496f-4b4f-b771-47213d3e02cd,Alta,Validación del usuario,,26/ago/26 12:48,26/ago/26 15:14,
Incidente S4,IS4-6868,56623,Asociar numero de documento al Folio Fiscal ,eyling rodriguez,712020:b143dc81-fa3d-4c22-a063-cf5a91d69ec8,Felipe Esteban Ravellos Lara,712020:34aa28de-0baa-4f2f-92d4-785379a9a54c,Alta,Validación del usuario,,26/ago/26 12:55,26/ago/26 15:49,
Incidente S4,IS4-6869,56625,Asociar numero de documento al Folio Fiscal ,Felipe Duran,712020:af79e742-ca83-4c13-91e8-5b24a7372f8b,Felipe Esteban Ravellos Lara,712020:34aa28de-0baa-4f2f-92d4-785379a9a54c,Alta,Validación del usuario,,26/ago/26 12:58,26/ago/26 15:47,
Incidente S4,IS4-6870,56649,Re: Información adicional Incidente IS4-6448,,,Luis Alberto Huerta Sanchez,712020:15acabc8-220b-4af3-96ed-67e4f42550c8,Alta,Creado,,26/ago/26 13:15,26/ago/26 13:15,
Requerimiento,REQ-2897,56651,LLAMADA CONSULTA,Ivette Sepulveda B,712020:563aa2d0-0127-4b79-a108-c061e76eb239,Ivette Sepulveda B,712020:563aa2d0-0127-4b79-a108-c061e76eb239,Media,Resuelto,,26/ago/26 13:19,26/ago/26 13:21,
Incidente S4,IS4-6871,56655,no se puede cerrar el inventario,eyling rodriguez,712020:b143dc81-fa3d-4c22-a063-cf5a91d69ec8,Barbara Charlot Santi Vargas,712020:385b648c-f567-4631-9f70-30fd092073cd,Alta,Validación del usuario,,26/ago/26 13:32,01/sep/26 10:42,
Incidente,INC-16810,56667,DCI REPLICA aparece alertado,Carlos Alberto Pavez Diaz,712020:07f89943-bb5b-4b7c-a927-9777b941f3cb,Luis Nibaldo Bustos Arriagada,712020:164a2568-3825-4854-b34b-12934469c8eb,Alta,Validación del usuario,,26/ago/26 13:46,31/ago/26 14:34,
Incidente S4,IS4-6872,56673,RE: IS4-6791 COPIAR PERMISOS DE EREYESA EN LA TRANSACCION ME23N (Sin perder los permisos que ya tengo),,,Nicol Andrea Morales Morales,712020:91b93515-2a73-45a6-9079-564123abeffa,Alta,Creado,,26/ago/26 13:57,26/ago/26 13:57,
Incidente,INC-16815,56681,REINICIO MAQUINA VIRTUAL ,Guillermo Andres Benavides  Farias,712020:fb05db58-0e87-4d5f-b8ef-019907a66fdc,Ivette Sepulveda B,712020:563aa2d0-0127-4b79-a108-c061e76eb239,Alta,Validación del usuario,,26/ago/26 14:03,26/ago/26 15:16,
Incidente S4,IS4-6874,56695,Problema con Material en Vendedor ,Magda Patricia Espinosa Bustos,712020:bb2e79ad-1f51-4542-9922-ae2652bcf9dd,Bastian González M,712020:9607098c-323a-4de8-a44a-9176793df19d,Alta,Validación del usuario,,26/ago/26 14:23,26/ago/26 15:20,
Incidente,INC-16819,56703,Problemas con equipo ( celular) Preventa ,Jonathan Andres Navarro Azocar,712020:a5042667-d0d7-4571-b766-9934e56fa4cb,Felipe Esteban Ravellos Lara,712020:34aa28de-0baa-4f2f-92d4-785379a9a54c,Alta,Validación del usuario,,26/ago/26 14:30,27/ago/26 16:03,
Incidente AMS,AMS-1751,56707,Problema en pallet,Brayan Dario Guarnizo Celis,712020:3e04b4d9-d3d5-460e-8c1e-71260f00b901,Leidy Tatiana León Lizcano,712020:7c332f1c-beea-4c36-850d-a4bebe955356,Alta,Esperando por el usuario,,26/ago/26 14:34,03/sep/26 09:13,
Requerimiento,REQ-2907,56733,Llamada consulta ,Felipe Esteban Ravellos Lara,712020:34aa28de-0baa-4f2f-92d4-785379a9a54c,Felipe Esteban Ravellos Lara,712020:34aa28de-0baa-4f2f-92d4-785379a9a54c,Media,Revisión del N1,,26/ago/26 15:10,27/ago/26 14:26,
Incidente S4,IS4-6876,56745,adjunto lote,,,Barbara Charlot Santi Vargas,712020:385b648c-f567-4631-9f70-30fd092073cd,Alta,Creado,,26/ago/26 15:23,27/ago/26 08:06,
Incidente AMS,AMS-1753,56763,no permite mover el stock,,,Matías Rafael Donoso Jiménez,712020:447c3261-7861-432f-9a7f-90c291135e15,Alta,Cancelado,,26/ago/26 15:48,27/ago/26 13:21,
Incidente S4,IS4-6877,56765,problema ordenes de compra,eyling rodriguez,712020:b143dc81-fa3d-4c22-a063-cf5a91d69ec8,Matías Rafael Donoso Jiménez,712020:447c3261-7861-432f-9a7f-90c291135e15,Alta,Esperando por el usuario,,26/ago/26 15:51,03/sep/26 10:05,
Incidente,INC-16833,56767,Revision de JOBS,Jorge Arnaldo Quiroz Olmos,712020:4e6376c9-f6d2-4bc4-b833-100074be9526,Cristian Fernando Gonzalez Salazar,712020:fea82959-496f-4b4f-b771-47213d3e02cd,Alta,Validación del usuario,,26/ago/26 15:52,27/ago/26 10:08,
Incidente S4,IS4-6878,56771,RE: IS4-6566 Error en transaccion,,,Matias Fernando Miranda Montero,712020:1f1f763f-07cf-41f3-a908-7bd2b8e04fb7,Alta,Creado,,26/ago/26 15:58,26/ago/26 15:59,
Requerimiento,REQ-2913,56785,Acceso a transacciones,Francisco Javier Jimenez Soto,712020:d7eef56f-26a0-4307-9de7-855b3f2f1d22,Leidy Tatiana León Lizcano,712020:7c332f1c-beea-4c36-850d-a4bebe955356,Media,Validación con Usuario,,26/ago/26 16:16,09/sep/26 16:51,
Incidente,INC-16842,56793,Problemas al ingresar al correo,Fernando Esteban Fuentes Morales,712020:fe5bcc67-ea2e-4406-b5b9-58211a6e5c8b,Felipe Esteban Ravellos Lara,712020:34aa28de-0baa-4f2f-92d4-785379a9a54c,Alta,Validación del usuario,,26/ago/26 16:19,27/ago/26 10:41,
Incidente S4,IS4-6880,56795,No permite mover el stock,Angie Espinoza,712020:d2d363d3-b9ac-47bf-923a-f89eb5887a5d,Bastian González M,712020:9607098c-323a-4de8-a44a-9176793df19d,Alta,Validación del usuario,,26/ago/26 16:19,27/ago/26 10:43,
Incidente S4,IS4-6883,56837,Re: IS4-6827 PROBLEMAS EN EMISION DE GUIAS DE DESPACHO,,,Nicol Andrea Morales Morales,712020:91b93515-2a73-45a6-9079-564123abeffa,Alta,Creado,,26/ago/26 17:19,26/ago/26 17:19,
Incidente S4,IS4-6884,56847,Eliminación Pedido - Alteración de Demanda,Christian Mendez,712020:d3138b76-6aa2-432d-8832-e38d9cbf41e1,Nicolas Andres Sanchez Oyarzun,70121:1ca1d67d-9b23-4791-959a-9c992bee3d1c,Alta,Esperando por el usuario,,26/ago/26 17:33,26/ago/26 19:05,
Incidente S4,IS4-6885,56855,Error Validación De pedido Ecommerce ,,,Luis Maximiliano Acevedo Carreño,712020:ad62c96a-b80b-42ad-a2f2-58fc112402f9,Alta,Equipo Resolutor Asignado,,26/ago/26 17:58,27/ago/26 14:34,
Incidente,INC-16856,56861,Reinicio de máquina virtual 57-77 – Servicios Auxiliares,Patrick Boris Abnet Muñoz  Molina,712020:ac944e1e-85dd-4869-b78d-ba8112bb7484,Benjamín Reyes Aravena,712020:69f5cef6-164b-4af6-9971-75c05d019041,Alta,Validación del usuario,,26/ago/26 18:06,26/ago/26 19:49,
Incidente S4,IS4-6888,56883,problema en la tarja legacy al momento de recepcionar 102263401295,Christian Mendez,712020:d3138b76-6aa2-432d-8832-e38d9cbf41e1,despac02@agrosuper.com,712020:d54b0491-291b-44f0-98a6-a348c6d8e4fb,Alta,Validación del usuario,,26/ago/26 19:49,26/ago/26 20:09,
Incidente,INC-16865,56889,[MONITOREO] Enlace caído Oficina EE.UU  ,Italo Hernan Pinto Montoya,712020:2f3e1c92-5fc9-40db-a408-9c532c1b54b5,Evelyn Pozo M,712020:8120de32-7eac-45d7-b464-84865a422b01,Alta,Validación del usuario,,26/ago/26 22:11,31/ago/26 14:52,
Incidente S4,IS4-6892,56961,RE: adjunto lote,,,Nicolas Isaias Baeza Pizarro,712020:10ac8117-9109-4c68-82f6-c44fd51c5d3a,Alta,Creado,,27/ago/26 08:55,27/ago/26 08:55,
Incidente,INC-16889,56979,revisión de lógica de bajada de datos a sistema,,,Erik Avello,712020:9d91180a-22c7-4d43-9eab-97c8cf49ecbf,Alta,Equipo Asignado,,27/ago/26 09:26,27/ago/26 09:26,
Requerimiento,REQ-2942,56981,Solicitud de permiso a grupos dentro de una transaccion,Francisco Javier Jimenez Soto,712020:d7eef56f-26a0-4307-9de7-855b3f2f1d22,Jair Stiven Méndez Baquero,712020:66e4c6db-2ecc-4e66-bfc2-850cc8894432,Media,Validación con Usuario,,27/ago/26 09:29,09/sep/26 16:52,
Incidente,INC-16892,56993,FALLA CON CELULAR AL CARGARLO,Jonathan Andres Navarro Azocar,712020:a5042667-d0d7-4571-b766-9934e56fa4cb,Ivette Sepulveda B,712020:563aa2d0-0127-4b79-a108-c061e76eb239,Alta,Validación del usuario,,27/ago/26 09:41,01/sep/26 15:19,
Incidente AMS,AMS-1758,56999,Petición de entregas facturación,,,Erik Avello,712020:9d91180a-22c7-4d43-9eab-97c8cf49ecbf,Alta,Cancelado,,27/ago/26 09:49,27/ago/26 13:21,
Incidente,INC-16895,57009,generación de Nota SAP,Enzo Sebastian Osorio Tiznado,712020:bdc566f5-eb54-4451-8fc0-407773ddbcaa,Erik Avello,712020:9d91180a-22c7-4d43-9eab-97c8cf49ecbf,Alta,Esperando por el usuario,,27/ago/26 10:02,31/ago/26 10:14,
Incidente,INC-16896,57011,Intermitencia en el proceso,Aldo Rodrigo Gonzalez Contreras,712020:444ef87b-e384-47e4-b76a-52abffc021d9,Leidy Tatiana León Lizcano,712020:7c332f1c-beea-4c36-850d-a4bebe955356,Alta,Resuelto,,27/ago/26 10:06,27/ago/26 12:05,
Incidente,INC-16897,57013,data desde jam no está viajando,Guillermo Andres Benavides  Farias,712020:fb05db58-0e87-4d5f-b8ef-019907a66fdc,Erik Avello,712020:9d91180a-22c7-4d43-9eab-97c8cf49ecbf,Alta,Validación del usuario,,27/ago/26 10:06,07/sep/26 10:11,
Incidente,INC-16898,57023,Caída de servidor Asterisk 1 en Call Center (Afectación masiva de telefonía IP),Javier Esteban Castillo Jara,712020:1cf8bc7f-946e-4e1e-84b6-962e0924cd76,Karol Dayanna Palomino Serrano,712020:e4df31f3-cc17-4db7-b128-efd436a7f3c9,Alta,Esperando por el usuario,,27/ago/26 10:11,27/ago/26 10:22,
Incidente S4,IS4-6897,57057,PROBLEMAS EN EMISION DE GUIAS DE DESPACHO,,,Jair Stiven Méndez Baquero,712020:66e4c6db-2ecc-4e66-bfc2-850cc8894432,Alta,Equipo Resolutor Asignado,,27/ago/26 10:59,28/ago/26 15:41,
Incidente S4,IS4-6898,57067,Partición de entregas en facturación,eyling rodriguez,712020:b143dc81-fa3d-4c22-a063-cf5a91d69ec8,Bastian González M,712020:9607098c-323a-4de8-a44a-9176793df19d,Alta,Esperando por el usuario,,27/ago/26 11:05,03/sep/26 10:04,
Incidente,INC-16911,57077,No se está enviando la información desde el fan manager a tecno andina en el equipo de ventilación de oficina central,Fernando Esteban Fuentes Morales,712020:fe5bcc67-ea2e-4406-b5b9-58211a6e5c8b,Jair Stiven Méndez Baquero,712020:66e4c6db-2ecc-4e66-bfc2-850cc8894432,Alta,Validación del usuario,,27/ago/26 11:25,02/sep/26 09:30,
Incidente,INC-16916,57103,"Rendimiento deficiente, extrema lentitud y fallas múltiples en equipo de usuario (Las Palmas)",Fernando Esteban Fuentes Morales,712020:fe5bcc67-ea2e-4406-b5b9-58211a6e5c8b,Karol Dayanna Palomino Serrano,712020:e4df31f3-cc17-4db7-b128-efd436a7f3c9,Alta,Validación del usuario,,27/ago/26 11:59,02/sep/26 09:25,
Requerimiento,REQ-2958,57107,Acceso a transacciones,Francisco Javier Jimenez Soto,712020:d7eef56f-26a0-4307-9de7-855b3f2f1d22,Leidy Tatiana León Lizcano,712020:7c332f1c-beea-4c36-850d-a4bebe955356,Media,Revisión del N1,,27/ago/26 12:04,08/sep/26 14:36,
Incidente AMS,AMS-1764,57127,Bajar datos faltantes de carga y unificar carga en Legacy ,Crhistopher Sepulveda Gomez,712020:13f39121-e6b4-4cda-a566-699f9a1d5cfd,Bastian González M,712020:9607098c-323a-4de8-a44a-9176793df19d,Alta,Validación del usuario,,27/ago/26 12:55,08/sep/26 16:12,
Incidente,INC-16922,57145,usuaria reporta lentitud de pc,Benjamin Nicolas Vidal Caroca,712020:2062d08e-0238-40d5-a11c-67396d81019b,Erik Avello,712020:9d91180a-22c7-4d43-9eab-97c8cf49ecbf,Alta,Validación del usuario,,27/ago/26 13:10,27/ago/26 16:48,
Requerimiento,REQ-2962,57147,Solicitud de homologacion y acceso a transacciones,Marielin Liseth Villegas Escalona,712020:afb894d7-7e24-418f-a8c1-8593d8a70b54,Jair Stiven Méndez Baquero,712020:66e4c6db-2ecc-4e66-bfc2-850cc8894432,Media,Validación de requisitos,,27/ago/26 13:14,28/ago/26 13:58,
Incidente,INC-16936,57205,Carga bloqueada con one drive,Guillermo Andres Benavides  Farias,712020:fb05db58-0e87-4d5f-b8ef-019907a66fdc,Erik Avello,712020:9d91180a-22c7-4d43-9eab-97c8cf49ecbf,Alta,Escalado Proveedores Marca,,27/ago/26 14:55,27/ago/26 15:03,
Requerimiento,REQ-2973,57207,CREACION DE CUENTA DE SERVICIO,Marcelo Patricio Celis Retamal,712020:077cd782-bf12-45d5-81ef-952c99739577,Ivette Sepulveda B,712020:563aa2d0-0127-4b79-a108-c061e76eb239,Media,Subtarea N1,,27/ago/26 14:58,07/sep/26 10:08,
Requerimiento,REQ-2974,57209,Acceso a transacciones,Francisco Javier Jimenez Soto,712020:d7eef56f-26a0-4307-9de7-855b3f2f1d22,Leidy Tatiana León Lizcano,712020:7c332f1c-beea-4c36-850d-a4bebe955356,Media,Validación de requisitos,,27/ago/26 14:58,08/sep/26 12:10,
Incidente S4,IS4-6907,57227,no se puede eliminar inventario,Angie Espinoza,712020:d2d363d3-b9ac-47bf-923a-f89eb5887a5d,Barbara Charlot Santi Vargas,712020:385b648c-f567-4631-9f70-30fd092073cd,Alta,Validación del usuario,,27/ago/26 15:21,27/ago/26 17:49,
Incidente S4,IS4-6909,57241,RE: Información adicional Incidente IS4-6721,,,Alexandra Javiera Orellana Prado,712020:5698217e-aabe-480d-b314-d743c21416bd,Alta,Creado,,27/ago/26 15:37,27/ago/26 15:37,
Incidente AMS,AMS-1773,57267,Eliminación de pesaje erróneo en pallet - Carnes Ika,Claudio Salamanca,6316239d3310c2492b5b2c5f,Karol Dayanna Palomino Serrano,712020:e4df31f3-cc17-4db7-b128-efd436a7f3c9,Alta,Validación del usuario,,27/ago/26 15:55,09/sep/26 15:21,
Incidente S4,IS4-6911,57297,SAP -Problema con TX ZPR_LE_OPT - Transacción Logistica Optimizada,eyling rodriguez,712020:b143dc81-fa3d-4c22-a063-cf5a91d69ec8,Nicolas Prieto Camelo,712020:3f87e7d5-1b59-45ae-9674-027e748fb844,Alta,Diagnostico/Validación Inicial,,27/ago/26 16:39,09/sep/26 17:03,
Incidente AMS,AMS-1774,57317,error de distribución de guías ,,,Erik Avello,712020:9d91180a-22c7-4d43-9eab-97c8cf49ecbf,Alta,Validación del usuario,,27/ago/26 16:53,08/sep/26 19:29,
Incidente,INC-16976,57363,Falla de acceso a página Web Tecnoandina https://produccionenlinea.agrosuper.cl/auth/login,Italo Hernan Pinto Montoya,712020:2f3e1c92-5fc9-40db-a408-9c532c1b54b5,Nicolas Prieto Camelo,712020:3f87e7d5-1b59-45ae-9674-027e748fb844,Alta,Validación del usuario,,27/ago/26 18:20,28/ago/26 12:31,
Incidente S4,IS4-6915,57389,Generar EM (Derivar a sofftek),Magda Patricia Espinosa Bustos,712020:bb2e79ad-1f51-4542-9922-ae2652bcf9dd,Paola Belen Marchant Marchant,712020:75a26d2e-9f2d-4418-a3cc-0096689a4a87,Alta,Esperando por el usuario,,27/ago/26 21:45,01/sep/26 03:00,
Incidente,INC-16991,57399,[MONITOREO] Enlace Telxius - Sin servicio,Italo Hernan Pinto Montoya,712020:2f3e1c92-5fc9-40db-a408-9c532c1b54b5,Evelyn Pozo M,712020:8120de32-7eac-45d7-b464-84865a422b01,Alta,Validación del usuario,,27/ago/26 23:55,31/ago/26 14:51,
Incidente,INC-16998,57419,problemas equipo,Victor Manuel Currieco Marillan,712020:6499dafd-420b-45b4-8f3a-35c37c05a5c8,Jhonny Torres N,712020:3cecf351-efbc-43f7-8cdc-ccc90034c4a0,Alta,Resuelto,,28/ago/26 07:31,07/sep/26 15:22,
Requerimiento,REQ-3001,57427,Llamada consulta ,Felipe Esteban Ravellos Lara,712020:34aa28de-0baa-4f2f-92d4-785379a9a54c,Felipe Esteban Ravellos Lara,712020:34aa28de-0baa-4f2f-92d4-785379a9a54c,Media,Revisión del N1,,28/ago/26 08:20,02/sep/26 14:28,
Incidente,INC-17002,57433,TECNOANDINA - PLATAFORMA WEB,Marisel Edith Vergara Norambuena,712020:656a14e4-2420-468d-9903-a996e0185924,Ivette Sepulveda B,712020:563aa2d0-0127-4b79-a108-c061e76eb239,Alta,Escalado Proveedores Marca,,28/ago/26 08:43,08/sep/26 15:00,
Requerimiento,REQ-3007,57461,usuario realiza consulta,Matías Rafael Donoso Jiménez,712020:447c3261-7861-432f-9a7f-90c291135e15,Matías Rafael Donoso Jiménez,712020:447c3261-7861-432f-9a7f-90c291135e15,Media,Validación de requisitos,,28/ago/26 09:08,28/ago/26 09:10,
Incidente AMS,AMS-1777,57489,Guía no cargo correctamente datos,Brayan Dario Guarnizo Celis,712020:3e04b4d9-d3d5-460e-8c1e-71260f00b901,Felipe Esteban Ravellos Lara,712020:34aa28de-0baa-4f2f-92d4-785379a9a54c,Alta,Validación del usuario,,28/ago/26 09:38,03/sep/26 14:37,
Requerimiento,REQ-3021,57511,Solicitud de acceso a transaccion ABLDT para los usuarios BMOLINA y DDROGUETT en SAP,Francisco Javier Jimenez Soto,712020:d7eef56f-26a0-4307-9de7-855b3f2f1d22,Jair Stiven Méndez Baquero,712020:66e4c6db-2ecc-4e66-bfc2-850cc8894432,Media,Validación con Usuario,,28/ago/26 10:00,09/sep/26 16:59,
Incidente,INC-17023,57523,problemas conexion internet bloqueo forti,Scarlet Aracely Muñoz Castillo,712020:34dce0a0-0ac6-4759-a94a-13e2ae86b706,Matías Rafael Donoso Jiménez,712020:447c3261-7861-432f-9a7f-90c291135e15,Alta,Resuelto,,28/ago/26 10:21,01/sep/26 11:42,
Requerimiento,REQ-3025,57529,Llamada consulta ,Felipe Esteban Ravellos Lara,712020:34aa28de-0baa-4f2f-92d4-785379a9a54c,Felipe Esteban Ravellos Lara,712020:34aa28de-0baa-4f2f-92d4-785379a9a54c,Media,Revisión del N1,,28/ago/26 10:28,28/ago/26 11:19,
Incidente AMS,AMS-1778,57545,Actualización de NODOS,Brayan Dario Guarnizo Celis,712020:3e04b4d9-d3d5-460e-8c1e-71260f00b901,Ivette Sepulveda B,712020:563aa2d0-0127-4b79-a108-c061e76eb239,Alta,Validación del usuario,,28/ago/26 10:44,28/ago/26 12:22,
Incidente AMS,AMS-1779,57547,cambiar sexo ,Diego Flores,712020:314bedea-6181-4d50-97d5-e114b8742d38,Matías Rafael Donoso Jiménez,712020:447c3261-7861-432f-9a7f-90c291135e15,Alta,Validación del usuario,,28/ago/26 10:47,28/ago/26 17:04,
Incidente AMS,AMS-1780,57551,ingresar insumo a legacy y conectate,Sebastian Suazo,712020:6b2b9a90-6b38-4d05-ae00-17b744f21325,Matías Rafael Donoso Jiménez,712020:447c3261-7861-432f-9a7f-90c291135e15,Alta,Validación del usuario,,28/ago/26 10:50,28/ago/26 11:15,
Incidente S4,IS4-6918,57563,RE: IS4-6566 Error en transaccion,,,Matias Fernando Miranda Montero,712020:1f1f763f-07cf-41f3-a908-7bd2b8e04fb7,Alta,Creado,,28/ago/26 11:10,28/ago/26 11:10,
Incidente,INC-17029,57565,"Los puertos de carga, USB y HDMI del PC no están funcionando y adicional no le esta tomando ninguna red WIFI",Benjamin Nicolas Vidal Caroca,712020:2062d08e-0238-40d5-a11c-67396d81019b,Jair Stiven Méndez Baquero,712020:66e4c6db-2ecc-4e66-bfc2-850cc8894432,Alta,Validación del usuario,,28/ago/26 11:11,03/sep/26 15:05,
Incidente,INC-17030,57567,OP1: CELULAR CORPORATIVO CON PROBLEMAS DE LENTITUD,Benjamin Nicolas Vidal Caroca,712020:2062d08e-0238-40d5-a11c-67396d81019b,Ivette Sepulveda B,712020:563aa2d0-0127-4b79-a108-c061e76eb239,Alta,Validación del usuario,,28/ago/26 11:13,02/sep/26 15:58,
Incidente,INC-17031,57569,OP2: CELULAR CORPORATIVO CON PROBLEMAS DE LENTITUD,Benjamin Nicolas Vidal Caroca,712020:2062d08e-0238-40d5-a11c-67396d81019b,Ivette Sepulveda B,712020:563aa2d0-0127-4b79-a108-c061e76eb239,Alta,Validación del usuario,,28/ago/26 11:13,02/sep/26 15:56,
Requerimiento,REQ-3036,57581,usuario realiza consulta,,,Matías Rafael Donoso Jiménez,712020:447c3261-7861-432f-9a7f-90c291135e15,Media,Validación de requisitos,,28/ago/26 11:31,28/ago/26 11:32,
Requerimiento,REQ-3037,57583,Acceso a SharePoint ,Marcelo Patricio Celis Retamal,712020:077cd782-bf12-45d5-81ef-952c99739577,Felipe Esteban Ravellos Lara,712020:34aa28de-0baa-4f2f-92d4-785379a9a54c,Media,Subtarea N1,,28/ago/26 11:34,31/ago/26 08:49,
Incidente AMS,AMS-1782,57593,Eliminar resguardo a 7 hembras,Crhistopher Sepulveda Gomez,712020:13f39121-e6b4-4cda-a566-699f9a1d5cfd,Endy Villasmil,712020:de760acd-5b27-4fc2-a4ea-e31854338f83,Alta,Validación del usuario,,28/ago/26 11:43,28/ago/26 13:27,
Incidente,INC-17038,57597,EQUIPO AISLADO POR ACTUALIZACION DE WINDOWS,Javier Alejandro Gonzalez Abarca,712020:9fc9fa65-2e7a-4d4c-9ba5-288f12754593,Ivette Sepulveda B,712020:563aa2d0-0127-4b79-a108-c061e76eb239,Alta,Validación del usuario,,28/ago/26 11:54,31/ago/26 15:53,
Requerimiento,REQ-3041,57603,Checkeo de punto de red en San Antonio,Kevin Alexis Maldonado Muñoz,712020:c8eacfb5-650a-4c88-857f-2414a8f12044,Ivette Sepulveda B,712020:563aa2d0-0127-4b79-a108-c061e76eb239,Media,Equipo Proveedor,,28/ago/26 12:03,31/ago/26 09:47,
Incidente S4,IS4-6919,57607,Eliminación de demanda,Gustavo Adolfo Morales Paez,712020:2dfd4595-86d1-4051-8c30-07794c08fa6f,Jair Stiven Méndez Baquero,712020:66e4c6db-2ecc-4e66-bfc2-850cc8894432,Alta,Esperando por el usuario,,28/ago/26 12:06,02/sep/26 09:37,
Incidente,INC-17040,57611,Problema al cargar equipo (Notebook),Benjamin Nicolas Vidal Caroca,712020:2062d08e-0238-40d5-a11c-67396d81019b,Felipe Esteban Ravellos Lara,712020:34aa28de-0baa-4f2f-92d4-785379a9a54c,Alta,Validación del usuario,,28/ago/26 12:18,03/sep/26 15:06,
Incidente,INC-17045,57633,Problemas al visualizar correos ,Victor Manuel Currieco Marillan,712020:6499dafd-420b-45b4-8f3a-35c37c05a5c8,Felipe Esteban Ravellos Lara,712020:34aa28de-0baa-4f2f-92d4-785379a9a54c,Alta,Esperando por el usuario,,28/ago/26 12:52,08/sep/26 10:41,
Incidente AMS,AMS-1784,57635,sacar hembra de resguardo,Diego Flores,712020:314bedea-6181-4d50-97d5-e114b8742d38,Matías Rafael Donoso Jiménez,712020:447c3261-7861-432f-9a7f-90c291135e15,Alta,Validación del usuario,,28/ago/26 12:53,28/ago/26 12:58,
Incidente,INC-17047,57649,TRASPASO DE INFORMACION DE SQR AL SPR,,,Ivette Sepulveda B,712020:563aa2d0-0127-4b79-a108-c061e76eb239,Alta,Equipo Asignado,,28/ago/26 13:10,28/ago/26 13:11,
Incidente,INC-17049,57653,buzon lleno,Patrick Boris Abnet Muñoz  Molina,712020:ac944e1e-85dd-4869-b78d-ba8112bb7484,Matías Rafael Donoso Jiménez,712020:447c3261-7861-432f-9a7f-90c291135e15,Alta,Validación del usuario,,28/ago/26 13:14,31/ago/26 15:11,
Incidente S4,IS4-6922,57665,Problemas con SAP,Christian Mendez,712020:d3138b76-6aa2-432d-8832-e38d9cbf41e1,Cristian Fernando Gonzalez Salazar,712020:fea82959-496f-4b4f-b771-47213d3e02cd,Alta,Validación del usuario,,28/ago/26 13:45,31/ago/26 08:25,
Incidente S4,IS4-6924,57671,Problemas con Conectate,,,Cristian Fernando Gonzalez Salazar,712020:fea82959-496f-4b4f-b771-47213d3e02cd,Alta,Validación Asignación Equipo Proyecto S4,,28/ago/26 14:03,28/ago/26 14:43,
Incidente S4,IS4-6925,57673,.LEGACY CON ERROR,,,Ivette Sepulveda B,712020:563aa2d0-0127-4b79-a108-c061e76eb239,Alta,Validación Asignación Equipo Proyecto S4,,28/ago/26 14:05,28/ago/26 16:12,
Incidente,INC-17055,57687,EQUIPO DE ESCRITORIO NO INICIA SESION,Jonathan Andres Navarro Azocar,712020:a5042667-d0d7-4571-b766-9934e56fa4cb,Ivette Sepulveda B,712020:563aa2d0-0127-4b79-a108-c061e76eb239,Alta,Validación del usuario,,28/ago/26 14:18,01/sep/26 12:10,
Incidente,INC-17056,57689,Portería Candelaria sin sistema Legacy,Italo Hernan Pinto Montoya,712020:2f3e1c92-5fc9-40db-a408-9c532c1b54b5,Endy Villasmil,712020:de760acd-5b27-4fc2-a4ea-e31854338f83,Alta,Validación del usuario,,28/ago/26 14:20,29/ago/26 10:30,
Incidente,INC-17059,57701,Usuario no puede ingresar a equipo ,Javier Alejandro Gonzalez Abarca,712020:9fc9fa65-2e7a-4d4c-9ba5-288f12754593,Felipe Esteban Ravellos Lara,712020:34aa28de-0baa-4f2f-92d4-785379a9a54c,Alta,Resuelto,,28/ago/26 14:38,07/sep/26 11:17,
Requerimiento,REQ-3058,57709,Revisión FortiERD,Fabian Esteban Poblete Ruiz,712020:99045e67-dd9e-4f6d-88cf-229900ec93a2,Endy Villasmil,712020:de760acd-5b27-4fc2-a4ea-e31854338f83,Media,Validación de requisitos,,28/ago/26 14:44,31/ago/26 14:12,
Requerimiento,REQ-3060,57719,PROBLEMA SCANAR DEL BIOMETRICO,Ivette Sepulveda B,712020:563aa2d0-0127-4b79-a108-c061e76eb239,Ivette Sepulveda B,712020:563aa2d0-0127-4b79-a108-c061e76eb239,Media,Validación de requisitos,,28/ago/26 15:04,28/ago/26 15:09,
Requerimiento,REQ-3063,57725,Asignación Transacción  SPR,Francisco Javier Jimenez Soto,712020:d7eef56f-26a0-4307-9de7-855b3f2f1d22,Felipe Esteban Ravellos Lara,712020:34aa28de-0baa-4f2f-92d4-785379a9a54c,Media,Validación con Usuario,,28/ago/26 15:14,09/sep/26 17:02,
Incidente,INC-17067,57743,no se esta recibiendo informacion,DANILO ESTEBAN Rodriguez Leiva,637297188fd2d2d5f12bc7aa,Matías Rafael Donoso Jiménez,712020:447c3261-7861-432f-9a7f-90c291135e15,Alta,Documentación Incidente,,28/ago/26 15:28,09/sep/26 16:27,
Incidente S4,IS4-6928,57749,Regularizar etiquetas,Angie Espinoza,712020:d2d363d3-b9ac-47bf-923a-f89eb5887a5d,Coordinadores Despacho Frigorifico,712020:1556baec-a312-43d2-9e85-b7d809324722,Alta,Validación del usuario,,28/ago/26 15:38,28/ago/26 16:20,
Requerimiento,REQ-3072,57757,Acceso a transacciones en SAP SPR para el usuario mmelinir,Francisco Javier Jimenez Soto,712020:d7eef56f-26a0-4307-9de7-855b3f2f1d22,Jair Stiven Méndez Baquero,712020:66e4c6db-2ecc-4e66-bfc2-850cc8894432,Media,Validación con Usuario,,28/ago/26 15:47,09/sep/26 17:06,
Incidente,INC-17068,57763,Cuenta dada de baja ,Scarlet Aracely Muñoz Castillo,712020:34dce0a0-0ac6-4759-a94a-13e2ae86b706,Felipe Esteban Ravellos Lara,712020:34aa28de-0baa-4f2f-92d4-785379a9a54c,Alta,Resuelto,,28/ago/26 15:58,01/sep/26 11:59,
Incidente,INC-17076,57791,Sacar del aislamiento equipo bloqueado por forti (Ya esta actualizado a la ultima version),Giovanna Tavianni Lanzarini Manzano,712020:0ce6a8e2-f88d-4cb0-babb-fdedbed16c94,Jair Stiven Méndez Baquero,712020:66e4c6db-2ecc-4e66-bfc2-850cc8894432,Alta,Validación del usuario,,28/ago/26 16:16,02/sep/26 10:44,
Incidente,INC-17079,57801,[Monitoreo] Caída de enlaces Netland,Italo Hernan Pinto Montoya,712020:2f3e1c92-5fc9-40db-a408-9c532c1b54b5,Erik Avello,712020:9d91180a-22c7-4d43-9eab-97c8cf49ecbf,Alta,Validación del usuario,,28/ago/26 16:26,29/ago/26 10:37,
Incidente AMS,AMS-1792,57819,Corregir Cierre Trompeta,Claudio Salamanca,6316239d3310c2492b5b2c5f,Fernanda Isabel Gonzalez Zurita,712020:9bf833af-0683-41c5-8e9e-c933c9d2eda5,Alta,Validación del usuario,,28/ago/26 17:11,02/sep/26 15:08,
Incidente S4,IS4-6932,57831,problema al momento de recepcionar ,Magda Patricia Espinosa Bustos,712020:bb2e79ad-1f51-4542-9922-ae2652bcf9dd,despac02@agrosuper.com,712020:d54b0491-291b-44f0-98a6-a348c6d8e4fb,Alta,Validación del usuario,,28/ago/26 17:33,28/ago/26 18:10,
Incidente S4,IS4-6933,57835,ingreso de devolución errónea corresponde a devolución de cliente  o de vendedor ,Christian Mendez,712020:d3138b76-6aa2-432d-8832-e38d9cbf41e1,Despacho Chillan,712020:f76cc121-1e8c-4338-b90e-8d2f8baa91ba,Alta,Validación del usuario,,28/ago/26 18:20,28/ago/26 21:47,
Incidente S4,IS4-6934,57837,problema al recepcionar pallet desde maquila IKA,Sebastian Suazo,712020:6b2b9a90-6b38-4d05-ae00-17b744f21325,Jesus Alberto Castro Orellana,712020:7bb8bf0b-19b9-49b3-9096-72b07bc9c56c,Alta,Validación del usuario,,28/ago/26 18:26,28/ago/26 18:59,
Incidente S4,IS4-6936,57843,Error a la hora de imprimir guías con la transacción ZLE_DE06,Christian Mendez,712020:d3138b76-6aa2-432d-8832-e38d9cbf41e1,Nicolas Prieto Camelo,712020:3f87e7d5-1b59-45ae-9674-027e748fb844,Alta,Validación del usuario,,28/ago/26 19:21,29/ago/26 02:19,
Requerimiento,REQ-3083,57853,Consulta de Ticket IS4,Benjamín Reyes Aravena,712020:69f5cef6-164b-4af6-9971-75c05d019041,Benjamín Reyes Aravena,712020:69f5cef6-164b-4af6-9971-75c05d019041,Media,Revisión del N1,,28/ago/26 20:00,28/ago/26 20:06,
Incidente S4,IS4-6938,57869,Raf esta desconfigurada ,Francisco Javier Meneses Labatut,712020:25b1599a-7d16-430d-9304-bd0a59164714,Franco Guinez A,712020:a3795c3a-aa5f-4cea-8071-60172591b157,Alta,Documentación Incidente,,29/ago/26 04:43,29/ago/26 06:15,
Incidente,INC-17100,57871,Raf esta desconfigurada ,Javier Alejandro Gonzalez Abarca,712020:9fc9fa65-2e7a-4d4c-9ba5-288f12754593,Franco Guinez A,712020:a3795c3a-aa5f-4cea-8071-60172591b157,Alta,Resuelto,,29/ago/26 06:13,07/sep/26 12:15,
Incidente S4,IS4-6939,57881,Error al asignar pallet a transporte ,Christian Mendez,712020:d3138b76-6aa2-432d-8832-e38d9cbf41e1,Despacho Fdra_Rosario,712020:1965919a-9994-4a71-b0ab-9e1a6739e0ef,Alta,Validación del usuario,,29/ago/26 08:20,29/ago/26 12:58,
Incidente AMS,AMS-1793,57889,sacar hembra de resguardo,Diego Flores,712020:314bedea-6181-4d50-97d5-e114b8742d38,Matías Rafael Donoso Jiménez,712020:447c3261-7861-432f-9a7f-90c291135e15,Alta,Validación del usuario,,29/ago/26 08:39,29/ago/26 10:08,
Incidente,INC-17115,57911,Monitoreo - Caida de enlaces Entel y Movistar en Sucursal Los Angeles ,Italo Hernan Pinto Montoya,712020:2f3e1c92-5fc9-40db-a408-9c532c1b54b5,Bastian González M,712020:9607098c-323a-4de8-a44a-9176793df19d,Alta,Validación del usuario,,29/ago/26 09:42,31/ago/26 14:48,
Requerimiento,REQ-3086,57915,usuario realiza consulta,,,Matías Rafael Donoso Jiménez,712020:447c3261-7861-432f-9a7f-90c291135e15,Media,Validación de requisitos,,29/ago/26 09:49,29/ago/26 09:49,
Incidente,INC-17124,57957,Monitoreo - Caída de enlace Movistar - Planta Alim. La Estrella ,Italo Hernan Pinto Montoya,712020:2f3e1c92-5fc9-40db-a408-9c532c1b54b5,Bastian González M,712020:9607098c-323a-4de8-a44a-9176793df19d,Alta,Validación del usuario,,29/ago/26 14:51,31/ago/26 14:46,
Incidente,INC-17125,57965,"Caida de sistema HMI en planta de alimentos casablanca, esta en estado ""ROJO""",Italo Hernan Pinto Montoya,712020:2f3e1c92-5fc9-40db-a408-9c532c1b54b5,Jair Stiven Méndez Baquero,712020:66e4c6db-2ecc-4e66-bfc2-850cc8894432,Alta,Validación del usuario,,29/ago/26 16:31,08/sep/26 16:28,
Incidente AMS,AMS-1800,57967,"Error ""runtime 1060"" en legacy",Diego Flores,712020:314bedea-6181-4d50-97d5-e114b8742d38,Jair Stiven Méndez Baquero,712020:66e4c6db-2ecc-4e66-bfc2-850cc8894432,Alta,Validación del usuario,,29/ago/26 16:36,29/ago/26 17:23,
Incidente,INC-17126,57969,[MONITOREO] Contingencia Planta de Alimentos - Casa blanca (Sensor conexión maquina),Patrick Boris Abnet Muñoz  Molina,712020:ac944e1e-85dd-4869-b78d-ba8112bb7484,Evelyn Pozo M,712020:8120de32-7eac-45d7-b464-84865a422b01,Alta,Validación del usuario,,29/ago/26 16:56,01/sep/26 09:09,
Incidente,INC-17127,57975,[MONITOREO] Caída de enlace ENTEL - Incubadora Las Arañas ,Italo Hernan Pinto Montoya,712020:2f3e1c92-5fc9-40db-a408-9c532c1b54b5,Evelyn Pozo M,712020:8120de32-7eac-45d7-b464-84865a422b01,Alta,Validación del usuario,,29/ago/26 19:37,31/ago/26 14:45,
Incidente,INC-17130,57981,[MONITOREO] Caída de enlace ENTEL - Sucursal San Felipe,Italo Hernan Pinto Montoya,712020:2f3e1c92-5fc9-40db-a408-9c532c1b54b5,Evelyn Pozo M,712020:8120de32-7eac-45d7-b464-84865a422b01,Alta,Validación del usuario,,29/ago/26 23:37,31/ago/26 14:43,
Incidente,INC-17131,58024,[Monitoreo] - Caída masiva de proveedor DIMABE,Italo Hernan Pinto Montoya,712020:2f3e1c92-5fc9-40db-a408-9c532c1b54b5,Alejandro Enrique Gonzalez Bracho,712020:2a91d042-9782-44ad-8944-fe1523f3889d,Alta,Validación del usuario,,30/ago/26 02:57,08/sep/26 16:22,
Incidente,INC-17132,58036,[TECNOANDINA] - no se puede acceder,Victor Mauricio Vera Nuñez,712020:46155656-0657-4144-9fa4-ba01a5c2fdf8,Jhonny Torres N,712020:3cecf351-efbc-43f7-8cdc-ccc90034c4a0,Alta,Validación del usuario,,30/ago/26 06:19,31/ago/26 09:11,
Incidente,INC-17133,58046,Caída de enlace,Italo Hernan Pinto Montoya,712020:2f3e1c92-5fc9-40db-a408-9c532c1b54b5,Cristian Fernando Gonzalez Salazar,712020:fea82959-496f-4b4f-b771-47213d3e02cd,Alta,Validación del usuario,,30/ago/26 09:08,31/ago/26 14:39,
Incidente,INC-17134,58048,Error distribucion 88,Italo Hernan Pinto Montoya,712020:2f3e1c92-5fc9-40db-a408-9c532c1b54b5,Matías Rafael Donoso Jiménez,712020:447c3261-7861-432f-9a7f-90c291135e15,Alta,Validación del usuario,,30/ago/26 09:27,08/sep/26 16:40,
Incidente,INC-17136,58062,problemas wifi en equipo,Benjamin Nicolas Vidal Caroca,712020:2062d08e-0238-40d5-a11c-67396d81019b,Matías Rafael Donoso Jiménez,712020:447c3261-7861-432f-9a7f-90c291135e15,Alta,Validación del usuario,,30/ago/26 13:54,31/ago/26 17:22,
Incidente,INC-17138,58070,[MONITOREO] Caída de enlace Entel - Planta de Alimentos Casablanca,Victor Mauricio Vera Nuñez,712020:46155656-0657-4144-9fa4-ba01a5c2fdf8,Evelyn Pozo M,712020:8120de32-7eac-45d7-b464-84865a422b01,Alta,Validación del usuario,,30/ago/26 17:12,01/sep/26 12:12,
Incidente,INC-17146,58090,Sin internet,Felipe Andres Jeria Rodriguez,712020:f0d4df3d-4510-4e4a-be63-7258c31884e1,Leidy Tatiana León Lizcano,712020:7c332f1c-beea-4c36-850d-a4bebe955356,Alta,Validación del usuario,,31/ago/26 06:58,31/ago/26 09:07,
Requerimiento,REQ-3108,58092,Revertir proceso de picking,,,Fabian Andres Gatica Albornoz,712020:71dbca5e-364a-4acd-aa26-fbf8d1d3d2fd,Media,Solicitud Recibida,,31/ago/26 07:25,31/ago/26 08:02,
Incidente,INC-17148,58098,Sector sin internet,Felipe Andres Jeria Rodriguez,712020:f0d4df3d-4510-4e4a-be63-7258c31884e1,Cristian Fernando Gonzalez Salazar,712020:fea82959-496f-4b4f-b771-47213d3e02cd,Alta,Validación del usuario,,31/ago/26 07:47,01/sep/26 07:53,
Incidente,INC-17150,58102,Sector sin internet,Felipe Andres Jeria Rodriguez,712020:f0d4df3d-4510-4e4a-be63-7258c31884e1,Cristian Fernando Gonzalez Salazar,712020:fea82959-496f-4b4f-b771-47213d3e02cd,Alta,Validación del usuario,,31/ago/26 08:05,03/sep/26 08:59,
Requerimiento,REQ-3110,58104,consulta ticket INC-16998,Jair Stiven Méndez Baquero,712020:66e4c6db-2ecc-4e66-bfc2-850cc8894432,Jair Stiven Méndez Baquero,712020:66e4c6db-2ecc-4e66-bfc2-850cc8894432,Media,Revisión del N1,,31/ago/26 08:06,31/ago/26 17:03,
Incidente,INC-17152,58110,Sitio 3 sin internet,Felipe Andres Jeria Rodriguez,712020:f0d4df3d-4510-4e4a-be63-7258c31884e1,Matías Rafael Donoso Jiménez,712020:447c3261-7861-432f-9a7f-90c291135e15,Alta,Validación del usuario,,31/ago/26 08:08,31/ago/26 09:12,
Incidente,INC-17154,58116,Sector sin internet,Felipe Andres Jeria Rodriguez,712020:f0d4df3d-4510-4e4a-be63-7258c31884e1,Cristian Fernando Gonzalez Salazar,712020:fea82959-496f-4b4f-b771-47213d3e02cd,Alta,Validación del usuario,,31/ago/26 08:16,31/ago/26 13:31,
Incidente,INC-17165,58148,Error de relación de confianza al iniciar sesión,Javier Alejandro Gonzalez Abarca,712020:9fc9fa65-2e7a-4d4c-9ba5-288f12754593,Benjamín Reyes Aravena,712020:69f5cef6-164b-4af6-9971-75c05d019041,Alta,Validación del usuario,,31/ago/26 08:46,31/ago/26 17:33,
Incidente,INC-17166,58154,La plataforma tecnoandina está arrojando error 403 al intentar abrirla con la red agrosuper,Alexis Andres Diaz Gutierrez,712020:3be679ea-af26-441b-8bb6-d0d2262df709,Jair Stiven Méndez Baquero,712020:66e4c6db-2ecc-4e66-bfc2-850cc8894432,Alta,Resuelto,,31/ago/26 08:48,31/ago/26 10:35,
Incidente S4,IS4-6941,58170,RE: Regularización y cierre de solicitudes históricas IS4,,,Diego Ignacio Carvajal Carrasco,712020:8acc2299-b4bc-4914-be54-fb7b970e6663,Alta,Creado,,31/ago/26 09:00,03/sep/26 08:37,
Requerimiento,REQ-3120,58174,Solicitud de credenciales,Antonia Belen Fuenzalida Pena,712020:27c40a0b-6a9b-424b-97cd-e06c7e50f4a1,Benjamín Reyes Aravena,712020:69f5cef6-164b-4af6-9971-75c05d019041,Media,Validación de requisitos,,31/ago/26 09:01,08/sep/26 11:42,
Incidente,INC-17173,58184,Error de distribución de carga 88,Benjamin Nicolas Schwalm Jara,712020:7762ff16-6b68-4f6f-a0ad-2b1b9a40b257,Benjamín Reyes Aravena,712020:69f5cef6-164b-4af6-9971-75c05d019041,Alta,Resuelto,,31/ago/26 09:11,31/ago/26 10:44,
Incidente,INC-17174,58188,Macht perfect - falla con homolagacion de unidades de medida ,,,Nicolas Prieto Camelo,712020:3f87e7d5-1b59-45ae-9674-027e748fb844,Alta,Equipo Asignado,,31/ago/26 09:13,31/ago/26 09:27,
Incidente S4,IS4-6942,58192,RE: Regularización y cierre de solicitudes históricas IS4,,,Marcela Andrea Hernandez Corrales,712020:0022e27a-f877-4465-b86d-3c3b282f3332,Alta,Creado,,31/ago/26 09:16,31/ago/26 09:16,
Incidente S4,IS4-6943,58214,RE: Regularización y cierre de solicitudes históricas IS4,,,Karla Valeska Mancilla Muñoz,712020:05587d26-a600-4319-a553-a45cb0aee596,Alta,Equipo Resolutor Asignado,,31/ago/26 09:36,31/ago/26 11:43,
Incidente,INC-17181,58226,[Wifi Seguro] Problemas de conexión a red WiFi en Oficina Central,Javier Alejandro Gonzalez Abarca,712020:9fc9fa65-2e7a-4d4c-9ba5-288f12754593,Benjamín Reyes Aravena,712020:69f5cef6-164b-4af6-9971-75c05d019041,Alta,Validación del usuario,,31/ago/26 09:44,31/ago/26 11:33,
Requerimiento,REQ-3131,58234,Consulta si un preventa esta creado en VM (v7846),Jair Stiven Méndez Baquero,712020:66e4c6db-2ecc-4e66-bfc2-850cc8894432,Jair Stiven Méndez Baquero,712020:66e4c6db-2ecc-4e66-bfc2-850cc8894432,Media,Subtarea N1,,31/ago/26 09:53,31/ago/26 09:54,
Incidente,INC-17190,58260,Datalake - falla de acceso a proveedor ftrack,Marcelo Patricio Celis Retamal,712020:077cd782-bf12-45d5-81ef-952c99739577,Nicolas Prieto Camelo,712020:3f87e7d5-1b59-45ae-9674-027e748fb844,Alta,Validación del usuario,,31/ago/26 10:09,01/sep/26 16:00,
AMS,AMS-1826,58273,Solicitud de carga de guías de pollitos – Incubadoras,Diego Flores,712020:314bedea-6181-4d50-97d5-e114b8742d38,Los Castaños Aves Crianza,712020:d14d988f-d1e4-4874-9eb9-2f1c0fcae0ab,Alta,Validación del usuario,,31/ago/26 10:23,31/ago/26 16:05,
Incidente S4,IS4-6944,58283,RE: Regularización y cierre de solicitudes históricas IS4,,,Claudio Andres Aguilar Melipichun,712020:f7676669-e519-402c-a94c-42d836a7acc3,Alta,Validación Asignación Equipo Proyecto S4,,31/ago/26 10:31,08/sep/26 18:04,
Requerimiento,REQ-3145,58302,SAP SPR - Asignación de transacción  S_ALR_87013019 ,Francisco Javier Jimenez Soto,712020:d7eef56f-26a0-4307-9de7-855b3f2f1d22,Nicolas Prieto Camelo,712020:3f87e7d5-1b59-45ae-9674-027e748fb844,Media,Validación con Usuario,,31/ago/26 10:40,09/sep/26 17:08,
Requerimiento,REQ-3146,58308,Asignación de Transacción.,,,Benjamín Reyes Aravena,712020:69f5cef6-164b-4af6-9971-75c05d019041,Media,Solicitud Recibida,,31/ago/26 10:49,09/sep/26 17:12,
Requerimiento,REQ-3150,58316,usuario realiza consulta,,,Matías Rafael Donoso Jiménez,712020:447c3261-7861-432f-9a7f-90c291135e15,Media,Validación de requisitos,,31/ago/26 10:54,31/ago/26 10:55,
Requerimiento,REQ-3151,58320,Consulta ticket inc-16753,,,Jair Stiven Méndez Baquero,712020:66e4c6db-2ecc-4e66-bfc2-850cc8894432,Media,Validación de requisitos,,31/ago/26 10:55,31/ago/26 10:56,
Requerimiento,REQ-3154,58333,Cambio de clave cuenta SAP SQR (CESPINOZA),Daniela Denisse Luco Gallardo,712020:530df45e-5b61-46c0-ae32-f37b9f044736,Jair Stiven Méndez Baquero,712020:66e4c6db-2ecc-4e66-bfc2-850cc8894432,Media,Validación con Usuario,,31/ago/26 11:05,09/sep/26 18:27,
Requerimiento,REQ-3156,58369,Asignación de Transacciones,,,Cristian Fernando Gonzalez Salazar,712020:fea82959-496f-4b4f-b771-47213d3e02cd,Media,Esperando por el usuario,,31/ago/26 11:31,09/sep/26 18:03,
Incidente,INC-17220,58419,Revisión de equipo,Benjamin Nicolas Vidal Caroca,712020:2062d08e-0238-40d5-a11c-67396d81019b,Karol Dayanna Palomino Serrano,712020:e4df31f3-cc17-4db7-b128-efd436a7f3c9,Alta,Validación del usuario,,31/ago/26 12:11,02/sep/26 17:23,
Requerimiento,REQ-3165,58421,"SAP SPR - asignacion de transacciones BP, ZDESP_CONTROL, ZMI20, ZMI02",Daniela Denisse Luco Gallardo,712020:530df45e-5b61-46c0-ae32-f37b9f044736,Nicolas Prieto Camelo,712020:3f87e7d5-1b59-45ae-9674-027e748fb844,Media,Validación con Usuario,,31/ago/26 12:16,09/sep/26 16:19,
Requerimiento,REQ-3166,58423,homologacion cuenta sap,Francisco Javier Jimenez Soto,712020:d7eef56f-26a0-4307-9de7-855b3f2f1d22,Matías Rafael Donoso Jiménez,712020:447c3261-7861-432f-9a7f-90c291135e15,Media,Validación con Usuario,,31/ago/26 12:16,09/sep/26 17:18,
Requerimiento,REQ-3167,58425,Homologacion de cuenta SPR bvargasd con cpinop,Francisco Javier Jimenez Soto,712020:d7eef56f-26a0-4307-9de7-855b3f2f1d22,Sebastian Latife,712020:523fdaee-0def-45cd-99d0-88abc4b3104d,Media,Validación con Usuario,,31/ago/26 12:18,09/sep/26 17:22,
Incidente,INC-17222,58441,no entran las llamadas 600 y 800,Aldo Rodrigo Gonzalez Contreras,712020:444ef87b-e384-47e4-b76a-52abffc021d9,Matías Rafael Donoso Jiménez,712020:447c3261-7861-432f-9a7f-90c291135e15,Alta,Validación del usuario,,31/ago/26 12:41,01/sep/26 10:50,
Incidente,INC-17226,58455,Equipo - presenta multiples fallas después de actualización ,Benjamin Nicolas Vidal Caroca,712020:2062d08e-0238-40d5-a11c-67396d81019b,Nicolas Prieto Camelo,712020:3f87e7d5-1b59-45ae-9674-027e748fb844,Alta,Validación del usuario,,31/ago/26 12:57,03/sep/26 17:07,
AMS,AMS-1841,58467,Solicita cuadrar vacunas en Sistema conectate,Sebastian Suazo,712020:6b2b9a90-6b38-4d05-ae00-17b744f21325,Grupo 8 Cerdos Reprod,712020:db120a4a-3ec0-43bf-b4c1-5efe15470e69,Alta,Validación del usuario,,31/ago/26 13:26,31/ago/26 20:15,
Incidente,INC-17230,58473,Equipo - falla con batería no retiene la carga,Jonathan Andres Navarro Azocar,712020:a5042667-d0d7-4571-b766-9934e56fa4cb,Nicolas Prieto Camelo,712020:3f87e7d5-1b59-45ae-9674-027e748fb844,Alta,Validación del usuario,,31/ago/26 13:36,01/sep/26 15:27,
Incidente,INC-17233,58481,Falla de conexión a página web de WhatsApp - https://web.whatsapp.com/ por red Wifi,Giovanna Tavianni Lanzarini Manzano,712020:0ce6a8e2-f88d-4cb0-babb-fdedbed16c94,Nicolas Prieto Camelo,712020:3f87e7d5-1b59-45ae-9674-027e748fb844,Alta,Resuelto,,31/ago/26 13:49,02/sep/26 10:41,
Requerimiento,REQ-3179,58495,Llamada consulta Estado del ticket INC-17154,,,Karol Dayanna Palomino Serrano,712020:e4df31f3-cc17-4db7-b128-efd436a7f3c9,Media,Validación de requisitos,,31/ago/26 14:06,31/ago/26 14:06,
Incidente,INC-17241,58529,"Sector ""Grupo 26"" sin acceso a red",Kevin Alexis Maldonado Muñoz,712020:c8eacfb5-650a-4c88-857f-2414a8f12044,Jair Stiven Méndez Baquero,712020:66e4c6db-2ecc-4e66-bfc2-850cc8894432,Alta,Validación del usuario,,31/ago/26 15:14,03/sep/26 16:26,
AMS,AMS-1845,58547,FOLIO GUIA UTILIZADO,LUZ ADRIANA CORREDOR GARCIA,712020:c4cdd827-d310-4562-a053-e021cad8b4d8,Despacho Punta Arenas,712020:456e7a00-988e-4cbb-86c5-fbb0ea0403b2,Alta,Validación del usuario,,31/ago/26 15:25,01/sep/26 16:09,
Incidente S4,IS4-6945,58553,RV: Nuevo ticket de incidente AMS AMS-1845,,,Despacho Punta Arenas,712020:456e7a00-988e-4cbb-86c5-fbb0ea0403b2,Alta,Validación Asignación Equipo Proyecto S4,,31/ago/26 15:30,31/ago/26 19:45,
Incidente,INC-17245,58559,Sharepoint - falla con calendario de sharepoint auditoria interna ,Guillermo Andres Benavides  Farias,712020:fb05db58-0e87-4d5f-b8ef-019907a66fdc,Nicolas Prieto Camelo,712020:3f87e7d5-1b59-45ae-9674-027e748fb844,Alta,Diagnostico/Validación Inicial,,31/ago/26 15:33,07/sep/26 10:10,
AMS,AMS-1846,58565,Yierco Pichincura ,LUZ ADRIANA CORREDOR GARCIA,712020:c4cdd827-d310-4562-a053-e021cad8b4d8,Yierco Alejandro Pichincura Sepulveda,712020:00d80a3e-707a-4012-a3db-468269768290,Alta,Validación del usuario,,31/ago/26 15:44,31/ago/26 20:05,
AMS,AMS-1849,58581,Eliminar guia de alimentos - Don Tito cr 115,Crhistopher Sepulveda Gomez,712020:13f39121-e6b4-4cda-a566-699f9a1d5cfd,Paulina Alejandra Chacana Escobar,712020:4a7e2332-217f-43c5-a9c9-0a5fdcb200c0,Alta,Validación del usuario,,31/ago/26 16:09,01/sep/26 12:40,
Requerimiento,REQ-3200,58599,Usuario cahumada presenta problemas de ingreso  MMS,Daniela Denisse Luco Gallardo,712020:530df45e-5b61-46c0-ae32-f37b9f044736,Sebastian Latife,712020:523fdaee-0def-45cd-99d0-88abc4b3104d,Media,Subtarea N1,,31/ago/26 16:27,02/sep/26 14:47,
AMS,AMS-1852,58611,Usuario presenta error al recepcionar palets.,Felipe Duran,712020:af79e742-ca83-4c13-91e8-5b24a7372f8b,Karin Yolanda Farfan Sotelo,712020:72773b08-b97e-43cf-b3d2-0a5335ab99d2,Alta,Validación del usuario,,31/ago/26 16:45,02/sep/26 16:13,
Incidente,INC-17261,58615,Error de conexión al consultar Indicadores Diarios en sitio web del Banco Central,Benjamin Nicolas Schwalm Jara,712020:7762ff16-6b68-4f6f-a0ad-2b1b9a40b257,Karol Dayanna Palomino Serrano,712020:e4df31f3-cc17-4db7-b128-efd436a7f3c9,Alta,Resuelto,,31/ago/26 16:59,01/sep/26 15:59,
AMS,AMS-1856,58675,Usuario solicita cancelar la orden de servicio 300408899 por duplicado,LUZ ADRIANA CORREDOR GARCIA,712020:c4cdd827-d310-4562-a053-e021cad8b4d8,Maria Cristina Mendez Andueza,712020:be942b57-153f-403f-be31-ba8a127720dd,Alta,Validación del usuario,,31/ago/26 19:49,04/sep/26 17:18,
Incidente,INC-17283,58729,Creación ticket RPA,,,Erik Avello,712020:9d91180a-22c7-4d43-9eab-97c8cf49ecbf,Alta,Equipo Asignado,,01/sep/26 05:55,02/sep/26 13:06,
Incidente,INC-17284,58731,MONITOREO - Sensor Temperatura 1 Planta de Alimentos lo miranda,Marco Antonio Bozo Miranda,712020:e8d61fa0-6455-4252-9da6-60ad28970f7b,Ivette Sepulveda B,712020:563aa2d0-0127-4b79-a108-c061e76eb239,Alta,Validación del usuario,,01/sep/26 06:41,04/sep/26 08:36,
AMS,AMS-1863,58739,problemas en tx sap,Angie Espinoza,712020:d2d363d3-b9ac-47bf-923a-f89eb5887a5d,Javiera Francisca Allendes Castillo,712020:e4390b38-2d23-4612-8890-e5b6001f10d2,Alta,Validación del usuario,,01/sep/26 07:41,02/sep/26 09:30,
Requerimiento,REQ-3227,58743,Consulta ticket INC-17150,Bastian González M,712020:9607098c-323a-4de8-a44a-9176793df19d,Bastian González M,712020:9607098c-323a-4de8-a44a-9176793df19d,Media,Revisión del N1,,01/sep/26 07:49,01/sep/26 16:24,
Requerimiento,REQ-3231,58765,Cambio de clave sap SPR Vendedor,,,Erik Avello,712020:9d91180a-22c7-4d43-9eab-97c8cf49ecbf,Media,Validación de requisitos,,01/sep/26 08:29,01/sep/26 08:29,
Requerimiento,REQ-3232,58767,Cambio de clave sap SPR Vendedor,,,Erik Avello,712020:9d91180a-22c7-4d43-9eab-97c8cf49ecbf,Media,Validación de requisitos,,01/sep/26 08:31,01/sep/26 08:31,
Requerimiento,REQ-3240,58807,consulta ticket ams-1783,Sebastian Latife,712020:523fdaee-0def-45cd-99d0-88abc4b3104d,Sebastian Latife,712020:523fdaee-0def-45cd-99d0-88abc4b3104d,Media,Revisión del N1,,01/sep/26 09:01,01/sep/26 10:17,
Requerimiento,REQ-3242,58825,No puede hacer ingreso a Pagina WEB externa ,Benjamin Nicolas Schwalm Jara,712020:7762ff16-6b68-4f6f-a0ad-2b1b9a40b257,Bastian González M,712020:9607098c-323a-4de8-a44a-9176793df19d,Media,Validación de requisitos,,01/sep/26 09:12,01/sep/26 15:54,
Requerimiento,REQ-3245,58835,acceso tx sap SPR,Francisco Javier Jimenez Soto,712020:d7eef56f-26a0-4307-9de7-855b3f2f1d22,Matías Rafael Donoso Jiménez,712020:447c3261-7861-432f-9a7f-90c291135e15,Media,Validación con Usuario,,01/sep/26 09:20,09/sep/26 17:48,
Requerimiento,REQ-3246,58837,Bloqueo por responsable de sistema jedugong,Daniela Denisse Luco Gallardo,712020:530df45e-5b61-46c0-ae32-f37b9f044736,Sebastian Latife,712020:523fdaee-0def-45cd-99d0-88abc4b3104d,Media,Validación de requisitos,,01/sep/26 09:22,01/sep/26 12:12,
AMS,AMS-1867,58843,Nodos no actualizan,Brayan Dario Guarnizo Celis,712020:d0cb437d-12e7-4ff8-8e1c-4529d60cedda,Grupo 6 Cerdos Reprod,712020:eb271fbd-1b78-4a7a-a362-a9b5300aeb26,Alta,Validación del usuario,,01/sep/26 09:29,01/sep/26 14:35,
AMS,AMS-1870,58857,Problemas al imprimir tarjeta de chanchilla,Diego Flores,712020:314bedea-6181-4d50-97d5-e114b8742d38,Grupo 8 Cerdos Reprod,712020:db120a4a-3ec0-43bf-b4c1-5efe15470e69,Alta,Validación del usuario,,01/sep/26 09:38,01/sep/26 14:15,
Requerimiento,REQ-3249,58873,Asesoria del equipo basis para ejecutar transacción recomendada por SAP,,,Jair Stiven Méndez Baquero,712020:66e4c6db-2ecc-4e66-bfc2-850cc8894432,Media,Validación de requisitos,,01/sep/26 09:55,01/sep/26 09:55,
AMS,AMS-1873,58885,Error en la salida transporte 70179401,Christian Mendez,712020:d3138b76-6aa2-432d-8832-e38d9cbf41e1,Karin Yolanda Farfan Sotelo,712020:72773b08-b97e-43cf-b3d2-0a5335ab99d2,Alta,Validación del usuario,,01/sep/26 10:04,02/sep/26 13:23,
AMS,AMS-1874,58905,Revisión de acceso y visualización de contenedores en Sistema Legacy (Aves) - Portería UR,Diego Flores,712020:314bedea-6181-4d50-97d5-e114b8742d38,Porteria Ur Aves Reproductoras,712020:fd05c5ef-74f0-4b6a-ac91-2d54e88f4285,Alta,Validación del usuario,,01/sep/26 10:24,01/sep/26 14:40,
AMS,AMS-1876,58915,Cambiar mortalidad ,Brayan Dario Guarnizo Celis,712020:d0cb437d-12e7-4ff8-8e1c-4529d60cedda,Grupo 23 Cerdos Reprod,712020:423d11b8-341e-4b17-9b43-68468bd2b3ad,Alta,Validación del usuario,,01/sep/26 10:32,02/sep/26 22:00,
Incidente,INC-17328,58923,Monitor - no da imagen ,Benjamin Nicolas Vidal Caroca,712020:2062d08e-0238-40d5-a11c-67396d81019b,Nicolas Prieto Camelo,712020:3f87e7d5-1b59-45ae-9674-027e748fb844,Alta,Validación del usuario,,01/sep/26 10:42,01/sep/26 11:17,
Incidente,INC-17329,58925,Equipo- falla con puerto de carga ,Benjamin Nicolas Vidal Caroca,712020:2062d08e-0238-40d5-a11c-67396d81019b,Nicolas Prieto Camelo,712020:3f87e7d5-1b59-45ae-9674-027e748fb844,Alta,Validación del usuario,,01/sep/26 10:42,01/sep/26 11:27,
AMS,AMS-1879,58945,Diferencia de pesaje entre tarjas y despachado código 1022638 vendedor V1451 día 29-08 en tres cajas.,Felipe Duran,712020:af79e742-ca83-4c13-91e8-5b24a7372f8b,Elizabeth Jeannette Torrejon Schiappacasse,712020:397f5d4e-bada-4d3b-97fa-6366d3745fc0,Alta,Validación del usuario,,01/sep/26 10:56,01/sep/26 20:10,
Requerimiento,REQ-3265,58951,Agregar mac a lista blanca,Felipe Andres Jeria Rodriguez,712020:f0d4df3d-4510-4e4a-be63-7258c31884e1,Bastian González M,712020:9607098c-323a-4de8-a44a-9176793df19d,Media,Equipo Proveedor,,01/sep/26 11:00,02/sep/26 08:41,
Requerimiento,REQ-3268,58959,No puede abrir pagina web para ver los tipos de cambio,Benjamin Nicolas Schwalm Jara,712020:7762ff16-6b68-4f6f-a0ad-2b1b9a40b257,Jair Stiven Méndez Baquero,712020:66e4c6db-2ecc-4e66-bfc2-850cc8894432,Media,Validación de requisitos,,01/sep/26 11:06,01/sep/26 15:54,
Incidente,INC-17336,58967,equipo con fallas,Gustavo Adolfo Fierro Morales,712020:34251f21-925f-4970-bea7-659d3ebfa34a,Matías Rafael Donoso Jiménez,712020:447c3261-7861-432f-9a7f-90c291135e15,Alta,Validación del usuario,,01/sep/26 11:12,02/sep/26 14:03,
Requerimiento,REQ-3275,58997,Usuario bloqueado por responsable de sistema en SPR,Daniela Denisse Luco Gallardo,712020:530df45e-5b61-46c0-ae32-f37b9f044736,Sebastian Latife,712020:523fdaee-0def-45cd-99d0-88abc4b3104d,Media,Validación de requisitos,,01/sep/26 11:52,02/sep/26 10:59,
AMS,AMS-1889,59013,eliminar resguardo a hembra,Crhistopher Sepulveda Gomez,712020:13f39121-e6b4-4cda-a566-699f9a1d5cfd,Grupo 23 Cerdos Reprod,712020:423d11b8-341e-4b17-9b43-68468bd2b3ad,Alta,Validación del usuario,,01/sep/26 12:11,01/sep/26 22:00,
Requerimiento,REQ-3280,59021,SAP - asignación de transacciones ,Francisco Javier Jimenez Soto,712020:d7eef56f-26a0-4307-9de7-855b3f2f1d22,Nicolas Prieto Camelo,712020:3f87e7d5-1b59-45ae-9674-027e748fb844,Media,Esperando por el usuario,,01/sep/26 12:21,09/sep/26 17:51,
Incidente,INC-17346,59029,"Problemas con acceso a página  ""biosystemcco"".",Giovanna Tavianni Lanzarini Manzano,712020:0ce6a8e2-f88d-4cb0-babb-fdedbed16c94,Evelyn Pozo M,712020:8120de32-7eac-45d7-b464-84865a422b01,Alta,Validación del usuario,,01/sep/26 12:32,02/sep/26 10:40,
Incidente,INC-17350,59049,#6734 / Inconsistencia en máster de datos y creación de combinaciones erróneas de segmentación en SAP IBP,Luis Nibaldo Bustos Arriagada,712020:164a2568-3825-4854-b34b-12934469c8eb,Karol Dayanna Palomino Serrano,712020:e4df31f3-cc17-4db7-b128-efd436a7f3c9,Alta,Escalado Proveedores Marca,,01/sep/26 13:14,09/sep/26 13:32,
Incidente,INC-17352,59053,Lentitud y almacenamiento lleno en 2 equipos de la torre de control,Victor Manuel Currieco Marillan,712020:6499dafd-420b-45b4-8f3a-35c37c05a5c8,Jair Stiven Méndez Baquero,712020:66e4c6db-2ecc-4e66-bfc2-850cc8894432,Alta,Resuelto,,01/sep/26 13:21,08/sep/26 11:49,
Requerimiento,REQ-3287,59057,Solicitud de acceso a transacciones en SAP SPR para el usuario cfherrera,Francisco Javier Jimenez Soto,712020:d7eef56f-26a0-4307-9de7-855b3f2f1d22,Jair Stiven Méndez Baquero,712020:66e4c6db-2ecc-4e66-bfc2-850cc8894432,Media,Validación de requisitos,,01/sep/26 13:31,01/sep/26 16:21,
Requerimiento,REQ-3288,59061,Solicitud de reemplazo FTAGLE a GTAPIAU (/OPT/VIM_WP),Francisco Javier Jimenez Soto,712020:d7eef56f-26a0-4307-9de7-855b3f2f1d22,Bastian González M,712020:9607098c-323a-4de8-a44a-9176793df19d,Media,Validación de requisitos,,01/sep/26 13:37,01/sep/26 16:22,
Incidente,INC-17355,59067,Error de autorización en transacción LT13 durante la ejecución de ZLT09 - Faenadora Lo Miranda,,,Karol Dayanna Palomino Serrano,712020:e4df31f3-cc17-4db7-b128-efd436a7f3c9,Alta,Equipo Asignado,,01/sep/26 13:47,01/sep/26 13:48,
Incidente,INC-17360,59089,Error con Scanner Impresora Los Angeles,Gustavo Adolfo Fierro Morales,712020:34251f21-925f-4970-bea7-659d3ebfa34a,Sebastian Latife,712020:523fdaee-0def-45cd-99d0-88abc4b3104d,Alta,Validación del usuario,,01/sep/26 14:16,02/sep/26 10:59,
Incidente,INC-17368,59123,Lentitud HMI,Guillermo Andres Benavides  Farias,712020:fb05db58-0e87-4d5f-b8ef-019907a66fdc,Evelyn Pozo M,712020:8120de32-7eac-45d7-b464-84865a422b01,Alta,Validación del usuario,,01/sep/26 15:04,01/sep/26 15:22,
Incidente,INC-17371,59129,[Tecnoandina] No se puede acceder a pagina,Giovanna Tavianni Lanzarini Manzano,712020:0ce6a8e2-f88d-4cb0-babb-fdedbed16c94,Sebastian Latife,712020:523fdaee-0def-45cd-99d0-88abc4b3104d,Alta,Diagnostico/Validación Inicial,,01/sep/26 15:12,03/sep/26 15:16,
Incidente,INC-17375,59143,Problemas con impresora,Gustavo Adolfo Fierro Morales,712020:34251f21-925f-4970-bea7-659d3ebfa34a,Evelyn Pozo M,712020:8120de32-7eac-45d7-b464-84865a422b01,Alta,Escalado Proveedores Marca,,01/sep/26 15:18,02/sep/26 15:42,
Incidente,INC-17379,59165,[Tecnoandina]Problema de acceso a página de producción animal,Giovanna Tavianni Lanzarini Manzano,712020:0ce6a8e2-f88d-4cb0-babb-fdedbed16c94,Sebastian Latife,712020:523fdaee-0def-45cd-99d0-88abc4b3104d,Alta,Diagnostico/Validación Inicial,,01/sep/26 15:34,01/sep/26 16:18,
Incidente,INC-17381,59171,Revisión scanner,Marcelo Enrique Molina Gonzalez,712020:6ff29a06-6a09-4d45-8fa6-b2455efeaf8c,Karol Dayanna Palomino Serrano,712020:e4df31f3-cc17-4db7-b128-efd436a7f3c9,Alta,Resuelto,,01/sep/26 15:40,02/sep/26 14:39,
Incidente,INC-17383,59177,Problema de red del equipo,Benjamin Nicolas Vidal Caroca,712020:2062d08e-0238-40d5-a11c-67396d81019b,Bastian González M,712020:9607098c-323a-4de8-a44a-9176793df19d,Alta,Esperando por el usuario,,01/sep/26 15:46,02/sep/26 13:50,
Requerimiento,REQ-3314,59179,Instalacion de punto de red nuevo ,Javier Esteban Castillo Jara,712020:1cf8bc7f-946e-4e1e-84b6-962e0924cd76,Nicolas Prieto Camelo,712020:3f87e7d5-1b59-45ae-9674-027e748fb844,Media,Equipo Proveedor,,01/sep/26 15:49,02/sep/26 08:34,
Incidente,INC-17385,59183,RE: Reporte SD0005683413 | PRODUCTOS ALIMENTICIOS SUPER,,,Maria Del Carmen Vazquez Roman,5ef656277e95e80a8129ef7c,Alta,Creado,,01/sep/26 15:50,02/sep/26 10:39,
Incidente,INC-17388,59193,Equipo bloqueado por fortinet,Jonathan Andres Navarro Azocar,712020:a5042667-d0d7-4571-b766-9934e56fa4cb,Jair Stiven Méndez Baquero,712020:66e4c6db-2ecc-4e66-bfc2-850cc8894432,Alta,Validación del usuario,,01/sep/26 15:58,01/sep/26 17:06,
Requerimiento,REQ-3319,59199,Asignación de Transacciones ,Francisco Javier Jimenez Soto,712020:d7eef56f-26a0-4307-9de7-855b3f2f1d22,Cristian Fernando Gonzalez Salazar,712020:fea82959-496f-4b4f-b771-47213d3e02cd,Media,Validación de requisitos,,01/sep/26 16:06,02/sep/26 14:24,
AMS,AMS-1898,59209,Diferencia de pesaje entre tarjas y despachado código 1020253 vendedor V2782 día 31-08 en 4 cajas Sucu. Hijuelas T114.,Magda Patricia Espinosa Bustos,712020:bb2e79ad-1f51-4542-9922-ae2652bcf9dd,Elizabeth Jeannette Torrejon Schiappacasse,712020:397f5d4e-bada-4d3b-97fa-6366d3745fc0,Alta,Validación del usuario,,01/sep/26 16:13,02/sep/26 09:01,
Requerimiento,REQ-3324,59225,Configuracion Equipo 3/4,Benjamin Nicolas Vidal Caroca,712020:2062d08e-0238-40d5-a11c-67396d81019b,Cristian Fernando Gonzalez Salazar,712020:fea82959-496f-4b4f-b771-47213d3e02cd,Media,Validación con Usuario,,01/sep/26 16:26,09/sep/26 16:00,
Requerimiento,REQ-3325,59227,Configuracion Equipo 4/4,Benjamin Nicolas Vidal Caroca,712020:2062d08e-0238-40d5-a11c-67396d81019b,Cristian Fernando Gonzalez Salazar,712020:fea82959-496f-4b4f-b771-47213d3e02cd,Media,Validación con Usuario,,01/sep/26 16:26,09/sep/26 16:00,
AMS,AMS-1899,59233,Se solicita cambiar la fecha de parto de hembra - Legacy ,Brayan Dario Guarnizo Celis,712020:d0cb437d-12e7-4ff8-8e1c-4529d60cedda,Grupo 26 Cerdos Reprod,712020:e0bc7811-ff64-48d6-8249-ca07fa72d0b9,Alta,Validación del usuario,,01/sep/26 16:32,01/sep/26 21:55,
Requerimiento,REQ-3333,59257,Asignación de transacción,Francisco Javier Jimenez Soto,712020:d7eef56f-26a0-4307-9de7-855b3f2f1d22,Jhonny Torres N,712020:3cecf351-efbc-43f7-8cdc-ccc90034c4a0,Media,Validación de requisitos,,01/sep/26 16:54,02/sep/26 08:55,
Requerimiento,REQ-3346,59313,Llamado de consulta,Jhonny Torres N,712020:3cecf351-efbc-43f7-8cdc-ccc90034c4a0,Jhonny Torres N,712020:3cecf351-efbc-43f7-8cdc-ccc90034c4a0,Media,Revisión del N1,,01/sep/26 18:20,02/sep/26 13:31,
Incidente,INC-17413,59319,HMI perdio comunicacion,Jacinth Andrew Cordova Marcano,712020:2cbd7839-f70b-4079-a0ca-3c26f66080aa,Karoline Yised Lasso Torres,712020:172259ea-a77e-46f6-af04-a5c338f112f8,Alta,Resuelto,,01/sep/26 18:55,01/sep/26 19:52,
AMS,AMS-1904,59357,Pasar Etiquetas de status P a status S,Christian Mendez,712020:d3138b76-6aa2-432d-8832-e38d9cbf41e1,jfrigorificop@agrosuper.com,712020:f0022c71-c931-44cf-a9f0-48233b962bd0,Alta,Validación del usuario,,01/sep/26 22:02,02/sep/26 03:30,
AMS,AMS-1909,59391,no se puede recepcionar ump,Francisco Javier Meneses Labatut,712020:25b1599a-7d16-430d-9304-bd0a59164714,despac02@agrosuper.com,712020:d54b0491-291b-44f0-98a6-a348c6d8e4fb,Alta,Validación del usuario,,02/sep/26 07:58,02/sep/26 13:25,
Incidente,INC-17431,59415,"Sector ""sitio 1"" sin acceso a internet",Kevin Alexis Maldonado Muñoz,712020:c8eacfb5-650a-4c88-857f-2414a8f12044,Jair Stiven Méndez Baquero,712020:66e4c6db-2ecc-4e66-bfc2-850cc8894432,Alta,Validación del usuario,,02/sep/26 08:36,03/sep/26 16:30,
Incidente,INC-17433,59419,Lentitud en SAP.,Alexandra Daniela Camus Solari,712020:a62d03f5-2b5d-4efe-b08a-690a4b552ed2,Benjamín Reyes Aravena,712020:69f5cef6-164b-4af6-9971-75c05d019041,Alta,Validación del usuario,,02/sep/26 08:41,02/sep/26 09:54,
Requerimiento,REQ-3368,59421,Se solicita creación de perfil para el workflow de aprobaciones,Alexandra Catalina Jerez Arce,712020:faf68302-df2e-478a-a7be-04a2085ed0a7,Evelyn Pozo M,712020:8120de32-7eac-45d7-b464-84865a422b01,Media,Validación de requisitos,,02/sep/26 08:41,08/sep/26 15:02,
Incidente,INC-17436,59431,Problemas con el correo,Javier Alejandro Gonzalez Abarca,712020:9fc9fa65-2e7a-4d4c-9ba5-288f12754593,Cristian Fernando Gonzalez Salazar,712020:fea82959-496f-4b4f-b771-47213d3e02cd,Alta,Resuelto,,02/sep/26 08:51,02/sep/26 16:31,
Incidente,INC-17446,59475,Equipo con lentitud y problemas varios,Jonathan Andres Navarro Azocar,712020:a5042667-d0d7-4571-b766-9934e56fa4cb,Sebastian Latife,712020:523fdaee-0def-45cd-99d0-88abc4b3104d,Alta,Validación del usuario,,02/sep/26 09:39,02/sep/26 11:34,
Requerimiento,REQ-3382,59477,Se solicita acceso al Centro en SAP SPR,Daniela Denisse Luco Gallardo,712020:530df45e-5b61-46c0-ae32-f37b9f044736,Bastian González M,712020:9607098c-323a-4de8-a44a-9176793df19d,Media,Validación de requisitos,,02/sep/26 09:40,08/sep/26 14:59,
Incidente,INC-17454,59513,Equipo bloqueado por fortinet,Benjamin Nicolas Vidal Caroca,712020:2062d08e-0238-40d5-a11c-67396d81019b,Jair Stiven Méndez Baquero,712020:66e4c6db-2ecc-4e66-bfc2-850cc8894432,Alta,Validación del usuario,,02/sep/26 10:35,02/sep/26 12:19,
Incidente,INC-17457,59531, Teléfono móvil corporativo no carga,Gustavo Adolfo Fierro Morales,712020:34251f21-925f-4970-bea7-659d3ebfa34a,Bastian González M,712020:9607098c-323a-4de8-a44a-9176793df19d,Alta,Validación del usuario,,02/sep/26 11:03,04/sep/26 09:24,
Incidente,INC-17458,59541,Equipo con fallas y lentitud,Jonathan Andres Navarro Azocar,712020:a5042667-d0d7-4571-b766-9934e56fa4cb,Sebastian Latife,712020:523fdaee-0def-45cd-99d0-88abc4b3104d,Alta,Validación del usuario,,02/sep/26 11:16,03/sep/26 08:37,
Requerimiento,REQ-3404,59547,No puede acceder a paginas como mimundosuper o whatsapp,Alexis Andres Diaz Gutierrez,712020:3be679ea-af26-441b-8bb6-d0d2262df709,Jair Stiven Méndez Baquero,712020:66e4c6db-2ecc-4e66-bfc2-850cc8894432,Media,Validación de requisitos,,02/sep/26 11:20,03/sep/26 15:51,
AMS,AMS-1916,59571,ingresar TIOSULTAFO DE SODIO control de insumos y medicamentos sector don cornelio cr 118 en conéctate - legacy  de ambas guías  de las dos imágenes ,Sebastian Suazo,712020:6b2b9a90-6b38-4d05-ae00-17b744f21325,Paulina Alejandra Chacana Escobar,712020:4a7e2332-217f-43c5-a9c9-0a5fdcb200c0,Alta,Validación del usuario,,02/sep/26 11:56,02/sep/26 16:37,
Requerimiento,REQ-3410,59575,Asignacion TX S_ALR_87013611 en SPR,Francisco Javier Jimenez Soto,712020:d7eef56f-26a0-4307-9de7-855b3f2f1d22,Sebastian Latife,712020:523fdaee-0def-45cd-99d0-88abc4b3104d,Media,Validación de requisitos,,02/sep/26 12:00,03/sep/26 08:23,
Requerimiento,REQ-3412,59590,Solicita instalación de complemento para Chat GPT de Sharepoint,Endy Villasmil,712020:de760acd-5b27-4fc2-a4ea-e31854338f83,Evelyn Pozo M,712020:8120de32-7eac-45d7-b464-84865a422b01,Media,Revisión del N1,,02/sep/26 12:12,03/sep/26 09:07,
Incidente,INC-17469,59602,Pérdida de conectividad con PLC por configuración de Fortinet,Italo Hernan Pinto Montoya,712020:2f3e1c92-5fc9-40db-a408-9c532c1b54b5,Evelyn Pozo M,712020:8120de32-7eac-45d7-b464-84865a422b01,Alta,Validación del usuario,,02/sep/26 12:31,04/sep/26 17:58,
AMS,AMS-1921,59604,Nodos no actualizan,Sebastian Suazo,712020:6b2b9a90-6b38-4d05-ae00-17b744f21325,Grupo 22 Cerdos Reprod,712020:99efdcba-534f-4373-b625-e7cb91502369,Alta,Validación del usuario,,02/sep/26 12:32,02/sep/26 18:25,
AMS,AMS-1923,59616,Diferencia entre guia de despacho VS tarja de cajas ,LUZ ADRIANA CORREDOR GARCIA,712020:c4cdd827-d310-4562-a053-e021cad8b4d8,Victor Javier Enrique Riveros Crespo,712020:e1e8fff9-faa5-4f29-9e17-a2fcd1fbb35a,Alta,Validación del usuario,,02/sep/26 13:00,02/sep/26 21:55,
Incidente,INC-17483,59668,Problemas de lentitud con su Ipad,Javier Alejandro Gonzalez Abarca,712020:9fc9fa65-2e7a-4d4c-9ba5-288f12754593,Cristian Fernando Gonzalez Salazar,712020:fea82959-496f-4b4f-b771-47213d3e02cd,Alta,Validación del usuario,,02/sep/26 14:07,02/sep/26 16:30,
Incidente,INC-17487,59694,Equipo de sector no enciende ,Marcelo Enrique Molina Gonzalez,712020:6ff29a06-6a09-4d45-8fa6-b2455efeaf8c,Bastian González M,712020:9607098c-323a-4de8-a44a-9176793df19d,Alta,Resuelto,,02/sep/26 14:47,03/sep/26 14:49,
Requerimiento,REQ-3443,59748,Homologar preventa,Antonia Belen Fuenzalida Pena,712020:27c40a0b-6a9b-424b-97cd-e06c7e50f4a1,Endy Villasmil,712020:de760acd-5b27-4fc2-a4ea-e31854338f83,Media,Validación de requisitos,,02/sep/26 15:56,09/sep/26 16:32,
Incidente,INC-17501,59764,Datos de edad de las aves erroneo en la plataforma de tecnoandina,Marisel Edith Vergara Norambuena,712020:656a14e4-2420-468d-9903-a996e0185924,Jair Stiven Méndez Baquero,712020:66e4c6db-2ecc-4e66-bfc2-850cc8894432,Alta,Escalado Proveedores Marca,,02/sep/26 16:23,07/sep/26 11:13,
Incidente,INC-17504,59786,Alerta SAP Cloud ALM Notificaction,Alexandra Daniela Camus Solari,712020:a62d03f5-2b5d-4efe-b08a-690a4b552ed2,Luis Nibaldo Bustos Arriagada,712020:164a2568-3825-4854-b34b-12934469c8eb,Alta,Validación del usuario,,02/sep/26 16:36,03/sep/26 14:03,
Incidente,INC-17505,59788,Cliente con problemas,,,Sebastian Latife,712020:523fdaee-0def-45cd-99d0-88abc4b3104d,Alta,Equipo Asignado,,02/sep/26 16:37,04/sep/26 14:49,
AMS,AMS-1939,59804,cambiar de sexo de macho a hembra en información de crianza definición de pabellones  en cr9 sector los perales en legacy ,Sebastian Suazo,712020:6b2b9a90-6b38-4d05-ae00-17b744f21325,Paulina Alejandra Chacana Escobar,712020:4a7e2332-217f-43c5-a9c9-0a5fdcb200c0,Alta,Validación del usuario,,02/sep/26 16:56,02/sep/26 22:05,
Requerimiento,REQ-3458,59806,Solicitud Transacciones SAP,Francisco Javier Jimenez Soto,712020:d7eef56f-26a0-4307-9de7-855b3f2f1d22,Endy Villasmil,712020:de760acd-5b27-4fc2-a4ea-e31854338f83,Media,Validación de requisitos,,02/sep/26 16:57,03/sep/26 13:56,
Incidente,INC-17513,59838,Planta de tratamiento Tantehue sin internet,Marcelo Enrique Molina Gonzalez,712020:6ff29a06-6a09-4d45-8fa6-b2455efeaf8c,Alejandro Enrique Gonzalez Bracho,712020:2a91d042-9782-44ad-8944-fe1523f3889d,Alta,Resuelto,,02/sep/26 18:31,08/sep/26 12:50,
AMS,AMS-1945,59844,ELIMINAR TRANSPORTE - TICKET SOFTECK,Christian Mendez,712020:d3138b76-6aa2-432d-8832-e38d9cbf41e1,Matias Fabian Muñoz Mariqueo,712020:da1490a0-d097-488b-bff7-672b0c78f4ac,Alta,Validación del usuario,,02/sep/26 19:24,03/sep/26 00:10,
Incidente,INC-17516,59846,Problema de acceso a VPN usuario internacional,Giovanna Tavianni Lanzarini Manzano,712020:0ce6a8e2-f88d-4cb0-babb-fdedbed16c94,Alejandro Enrique Gonzalez Bracho,712020:2a91d042-9782-44ad-8944-fe1523f3889d,Alta,Validación del usuario,,02/sep/26 19:34,02/sep/26 19:56,
Incidente,INC-17518,59852,Problemas con Conéctate,Benjamin Salas Delgado,712020:623bd1ef-d260-489d-a6a2-dbbc38b83e31,Alejandro Enrique Gonzalez Bracho,712020:2a91d042-9782-44ad-8944-fe1523f3889d,Alta,Escalado Proveedores Marca,,02/sep/26 20:14,08/sep/26 10:14,
Requerimiento,REQ-3464,59854,Usuario solicita añadir los centros T111 y puntos de despacho td11 a todas las transacciones operacionales,Francisco Javier Jimenez Soto,712020:d7eef56f-26a0-4307-9de7-855b3f2f1d22,Alejandro Enrique Gonzalez Bracho,712020:2a91d042-9782-44ad-8944-fe1523f3889d,Media,Validación de requisitos,,02/sep/26 21:23,09/sep/26 09:50,
AMS,AMS-1947,59872,Recepcion de manera manual,Christian Mendez,712020:d3138b76-6aa2-432d-8832-e38d9cbf41e1,Manuel Alejandro Garrido Tapia,712020:6162c24c-64ab-456a-8dfe-fa915749ac5c,Alta,Validación del usuario,,03/sep/26 00:06,03/sep/26 04:40,
Incidente,INC-17524,59876,Problemas con Aplicación RAFGUI,Victor Manuel Currieco Marillan,712020:6499dafd-420b-45b4-8f3a-35c37c05a5c8,Felipe Esteban Ravellos Lara,712020:34aa28de-0baa-4f2f-92d4-785379a9a54c,Alta,Resuelto,,03/sep/26 03:43,03/sep/26 13:20,
Incidente,INC-17528,59887,Creación ticket RPA,,,Leidy Tatiana León Lizcano,712020:7c332f1c-beea-4c36-850d-a4bebe955356,Alta,Equipo Asignado,,03/sep/26 07:43,03/sep/26 07:45,
AMS,AMS-1952,59918,no se puede recepcionar ump,Felipe Duran,712020:af79e742-ca83-4c13-91e8-5b24a7372f8b,despac02@agrosuper.com,712020:d54b0491-291b-44f0-98a6-a348c6d8e4fb,Alta,Validación del usuario,,03/sep/26 08:55,03/sep/26 13:30,
Requerimiento,REQ-3474,59922,Acceso a transacciones en SAP SQR,Francisco Javier Jimenez Soto,712020:d7eef56f-26a0-4307-9de7-855b3f2f1d22,Jair Stiven Méndez Baquero,712020:66e4c6db-2ecc-4e66-bfc2-850cc8894432,Media,Validación de requisitos,,03/sep/26 08:56,04/sep/26 09:26,
Requerimiento,REQ-3478,59950,Agregar MAC,Felipe Andres Jeria Rodriguez,712020:f0d4df3d-4510-4e4a-be63-7258c31884e1,Cristian Fernando Gonzalez Salazar,712020:fea82959-496f-4b4f-b771-47213d3e02cd,Media,Equipo Proveedor,,03/sep/26 09:20,04/sep/26 09:12,
Incidente,INC-17544,59952,Problemas al conectarse a la red,Jonathan Andres Navarro Azocar,712020:a5042667-d0d7-4571-b766-9934e56fa4cb,Cristian Fernando Gonzalez Salazar,712020:fea82959-496f-4b4f-b771-47213d3e02cd,Alta,Validación del usuario,,03/sep/26 09:25,03/sep/26 15:37,
AMS,AMS-1961,59984,Guias duplicadas en el sistema Conectate,Crhistopher Sepulveda Gomez,712020:13f39121-e6b4-4cda-a566-699f9a1d5cfd,Las Murallas Cerdos Crianza,712020:6c4f0412-4352-4692-8ea5-a7e31b032d31,Alta,Validación del usuario,,03/sep/26 10:07,04/sep/26 09:20,
Incidente,INC-17554,60004,No se puede ver información de los Pesos en Tecnoandina ,,,Bastian González M,712020:9607098c-323a-4de8-a44a-9176793df19d,Alta,Validación del usuario,,03/sep/26 10:20,09/sep/26 16:28,
AMS,AMS-1964,60006,claudio medina ,Angie Espinoza,712020:d2d363d3-b9ac-47bf-923a-f89eb5887a5d,Claudio Medina Cares,712020:fa3c3433-e090-4165-a7d7-3b25c868d2fe,Alta,Validación del usuario,,03/sep/26 10:26,03/sep/26 15:45,
Incidente,INC-17557,60018,Problemas de rendimiento en PC,Benjamin Nicolas Vidal Caroca,712020:2062d08e-0238-40d5-a11c-67396d81019b,Evelyn Pozo M,712020:8120de32-7eac-45d7-b464-84865a422b01,Alta,Validación del usuario,,03/sep/26 10:38,07/sep/26 09:09,
AMS,AMS-1966,60020,Solicitud de corrección/cambio de sexo de aves (Hembra a Macho) en Sistema Legacy - Sectores Perales Cr. 9,Crhistopher Sepulveda Gomez,712020:13f39121-e6b4-4cda-a566-699f9a1d5cfd,Paulina Alejandra Chacana Escobar,712020:4a7e2332-217f-43c5-a9c9-0a5fdcb200c0,Alta,Validación del usuario,,03/sep/26 10:42,04/sep/26 14:50,
Requerimiento,REQ-3489,60030,Consulta ticket REQ-2906,Bastian González M,712020:9607098c-323a-4de8-a44a-9176793df19d,Bastian González M,712020:9607098c-323a-4de8-a44a-9176793df19d,Media,Revisión del N1,,03/sep/26 10:52,03/sep/26 13:53,
AMS,AMS-1968,60032,la cantidad propuesta al crear la OC no coincide con la cantidad disponible en la solped,,,Marta Francisca Olivares Flores,712020:ded2ede8-6dd7-4059-b0d2-3b7b2f274c6a,Alta,Escalado Torre de Control,,03/sep/26 10:53,09/sep/26 18:24,
Incidente,INC-17560,60036,#6768 IBP - datos de la proyección de demanda semana 37 no concuerdan al cambiar de semana,Luis Nibaldo Bustos Arriagada,712020:164a2568-3825-4854-b34b-12934469c8eb,Nicolas Prieto Camelo,712020:3f87e7d5-1b59-45ae-9674-027e748fb844,Alta,Escalado Proveedores Marca,,03/sep/26 10:57,08/sep/26 10:22,
Incidente,INC-17561,60044,"#20073 No puede ingresar al sistema GDELITE, error: ""su licencia expiro"" / INC-17561",Benjamin Nicolas Vidal Caroca,712020:2062d08e-0238-40d5-a11c-67396d81019b,Jair Stiven Méndez Baquero,712020:66e4c6db-2ecc-4e66-bfc2-850cc8894432,Alta,Esperando por el usuario,,03/sep/26 11:04,09/sep/26 10:14,
AMS,AMS-1969,60048,Se solicita modificar fecha de mortalidad - Legacy,Diego Flores,712020:314bedea-6181-4d50-97d5-e114b8742d38,Grupo 17 Cerdos Reprod,712020:1a72fc3c-e241-4f55-8a0c-90c73083840e,Alta,Validación del usuario,,03/sep/26 11:10,03/sep/26 15:30,
Requerimiento,REQ-3495,60050,Asignación de transacciones.,Francisco Javier Jimenez Soto,712020:d7eef56f-26a0-4307-9de7-855b3f2f1d22,Benjamín Reyes Aravena,712020:69f5cef6-164b-4af6-9971-75c05d019041,Media,Validación de requisitos,,03/sep/26 11:21,07/sep/26 08:54,
Requerimiento,REQ-3497,60054,"Transaccion ""BP"" no muestra ningun dato al consultar los codigos de locales",Alexandra Catalina Jerez Arce,712020:faf68302-df2e-478a-a7be-04a2085ed0a7,Jair Stiven Méndez Baquero,712020:66e4c6db-2ecc-4e66-bfc2-850cc8894432,Media,Esperando por el usuario,,03/sep/26 11:22,09/sep/26 17:50,
Incidente,INC-17563,60060,degradacion en ecomerce,Nicolas Ignacio Lobos Muñoz,712020:231572bf-d0c7-4e49-bbe3-989381fb5348,Cristian Fernando Gonzalez Salazar,712020:fea82959-496f-4b4f-b771-47213d3e02cd,Alta,Validación del usuario,,03/sep/26 11:28,03/sep/26 12:33,
Incidente,INC-17564,60068,Usuario no puede acceder a SAP NETWEAVER PC3,,,Jair Stiven Méndez Baquero,712020:66e4c6db-2ecc-4e66-bfc2-850cc8894432,Alta,Equipo Asignado,,03/sep/26 11:31,03/sep/26 11:36,
Incidente,INC-17566,60078,Mantención de Impresora HP,Gustavo Adolfo Fierro Morales,712020:34251f21-925f-4970-bea7-659d3ebfa34a,Evelyn Pozo M,712020:8120de32-7eac-45d7-b464-84865a422b01,Alta,Escalado Proveedores Marca,,03/sep/26 11:47,03/sep/26 12:25,
Incidente,INC-17570,60099,Caida de enlace en HMI,Nicolas Ignacio Lobos Muñoz,712020:231572bf-d0c7-4e49-bbe3-989381fb5348,Cristian Fernando Gonzalez Salazar,712020:fea82959-496f-4b4f-b771-47213d3e02cd,Alta,Resuelto,,03/sep/26 12:00,03/sep/26 12:36,
AMS,AMS-1976,60119,Problemas con TX ZMM_TLIBCOMP,Carlos Fabian Meneses  Bravo,70121:3c0e5c45-be78-463d-a651-77d98e6f081f,Fernanda Camila Pino Abarca,712020:f69921a6-16a8-4390-a77e-82d2720a2b31,Alta,Validación del usuario,,03/sep/26 12:28,09/sep/26 17:03,
AMS,AMS-1978,60123,Carga Plan Maquila SAP BDC,Gustavo Adolfo Morales Paez,712020:2dfd4595-86d1-4051-8c30-07794c08fa6f,Ignacio Antonio Flores Martinez,712020:d3f69350-dfdb-4005-8b80-65eccc568980,Alta,Esperando por el usuario,,03/sep/26 12:32,09/sep/26 12:27,
Requerimiento,REQ-3507,60125,CONSULTA TICKET: REQ-3165,,,Evelyn Pozo M,712020:8120de32-7eac-45d7-b464-84865a422b01,Media,Validación de requisitos,,03/sep/26 12:34,03/sep/26 12:34,
Requerimiento,REQ-3508,60131,Asignación de nuevo PC y migración de perfil / datos locales desde equipo anterior,Victor Manuel Currieco Marillan,712020:6499dafd-420b-45b4-8f3a-35c37c05a5c8,Evelyn Pozo M,712020:8120de32-7eac-45d7-b464-84865a422b01,Media,Subtarea N1,,03/sep/26 12:43,08/sep/26 10:38,
Requerimiento,REQ-3509,60141,Solicitud de acceso a transacciones. ,Francisco Javier Jimenez Soto,712020:d7eef56f-26a0-4307-9de7-855b3f2f1d22,Evelyn Pozo M,712020:8120de32-7eac-45d7-b464-84865a422b01,Media,Validación de requisitos,,03/sep/26 12:57,07/sep/26 08:24,
AMS,AMS-1983,60159,Corrales Pegados en Sistema RAF,,,Susana Karina Fredes Arancibia,712020:519193e2-086e-44d3-861f-adb31dff10d7,Alta,(RE) ASIGNACIÓN EQUIPO RESOLUTOR,,03/sep/26 13:20,09/sep/26 16:00,
AMS,AMS-1984,60167,Solicitud de cambio de guía de despacho - Sistema Conéctate,Crhistopher Sepulveda Gomez,712020:13f39121-e6b4-4cda-a566-699f9a1d5cfd,San Manuel Cerdos Crianza,712020:e7961655-6654-4e51-b553-de54848b3aed,Alta,Validación del usuario,,03/sep/26 13:34,04/sep/26 13:35,
Requerimiento,REQ-3513,60169,Solcitud de auditoria extractor de seguridad ERP ,Francisco Javier Jimenez Soto,712020:d7eef56f-26a0-4307-9de7-855b3f2f1d22,Bastian González M,712020:9607098c-323a-4de8-a44a-9176793df19d,Media,Validación de requisitos,,03/sep/26 13:35,04/sep/26 09:30,
Incidente AMS,AMS-1985,60171,no tengo acceso ,,,Chancon1 Cerdos Crianza,712020:8cf72b72-153d-47c0-bc57-cfbca697e653,Alta,Cancelado,,03/sep/26 13:45,04/sep/26 12:58,
Requerimiento,REQ-3515,60175,Cotizacion  cambio de cableado de dos puntos de red industriales,Carlos Alberto Pavez Diaz,712020:07f89943-bb5b-4b7c-a927-9777b941f3cb,Nicolas Prieto Camelo,712020:3f87e7d5-1b59-45ae-9674-027e748fb844,Media,Equipo Proveedor,,03/sep/26 13:53,03/sep/26 14:06,
Incidente,INC-17592,60203,Reparar Cadena BDC que no carga / se cae al realizar una consulta,,,Jair Stiven Méndez Baquero,712020:66e4c6db-2ecc-4e66-bfc2-850cc8894432,Alta,Equipo Asignado,,03/sep/26 14:33,03/sep/26 17:09,
Incidente,INC-17602,60235,Falla en xDOC 4,Nicolas Ignacio Lobos Muñoz,712020:231572bf-d0c7-4e49-bbe3-989381fb5348,Benjamin Salas Delgado,712020:623bd1ef-d260-489d-a6a2-dbbc38b83e31,Alta,Validación del usuario,,03/sep/26 15:04,08/sep/26 11:53,
AMS,AMS-1992,60239,Problemas con guias rescatadas,Brayan Dario Guarnizo Celis,712020:d0cb437d-12e7-4ff8-8e1c-4529d60cedda,La Copa Cerdos Crianza,712020:2a648875-fcbc-480e-a0c7-126dfb4d6655,Alta,Validación del usuario,,03/sep/26 15:08,07/sep/26 10:52,
AMS,AMS-1993,60245,Guias no aparecen en sistema Conectate,Diego Flores,712020:314bedea-6181-4d50-97d5-e114b8742d38,La Copa Cerdos Crianza,712020:2a648875-fcbc-480e-a0c7-126dfb4d6655,Alta,Validación del usuario,,03/sep/26 15:12,03/sep/26 19:35,
Requerimiento,REQ-3524,60253,ASIGNACION DE TX SAP,Francisco Javier Jimenez Soto,712020:d7eef56f-26a0-4307-9de7-855b3f2f1d22,Evelyn Pozo M,712020:8120de32-7eac-45d7-b464-84865a422b01,Media,Validación de requisitos,,03/sep/26 15:16,04/sep/26 09:28,
Requerimiento,REQ-3525,60255,Se solicita revision de accesos en SAP FIORI de usuarios ,Alexandra Catalina Jerez Arce,712020:faf68302-df2e-478a-a7be-04a2085ed0a7,Bastian González M,712020:9607098c-323a-4de8-a44a-9176793df19d,Media,Esperando por el usuario,,03/sep/26 15:22,09/sep/26 17:45,
AMS,AMS-1995,60259,cajas en otro centro,Felipe Duran,712020:af79e742-ca83-4c13-91e8-5b24a7372f8b,Jesus Alberto Castro Orellana,712020:7bb8bf0b-19b9-49b3-9096-72b07bc9c56c,Alta,Validación del usuario,,03/sep/26 15:29,03/sep/26 19:45,
Requerimiento,REQ-3529,60275,Se solicita Homologación de Cuenta en SAP SPR,Marielin Liseth Villegas Escalona,712020:afb894d7-7e24-418f-a8c1-8593d8a70b54,Bastian González M,712020:9607098c-323a-4de8-a44a-9176793df19d,Media,Revisión del N1,,03/sep/26 15:51,07/sep/26 15:27,
Requerimiento,REQ-3534,60287,Asignación TX SPR,Francisco Javier Jimenez Soto,712020:d7eef56f-26a0-4307-9de7-855b3f2f1d22,Endy Villasmil,712020:de760acd-5b27-4fc2-a4ea-e31854338f83,Media,Validación de requisitos,,03/sep/26 15:56,04/sep/26 09:28,
Requerimiento,REQ-3537,60297,No es posible acceder a la pagina de MMS desde su PC,Benjamin Nicolas Schwalm Jara,712020:7762ff16-6b68-4f6f-a0ad-2b1b9a40b257,Jair Stiven Méndez Baquero,712020:66e4c6db-2ecc-4e66-bfc2-850cc8894432,Media,Subtarea N1,,03/sep/26 16:04,04/sep/26 08:25,
Requerimiento,REQ-3538,60303,Habilitar puntos de RED,Felipe Andres Jeria Rodriguez,712020:f0d4df3d-4510-4e4a-be63-7258c31884e1,Cristian Fernando Gonzalez Salazar,712020:fea82959-496f-4b4f-b771-47213d3e02cd,Media,Equipo Proveedor,,03/sep/26 16:16,04/sep/26 09:07,
Requerimiento,REQ-3539,60305,Solicitud VPN Usuario Externo  ,Daniella Alejandra Molina Rojas,712020:b69fb040-89e8-4c71-be2a-7fccb7c55def,Evelyn Pozo M,712020:8120de32-7eac-45d7-b464-84865a422b01,Media,Subtarea N1,,03/sep/26 16:18,04/sep/26 10:19,
AMS,AMS-1997,60307,ELIMINAR TRANSPORTE PROCESO DE EXPEDICIÓN - TICKET SOFTECK,LUZ ADRIANA CORREDOR GARCIA,712020:c4cdd827-d310-4562-a053-e021cad8b4d8,Matias Fabian Muñoz Mariqueo,712020:da1490a0-d097-488b-bff7-672b0c78f4ac,Alta,Validación del usuario,,03/sep/26 16:22,03/sep/26 21:00,
Requerimiento,REQ-3541,60321,Usuario solicita revision de antenas conectate en el sector grupo 23,Felipe Andres Jeria Rodriguez,712020:f0d4df3d-4510-4e4a-be63-7258c31884e1,Alejandro Enrique Gonzalez Bracho,712020:2a91d042-9782-44ad-8944-fe1523f3889d,Media,Equipo Proveedor,,03/sep/26 16:38,04/sep/26 09:17,
Incidente,INC-17623,60335,Problemas de ingreso a la pagina tecnoandina,,,Cristian Fernando Gonzalez Salazar,712020:fea82959-496f-4b4f-b771-47213d3e02cd,Alta,Equipo Asignado,,03/sep/26 16:53,04/sep/26 12:23,
AMS,AMS-1999,60345,Kilos en el almacén c007 y C013,LUZ ADRIANA CORREDOR GARCIA,712020:c4cdd827-d310-4562-a053-e021cad8b4d8,CONSTANZA DEL CARMEN BONTA BECA,712020:cd6b8e66-921a-459d-918b-070c1b13d324,Alta,Validación del usuario,,03/sep/26 17:09,07/sep/26 20:55,
Requerimiento,REQ-3547,60347,Creacion de cuentas de servicios,Endy Villasmil,712020:de760acd-5b27-4fc2-a4ea-e31854338f83,Karoline Yised Lasso Torres,712020:172259ea-a77e-46f6-af04-a5c338f112f8,Media,Revisión del N1,,03/sep/26 17:11,09/sep/26 16:44,
Incidente,INC-17627,60365,Robo de equipo,Giovanna Tavianni Lanzarini Manzano,712020:0ce6a8e2-f88d-4cb0-babb-fdedbed16c94,Karoline Yised Lasso Torres,712020:172259ea-a77e-46f6-af04-a5c338f112f8,Alta,Validación del usuario,,03/sep/26 17:52,03/sep/26 18:15,
AMS,AMS-2004,60369,LOTE PICKEADO NO ESTA PRESENTE EN EL SISTEMA,Christian Mendez,712020:d3138b76-6aa2-432d-8832-e38d9cbf41e1,Desptalca,712020:92dd7942-c94d-438f-bfd1-b53e5b2d1687,Alta,Validación del usuario,,03/sep/26 18:09,04/sep/26 05:14,
Requerimiento,REQ-3550,60373,Usuario solicita poder visualizar datos maestros personal,Francisco Javier Jimenez Soto,712020:d7eef56f-26a0-4307-9de7-855b3f2f1d22,Alejandro Enrique Gonzalez Bracho,712020:2a91d042-9782-44ad-8944-fe1523f3889d,Media,Validación de requisitos,,03/sep/26 18:14,07/sep/26 17:15,
Requerimiento,REQ-3552,60379,Usuario solicita quitar transacción MIGO a operadores picking,Francisco Javier Jimenez Soto,712020:d7eef56f-26a0-4307-9de7-855b3f2f1d22,Alejandro Enrique Gonzalez Bracho,712020:2a91d042-9782-44ad-8944-fe1523f3889d,Media,Validación de requisitos,,03/sep/26 18:25,04/sep/26 13:53,
Requerimiento,REQ-3553,60385,Asignar TX,Francisco Javier Jimenez Soto,712020:d7eef56f-26a0-4307-9de7-855b3f2f1d22,Karoline Yised Lasso Torres,712020:172259ea-a77e-46f6-af04-a5c338f112f8,Media,Validación de requisitos,,03/sep/26 18:31,04/sep/26 09:29,
AMS,AMS-2006,60393,INGRESAR CECINA EN TRANSITO TRANSPORTE 0005363945,Christian Mendez,712020:d3138b76-6aa2-432d-8832-e38d9cbf41e1,Matias Fabian Muñoz Mariqueo,712020:da1490a0-d097-488b-bff7-672b0c78f4ac,Alta,Validación del usuario,,03/sep/26 19:32,04/sep/26 00:15,
Requerimiento,REQ-3556,60395,Solicitud de Homologación de cuentas y tx adicionales ,Marielin Liseth Villegas Escalona,712020:afb894d7-7e24-418f-a8c1-8593d8a70b54,Alejandro Enrique Gonzalez Bracho,712020:2a91d042-9782-44ad-8944-fe1523f3889d,Media,Esperando por el usuario,,03/sep/26 20:04,09/sep/26 17:50,
AMS,AMS-2010,60425,Errores de ingreso Legacy,Brayan Dario Guarnizo Celis,712020:d0cb437d-12e7-4ff8-8e1c-4529d60cedda,Porteria Candelaria Aves Reproductoras,712020:1305c38a-0fd3-48f7-9168-099b2f1b39ed,Alta,Validación del usuario,,04/sep/26 02:32,04/sep/26 14:45,
Incidente,INC-17641,60429,HMI pegado,Guillermo Andres Benavides  Farias,712020:fb05db58-0e87-4d5f-b8ef-019907a66fdc,Leidy Tatiana León Lizcano,712020:7c332f1c-beea-4c36-850d-a4bebe955356,Alta,Resuelto,,04/sep/26 03:57,07/sep/26 10:01,
AMS,AMS-2013,60445,usuario reporta problemas con materiales,Felipe Andres Moya Medel,62992a6db407cc006900d279,despcurico,712020:f75fc02b-467c-4e0a-a1a2-49fd23a8f37d,Alta,Validación del usuario,,04/sep/26 07:36,09/sep/26 17:35,
Incidente,INC-17646,60447,problemas equipo ,Marcelo Enrique Molina Gonzalez,712020:6ff29a06-6a09-4d45-8fa6-b2455efeaf8c,Matías Rafael Donoso Jiménez,712020:447c3261-7861-432f-9a7f-90c291135e15,Alta,Resuelto,,04/sep/26 07:48,04/sep/26 15:42,
Incidente,INC-17647,60449,problemas equipo ,Marcelo Enrique Molina Gonzalez,712020:6ff29a06-6a09-4d45-8fa6-b2455efeaf8c,Matías Rafael Donoso Jiménez,712020:447c3261-7861-432f-9a7f-90c291135e15,Alta,Resuelto,,04/sep/26 07:49,04/sep/26 15:44,
Incidente,INC-17648,60451,problemas punto de red,Felipe Andres Jeria Rodriguez,712020:f0d4df3d-4510-4e4a-be63-7258c31884e1,Matías Rafael Donoso Jiménez,712020:447c3261-7861-432f-9a7f-90c291135e15,Alta,Resuelto,,04/sep/26 07:54,04/sep/26 15:47,
Incidente,INC-17649,60453,problemas ingreso recurso compartido,Marcelo Enrique Molina Gonzalez,712020:6ff29a06-6a09-4d45-8fa6-b2455efeaf8c,Matías Rafael Donoso Jiménez,712020:447c3261-7861-432f-9a7f-90c291135e15,Alta,Resuelto,,04/sep/26 07:57,04/sep/26 15:44,
Requerimiento,REQ-3563,60459,No puede acceder a la pagina de tecnoandina,,,Jair Stiven Méndez Baquero,712020:66e4c6db-2ecc-4e66-bfc2-850cc8894432,Media,Validación de requisitos,,04/sep/26 08:14,04/sep/26 08:15,
Incidente,INC-17653,60465,Error distribucion 88,,,Matías Rafael Donoso Jiménez,712020:447c3261-7861-432f-9a7f-90c291135e15,Alta,Equipo Asignado,,04/sep/26 08:26,09/sep/26 14:25,
Incidente,INC-17664,60501,Intermitencia y lentitud severa en servicio de Internet - Portería Santa Elena,Felipe Andres Jeria Rodriguez,712020:f0d4df3d-4510-4e4a-be63-7258c31884e1,Karol Dayanna Palomino Serrano,712020:e4df31f3-cc17-4db7-b128-efd436a7f3c9,Alta,Validación del usuario,,04/sep/26 09:07,09/sep/26 15:21,
AMS,AMS-2019,60519,eliminar transporte,eyling rodriguez,712020:b143dc81-fa3d-4c22-a063-cf5a91d69ec8,Orlando Aly Romero Garcia,712020:30fab499-6205-48c8-ae77-5de7da5bdfcb,Alta,Validación del usuario,,04/sep/26 09:20,04/sep/26 14:45,
Incidente,INC-17674,60541,Cuenta deshabilitada por organizacion,Jonathan Andres Navarro Azocar,712020:a5042667-d0d7-4571-b766-9934e56fa4cb,Sebastian Latife,712020:523fdaee-0def-45cd-99d0-88abc4b3104d,Alta,Escalado Proveedores Marca,,04/sep/26 09:33,04/sep/26 13:46,
Incidente,INC-17675,60543,Error 1060 legacy,Jorge Arnaldo Quiroz Olmos,712020:4e6376c9-f6d2-4bc4-b833-100074be9526,Matías Rafael Donoso Jiménez,712020:447c3261-7861-432f-9a7f-90c291135e15,Alta,Validación del usuario,,04/sep/26 09:34,04/sep/26 09:52,
AMS,AMS-2023,60553,Eliminación de folios fiscales,Angie Espinoza,712020:d2d363d3-b9ac-47bf-923a-f89eb5887a5d,Jose Nicolas Berdicevschio Gonzalez,712020:28bee572-9ade-4cfc-9a33-8c243a6fb07c,Alta,Esperando por el usuario,,04/sep/26 09:46,09/sep/26 13:07,
Requerimiento,REQ-3572,60561,SAP - asignacion de transaccion ZML_DP_DPS370,Francisco Javier Jimenez Soto,712020:d7eef56f-26a0-4307-9de7-855b3f2f1d22,Nicolas Prieto Camelo,712020:3f87e7d5-1b59-45ae-9674-027e748fb844,Media,Validación de requisitos,,04/sep/26 09:50,04/sep/26 14:21,
AMS,AMS-2026,60575,Contabilizacion PDA con error,Francisco Javier Meneses Labatut,712020:25b1599a-7d16-430d-9304-bd0a59164714,Gilda Arenas Ortega,712020:831fa637-f1db-4f14-8474-66c19ee767a8,Alta,Validación del usuario,,04/sep/26 10:04,07/sep/26 13:25,
Incidente,INC-17685,60577,Falla de inicio de sesión ,Benjamin Nicolas Vidal Caroca,712020:2062d08e-0238-40d5-a11c-67396d81019b,Nicolas Prieto Camelo,712020:3f87e7d5-1b59-45ae-9674-027e748fb844,Alta,Validación del usuario,,04/sep/26 10:10,04/sep/26 14:33,
Incidente,INC-17686,60579,Usuario no le toma conexión a internet wifi o cable desde el PC,Gustavo Adolfo Fierro Morales,712020:34251f21-925f-4970-bea7-659d3ebfa34a,Jair Stiven Méndez Baquero,712020:66e4c6db-2ecc-4e66-bfc2-850cc8894432,Alta,Validación del usuario,,04/sep/26 10:13,08/sep/26 09:20,
AMS,AMS-2027,60581,"Reembalar etiquetas en UMP vacías, retomar caso anterior ",Christian Mendez,712020:d3138b76-6aa2-432d-8832-e38d9cbf41e1,Coordinadores Despacho Frigorifico,712020:1556baec-a312-43d2-9e85-b7d809324722,Alta,Validación del usuario,,04/sep/26 10:17,04/sep/26 22:34,
Requerimiento,REQ-3575,60583, Asistencia con aplicativo,,,Evelyn Pozo M,712020:8120de32-7eac-45d7-b464-84865a422b01,Media,Validación de requisitos,,04/sep/26 10:18,04/sep/26 10:18,
Requerimiento,REQ-3576,60585,Consulta General,,,Benjamín Reyes Aravena,712020:69f5cef6-164b-4af6-9971-75c05d019041,Media,Validación de requisitos,,04/sep/26 10:18,04/sep/26 10:18,
Incidente,INC-17687,60589,"Usuario no puede acceder a ninguna app microsoft, error: ""su organizacion ha deshabilitado este dispositivo""",Benjamin Nicolas Vidal Caroca,712020:2062d08e-0238-40d5-a11c-67396d81019b,Jair Stiven Méndez Baquero,712020:66e4c6db-2ecc-4e66-bfc2-850cc8894432,Alta,Validación del usuario,,04/sep/26 10:28,09/sep/26 08:35,
Incidente,INC-17688,60591,Problemas con ingresar al correo,Jonathan Andres Navarro Azocar,712020:a5042667-d0d7-4571-b766-9934e56fa4cb,Cristian Fernando Gonzalez Salazar,712020:fea82959-496f-4b4f-b771-47213d3e02cd,Alta,Validación del usuario,,04/sep/26 10:36,04/sep/26 13:07,
Incidente,INC-17689,60595,Cuenta deshabilitada por organizacion ,Gustavo Adolfo Fierro Morales,712020:34251f21-925f-4970-bea7-659d3ebfa34a,Sebastian Latife,712020:523fdaee-0def-45cd-99d0-88abc4b3104d,Alta,Validación del usuario,,04/sep/26 10:43,08/sep/26 09:23,
Requerimiento,REQ-3578,60601,Imposibilidad de envío de DTE por fallo de conexión al servidor en SAP SQR,,,Karol Dayanna Palomino Serrano,712020:e4df31f3-cc17-4db7-b128-efd436a7f3c9,Media,Esperando por el usuario,,04/sep/26 10:48,09/sep/26 14:15,
Incidente,INC-17693,60609,Softcore-Problema con camara de pesaje por ejes ,Patrick Boris Abnet Muñoz  Molina,712020:ac944e1e-85dd-4869-b78d-ba8112bb7484,Nicolas Prieto Camelo,712020:3f87e7d5-1b59-45ae-9674-027e748fb844,Alta,Validación del usuario,,04/sep/26 10:53,04/sep/26 11:30,
Requerimiento,REQ-3581,60615,homologación del usuario GAMORALEZ con el usuario de referencia DMUR en SAP SDR/SQR/SPR,Marielin Liseth Villegas Escalona,712020:afb894d7-7e24-418f-a8c1-8593d8a70b54,Jair Stiven Méndez Baquero,712020:66e4c6db-2ecc-4e66-bfc2-850cc8894432,Media,Esperando por el usuario,,04/sep/26 11:02,09/sep/26 14:55,
Requerimiento,REQ-3582,60623,Cambio de nombre en el workflow de liberación. ,Alexandra Catalina Jerez Arce,712020:faf68302-df2e-478a-a7be-04a2085ed0a7,Evelyn Pozo M,712020:8120de32-7eac-45d7-b464-84865a422b01,Media,Validación de requisitos,,04/sep/26 11:07,04/sep/26 14:22,
Requerimiento,REQ-3584,60629,Access to F110,Francisco Javier Jimenez Soto,712020:d7eef56f-26a0-4307-9de7-855b3f2f1d22,Evelyn Pozo M,712020:8120de32-7eac-45d7-b464-84865a422b01,Media,Validación de requisitos,,04/sep/26 11:14,04/sep/26 14:22,
Requerimiento,REQ-3586,60637,Access to F110 in SAP,Francisco Javier Jimenez Soto,712020:d7eef56f-26a0-4307-9de7-855b3f2f1d22,Evelyn Pozo M,712020:8120de32-7eac-45d7-b464-84865a422b01,Media,Validación de requisitos,,04/sep/26 11:22,04/sep/26 14:22,
Incidente,INC-17699,60645,problemas windows defender en excel,Giovanna Tavianni Lanzarini Manzano,712020:0ce6a8e2-f88d-4cb0-babb-fdedbed16c94,Matías Rafael Donoso Jiménez,712020:447c3261-7861-432f-9a7f-90c291135e15,Alta,Diagnostico/Validación Inicial,,04/sep/26 11:32,04/sep/26 16:12,
Incidente,INC-17700,60647,#6781 /[IBP] Problema con tramos de precio y volumen ,Luis Nibaldo Bustos Arriagada,712020:164a2568-3825-4854-b34b-12934469c8eb,Evelyn Pozo M,712020:8120de32-7eac-45d7-b464-84865a422b01,Alta,Validación del usuario,,04/sep/26 11:35,07/sep/26 11:50,
Requerimiento,REQ-3588,60651,Imposibilidad de envío de DTE por fallo de conexión al servidor en SAP SQR,Jorge Arnaldo Quiroz Olmos,712020:4e6376c9-f6d2-4bc4-b833-100074be9526,Jair Stiven Méndez Baquero,712020:66e4c6db-2ecc-4e66-bfc2-850cc8894432,Media,Subtarea N1,,04/sep/26 11:39,04/sep/26 14:04,
AMS,AMS-2034,60655,NO SE PUEDEN IMPRIMIR FACTURAS EN CONTROL DE FOLIOS - TICKET SOFTECK,eyling rodriguez,712020:b143dc81-fa3d-4c22-a063-cf5a91d69ec8,Matias Fabian Muñoz Mariqueo,712020:da1490a0-d097-488b-bff7-672b0c78f4ac,Alta,Esperando por el usuario,,04/sep/26 11:43,07/sep/26 15:24,
AMS,AMS-2035,60659,Validación de visualización de número de termógrafo en transporte de exportación SAP,LUZ ADRIANA CORREDOR GARCIA,712020:c4cdd827-d310-4562-a053-e021cad8b4d8,Javiera Belen Ahumada Moreno,712020:6a869305-7847-4e24-9c9d-fb93f21bc052,Alta,Validación del usuario,,04/sep/26 11:45,09/sep/26 16:55,
AMS,AMS-2036,60669,regularizar etiquetas,Felipe Duran,712020:af79e742-ca83-4c13-91e8-5b24a7372f8b,Orlando Aly Romero Garcia,712020:30fab499-6205-48c8-ae77-5de7da5bdfcb,Alta,Esperando por el usuario,,04/sep/26 11:54,09/sep/26 13:08,
Requerimiento,REQ-3592,60673,problema transaccion control de folios,Francisco Javier Jimenez Soto,712020:d7eef56f-26a0-4307-9de7-855b3f2f1d22,Matías Rafael Donoso Jiménez,712020:447c3261-7861-432f-9a7f-90c291135e15,Media,Validación de requisitos,,04/sep/26 11:59,04/sep/26 15:39,
Incidente,INC-17705,60677,Problemas con tecnoandina,Marisel Edith Vergara Norambuena,712020:656a14e4-2420-468d-9903-a996e0185924,Cristian Fernando Gonzalez Salazar,712020:fea82959-496f-4b4f-b771-47213d3e02cd,Alta,Validación del usuario,,04/sep/26 12:00,08/sep/26 12:36,
Requerimiento,REQ-3593,60679,Desbloqueo de cuenta bloqueada por responsable del sistema (scifuentes) en SAP SPR,Alexandra Catalina Jerez Arce,712020:faf68302-df2e-478a-a7be-04a2085ed0a7,Jair Stiven Méndez Baquero,712020:66e4c6db-2ecc-4e66-bfc2-850cc8894432,Media,Validación con Usuario,,04/sep/26 12:03,09/sep/26 17:30,
Incidente,INC-17707,60685,Sector sin internet - Crianza aves los castaños,Felipe Andres Jeria Rodriguez,712020:f0d4df3d-4510-4e4a-be63-7258c31884e1,Nicolas Prieto Camelo,712020:3f87e7d5-1b59-45ae-9674-027e748fb844,Alta,Validación del usuario,,04/sep/26 12:14,07/sep/26 09:13,
AMS,AMS-2037,60687,Productos no disponibles en sistema Conéctate,,,El Divisadero Cerdos Crianza,712020:f8ae6f01-9f62-4df0-8ffb-cbb1a8f60463,Alta,Validación del usuario,,04/sep/26 12:18,07/sep/26 18:04,
AMS,AMS-2038,60689,eliminar transporte,eyling rodriguez,712020:b143dc81-fa3d-4c22-a063-cf5a91d69ec8,Orlando Aly Romero Garcia,712020:30fab499-6205-48c8-ae77-5de7da5bdfcb,Alta,Validación del usuario,,04/sep/26 12:18,04/sep/26 16:45,
AMS,AMS-2039,60697,recepcionar transito pendiente,LUZ ADRIANA CORREDOR GARCIA,712020:c4cdd827-d310-4562-a053-e021cad8b4d8,Rodrigo Andres Montecinos Vera,712020:08c96e90-fec9-4545-b960-894965a70735,Alta,Validación del usuario,,04/sep/26 12:33,04/sep/26 17:10,
AMS,AMS-2040,60699,Macho no aparece en stock - Legacy,Diego Flores,712020:314bedea-6181-4d50-97d5-e114b8742d38,Grupo 24 Cerdos Reprod,712020:064248f1-71e0-4297-a6f6-bd36d9027be0,Alta,Validación del usuario,,04/sep/26 12:34,08/sep/26 09:49,
AMS,AMS-2041,60701,Conectate - Sacar hembras del resguardo ,Sebastian Suazo,712020:6b2b9a90-6b38-4d05-ae00-17b744f21325,Grupo 23 Cerdos Reprod,712020:423d11b8-341e-4b17-9b43-68468bd2b3ad,Alta,Validación del usuario,,04/sep/26 12:36,04/sep/26 16:50,
AMS,AMS-2042,60703,Corrección de fecha de registro en pallets Maquila Carnes Ika,Diego Flores,712020:314bedea-6181-4d50-97d5-e114b8742d38,Milysen Del Pilar Bustamante Galvez,712020:acd7e61e-8c9d-427d-bf3d-eb8ad58c7f08,Alta,Validación del usuario,,04/sep/26 12:37,05/sep/26 02:55,
Requerimiento,REQ-3597,60705,Permisos para TX MI24 y MI21 en SPR,Francisco Javier Jimenez Soto,712020:d7eef56f-26a0-4307-9de7-855b3f2f1d22,Sebastian Latife,712020:523fdaee-0def-45cd-99d0-88abc4b3104d,Media,Validación de requisitos,,04/sep/26 12:39,04/sep/26 14:22,
AMS,AMS-2044,60711,Solicitud de eliminación de guía duplicada,Crhistopher Sepulveda Gomez,712020:13f39121-e6b4-4cda-a566-699f9a1d5cfd,Joaquin Ignacio Molina Rehbein,712020:acf41590-bf02-4e76-84e8-8bd95587b0ed,Alta,Validación del usuario,,04/sep/26 12:50,08/sep/26 10:25,
AMS,AMS-2045,60715,favor revisar cuadratura de alimento dieta final de plantas de alimento Estrella y Lo Miranda sector Don Cornelio cr118 revisar en conectate -legacy,Diego Flores,712020:314bedea-6181-4d50-97d5-e114b8742d38,Paulina Alejandra Chacana Escobar,712020:4a7e2332-217f-43c5-a9c9-0a5fdcb200c0,Alta,Validación del usuario,,04/sep/26 13:06,08/sep/26 12:59,
Incidente,INC-17709,60717,Error de autenticación en conectores de Power Automate e intermitencia en recepción de correos,DANILO ESTEBAN Rodriguez Leiva,637297188fd2d2d5f12bc7aa,Karol Dayanna Palomino Serrano,712020:e4df31f3-cc17-4db7-b128-efd436a7f3c9,Alta,Validación del usuario,,04/sep/26 13:13,04/sep/26 13:32,
AMS,AMS-2047,60729,SAP  - Falla con eliminacion de OC  4801529155 ,Angie Espinoza,712020:d2d363d3-b9ac-47bf-923a-f89eb5887a5d,Maria Jose Zuñiga Matamala,712020:52d2c57e-9867-444c-b17f-8c0d94fe220a,Alta,Validación del usuario,,04/sep/26 14:03,09/sep/26 17:30,
Incidente,INC-17715,60755,Usuario no puede acceder a ninguna app microsoft ni a ninguna red ya sea corporativa o red normal,Gustavo Adolfo Fierro Morales,712020:34251f21-925f-4970-bea7-659d3ebfa34a,Jair Stiven Méndez Baquero,712020:66e4c6db-2ecc-4e66-bfc2-850cc8894432,Alta,Validación del usuario,,04/sep/26 14:54,08/sep/26 13:49,
AMS,AMS-2051,60757,no puede rescatar guias de alimentos,Sebastian Suazo,712020:6b2b9a90-6b38-4d05-ae00-17b744f21325,La Esmeralda Aves Crianza,712020:750b0441-cd7f-4bf3-857d-a9f416d81903,Alta,Esperando por el usuario,,04/sep/26 14:54,07/sep/26 15:23,
Incidente,INC-17722,60775,problemas equipo,Benjamin Nicolas Vidal Caroca,712020:2062d08e-0238-40d5-a11c-67396d81019b,Matías Rafael Donoso Jiménez,712020:447c3261-7861-432f-9a7f-90c291135e15,Alta,Equipo Asignado,,04/sep/26 15:16,04/sep/26 15:19,
AMS,AMS-2053,60777,Contabilización PAIR con error,Francisco Javier Meneses Labatut,712020:25b1599a-7d16-430d-9304-bd0a59164714,Gilda Arenas Ortega,712020:831fa637-f1db-4f14-8474-66c19ee767a8,Alta,Validación del usuario,,04/sep/26 15:17,07/sep/26 13:25,
AMS,AMS-2054,60779,favor revisar cuadratura de alimento dieta mediana en legacy  y rescatar guía pendiente en conectate don Gastón cr 119,,,Paulina Alejandra Chacana Escobar,712020:4a7e2332-217f-43c5-a9c9-0a5fdcb200c0,Alta,Validación del usuario,,04/sep/26 15:20,08/sep/26 15:00,
Incidente,INC-17731,60805,Problemas lentitud en dispositivo móvil corporativo,Jonathan Andres Navarro Azocar,712020:a5042667-d0d7-4571-b766-9934e56fa4cb,Sebastian Latife,712020:523fdaee-0def-45cd-99d0-88abc4b3104d,Alta,Resuelto,,04/sep/26 15:51,07/sep/26 10:19,
Requerimiento,REQ-3611,60807,SAP - solicitud de acceso carga de archivos BW BDC  vhviobwpci.rise.agrosuper.cl,Daniela Denisse Luco Gallardo,712020:530df45e-5b61-46c0-ae32-f37b9f044736,Nicolas Prieto Camelo,712020:3f87e7d5-1b59-45ae-9674-027e748fb844,Media,Revisión del N1,,04/sep/26 15:53,09/sep/26 07:39,
AMS,AMS-2057,60809,ANULACION DE DEVOLUCION DEL VENDEDOR V4127,Felipe Duran,712020:af79e742-ca83-4c13-91e8-5b24a7372f8b,Jesus Gabriel Curiel Gonzalez,712020:7f02edef-6404-4524-895a-ba15ac81de06,Alta,Validación del usuario,,04/sep/26 15:54,04/sep/26 21:00,
Requerimiento,REQ-3612,60811,Asignación de Transacciones en SAP,Francisco Javier Jimenez Soto,712020:d7eef56f-26a0-4307-9de7-855b3f2f1d22,Evelyn Pozo M,712020:8120de32-7eac-45d7-b464-84865a422b01,Media,Validación de requisitos,,04/sep/26 15:55,07/sep/26 08:44,
Incidente,INC-17735,60837,Enlace Entel sucursal Punta Arenas,Victor Mauricio Vera Nuñez,712020:46155656-0657-4144-9fa4-ba01a5c2fdf8,Luis Nibaldo Bustos Arriagada,712020:164a2568-3825-4854-b34b-12934469c8eb,Alta,Validación del usuario,,04/sep/26 16:33,07/sep/26 09:50,
Incidente,INC-17737,60843,Problemas con Equipo,Fernando Esteban Fuentes Morales,712020:fe5bcc67-ea2e-4406-b5b9-58211a6e5c8b,Cristian Fernando Gonzalez Salazar,712020:fea82959-496f-4b4f-b771-47213d3e02cd,Alta,Validación del usuario,,04/sep/26 16:40,07/sep/26 12:08,
Incidente,INC-17740,60851,equipo con problemas de lentitud,Jonathan Andres Navarro Azocar,712020:a5042667-d0d7-4571-b766-9934e56fa4cb,Karoline Yised Lasso Torres,712020:172259ea-a77e-46f6-af04-a5c338f112f8,Alta,Escalado Proveedores Marca,,04/sep/26 16:45,08/sep/26 15:43,
AMS,AMS-2062,60855,prueba prueba,Marcelo Alejandro Rodriguez Mackenzie,712020:a549febf-8809-4a49-8446-3e13b2de6e9a,Osman Ignacio Cornejo Castro,712020:651d8cb4-9ef6-4dd3-94a4-2484dd87a09c,Alta,Asignación Resolutor,,04/sep/26 16:55,07/sep/26 17:30,
Requerimiento,REQ-3620,60857,Usuario solicita autorización TRX SAP,Francisco Javier Jimenez Soto,712020:d7eef56f-26a0-4307-9de7-855b3f2f1d22,Alejandro Enrique Gonzalez Bracho,712020:2a91d042-9782-44ad-8944-fe1523f3889d,Media,Validación de requisitos,,04/sep/26 16:57,07/sep/26 14:51,
Requerimiento,REQ-3621,60871,Agregar Mac,Kevin Alexis Maldonado Muñoz,712020:c8eacfb5-650a-4c88-857f-2414a8f12044,Karoline Yised Lasso Torres,712020:172259ea-a77e-46f6-af04-a5c338f112f8,Media,Equipo Proveedor,,04/sep/26 17:25,07/sep/26 17:34,
AMS,AMS-2065,60906,Usuario presenta error en SAP al utilizar unta Transaccion,Christian Mendez,712020:d3138b76-6aa2-432d-8832-e38d9cbf41e1,Maria Cristina Mendez Andueza,712020:be942b57-153f-403f-be31-ba8a127720dd,Alta,Validación del usuario,,04/sep/26 18:24,08/sep/26 13:10,
AMS,AMS-2067,60910,error en toma de devolucion,Christian Mendez,712020:d3138b76-6aa2-432d-8832-e38d9cbf41e1,Desptalca,712020:92dd7942-c94d-438f-bfd1-b53e5b2d1687,Alta,Validación del usuario,,04/sep/26 18:26,05/sep/26 09:13,
AMS,AMS-2070,60922,material pegado en transito ,Christian Mendez,712020:d3138b76-6aa2-432d-8832-e38d9cbf41e1,Michel Roy Gonzales Ayala,712020:0ec874f0-8a7a-4945-b96d-f0151773ceb2,Alta,Validación del usuario,,04/sep/26 20:14,05/sep/26 00:55,
Incidente,INC-17757,60926,Monitoreo - Sectores sin servicio de internet ,Nivaldo Damian Farias Cornejo,712020:b0d13dab-a32c-4cb0-96c6-898a73162599,Franco Guinez A,712020:a3795c3a-aa5f-4cea-8071-60172591b157,Alta,Escalado Proveedores Marca,,04/sep/26 20:18,05/sep/26 18:13,
Incidente,INC-17759,60930,Monitoreo - Sectores sin servicio de internet ,Nivaldo Damian Farias Cornejo,712020:b0d13dab-a32c-4cb0-96c6-898a73162599,Franco Guinez A,712020:a3795c3a-aa5f-4cea-8071-60172591b157,Alta,Escalado Proveedores Marca,,04/sep/26 20:29,05/sep/26 18:14,
Incidente,INC-17760,60932,Error al acceder al outlook,Francisco Dario Guzman Jimenez,712020:ca5f4f7a-9ba3-4bb0-9ee8-984c1f220411,Karoline Yised Lasso Torres,712020:172259ea-a77e-46f6-af04-a5c338f112f8,Alta,Equipo Asignado,,04/sep/26 21:53,07/sep/26 09:14,
Incidente,INC-17761,60934,Error al acceder al outlook,Francisco Dario Guzman Jimenez,712020:ca5f4f7a-9ba3-4bb0-9ee8-984c1f220411,Alejandro Enrique Gonzalez Bracho,712020:2a91d042-9782-44ad-8944-fe1523f3889d,Alta,Resolución del Incidente,,04/sep/26 23:22,07/sep/26 09:15,
AMS,AMS-2081,60986,Legacy - error 1060 cuando se tratan de ingresar los datos de produccion ,Crhistopher Sepulveda Gomez,712020:13f39121-e6b4-4cda-a566-699f9a1d5cfd,Porteria Ur Aves Reproductoras,712020:fd05c5ef-74f0-4b6a-ac91-2d54e88f4285,Alta,Validación del usuario,,05/sep/26 10:05,07/sep/26 13:20,
AMS,AMS-2084,61000,SOLICITO INGRESAR DESCARTE A LA CARGA DEL 05-09-2026 YA QUE NO CAYERON A LEGACY Y TAMPOCO A HUEVO BOTADO,Sebastian Suazo,712020:6b2b9a90-6b38-4d05-ae00-17b744f21325,Patricia Alejandra Gonzalez Gonzalez,712020:07c63278-b783-478e-aa14-bdb997864ab5,Alta,Validación del usuario,,05/sep/26 12:16,07/sep/26 08:43,
AMS,AMS-2086,61012,Error 1060 en Legacy,Sebastian Suazo,712020:6b2b9a90-6b38-4d05-ae00-17b744f21325,Porteria La Soledad Aves Reproductoras,712020:4a40294e-1266-4ff3-b128-8a595cfcb1c0,Alta,Validación del usuario,,05/sep/26 15:42,05/sep/26 21:20,
Incidente,INC-17784,61016,Caída total de servicio de Internet - Portería Los Olivos,Felipe Andres Jeria Rodriguez,712020:f0d4df3d-4510-4e4a-be63-7258c31884e1,Karol Dayanna Palomino Serrano,712020:e4df31f3-cc17-4db7-b128-efd436a7f3c9,Alta,Validación del usuario,,05/sep/26 15:44,08/sep/26 16:17,
Incidente,INC-17787,61022,[Monitoreo] Alza de temperatura en equipo Fortinet Lo Miranda Industrial,Victor Mauricio Vera Nuñez,712020:46155656-0657-4144-9fa4-ba01a5c2fdf8,Benjamín Reyes Aravena,712020:69f5cef6-164b-4af6-9971-75c05d019041,Alta,Validación del usuario,,05/sep/26 16:20,08/sep/26 10:24,
Incidente,INC-17793,61036,Error distribucion 88,Victor Mauricio Vera Nuñez,712020:46155656-0657-4144-9fa4-ba01a5c2fdf8,Alejandro Enrique Gonzalez Bracho,712020:2a91d042-9782-44ad-8944-fe1523f3889d,Alta,Escalado Proveedores Marca,,05/sep/26 18:03,09/sep/26 17:09,
Requerimiento,REQ-3633,61042,Llamado de consulta,Jhonny Torres N,712020:3cecf351-efbc-43f7-8cdc-ccc90034c4a0,Jhonny Torres N,712020:3cecf351-efbc-43f7-8cdc-ccc90034c4a0,Media,Subtarea N1,,05/sep/26 21:18,05/sep/26 21:21,
Incidente,INC-17799,61054,Enlace sao paulo (telxius) con pérdida de paquetes,Felipe Andres Jeria Rodriguez,712020:f0d4df3d-4510-4e4a-be63-7258c31884e1,Erik Avello,712020:9d91180a-22c7-4d43-9eab-97c8cf49ecbf,Alta,Validación del usuario,,06/sep/26 06:02,07/sep/26 08:56,
Incidente,INC-17800,61056,[Monitoreo] Caída de enlace MUNDO,Victor Mauricio Vera Nuñez,712020:46155656-0657-4144-9fa4-ba01a5c2fdf8,Erik Avello,712020:9d91180a-22c7-4d43-9eab-97c8cf49ecbf,Alta,Validación del usuario,,06/sep/26 07:06,07/sep/26 10:12,
Incidente,INC-17801,61062,Sector sin internet - Crianza aves los pavos,Aldo Rodrigo Gonzalez Contreras,712020:444ef87b-e384-47e4-b76a-52abffc021d9,Evelyn Pozo M,712020:8120de32-7eac-45d7-b464-84865a422b01,Alta,Validación del usuario,,06/sep/26 13:16,09/sep/26 10:58,
Incidente,INC-17806,61076,Monitoreo - Enlace telxius (sao paulo) con pérdida de paquetes,Felipe Andres Jeria Rodriguez,712020:f0d4df3d-4510-4e4a-be63-7258c31884e1,Franco Guinez A,712020:a3795c3a-aa5f-4cea-8071-60172591b157,Alta,Validación del usuario,,06/sep/26 22:28,07/sep/26 08:57,
AMS,AMS-2088,61084,eliminar transporte,ext_mcorrea_softtek@agrosuper.com,712020:5323166f-ed94-4acc-a23b-f7f9110326f4,Orlando Aly Romero Garcia,712020:30fab499-6205-48c8-ae77-5de7da5bdfcb,Alta,Validación del usuario,,07/sep/26 00:24,07/sep/26 05:10,
Incidente,INC-17809,61086,Sin comunicacion con servidores de sala de maquinas ,Jacinth Andrew Cordova Marcano,712020:2cbd7839-f70b-4079-a0ca-3c26f66080aa,Bastian González M,712020:9607098c-323a-4de8-a44a-9176793df19d,Alta,Resuelto,,07/sep/26 01:47,07/sep/26 02:37,
Incidente,INC-17812,61092,Monitoreo - Enlace telxius (sao paulo) con pérdida de paquetes,Felipe Andres Jeria Rodriguez,712020:f0d4df3d-4510-4e4a-be63-7258c31884e1,Matías Rafael Donoso Jiménez,712020:447c3261-7861-432f-9a7f-90c291135e15,Alta,Resuelto,,07/sep/26 03:31,07/sep/26 08:58,
Incidente,INC-17819,61112,Camiones no estan saliendo con el ticket ,,,Bastian González M,712020:9607098c-323a-4de8-a44a-9176793df19d,Alta,Equipo Asignado,,07/sep/26 07:38,07/sep/26 11:29,
Incidente,INC-17820,61114,"Maquinas VTI 1,2 sin conectividad",Aldo Rodrigo Gonzalez Contreras,712020:444ef87b-e384-47e4-b76a-52abffc021d9,Cristian Fernando Gonzalez Salazar,712020:fea82959-496f-4b4f-b771-47213d3e02cd,Alta,Resuelto,,07/sep/26 07:46,09/sep/26 10:47,
Incidente,INC-17828,61140,Equipo con pantalla azul,Jonathan Andres Navarro Azocar,712020:a5042667-d0d7-4571-b766-9934e56fa4cb,Sebastian Latife,712020:523fdaee-0def-45cd-99d0-88abc4b3104d,Alta,Validación del usuario,,07/sep/26 08:20,07/sep/26 12:28,
Requerimiento,REQ-3653,61164,LLAMADO CONSULTA REQ-2974,Nicolas Prieto Camelo,712020:3f87e7d5-1b59-45ae-9674-027e748fb844,Nicolas Prieto Camelo,712020:3f87e7d5-1b59-45ae-9674-027e748fb844,Media,Revisión del N1,,07/sep/26 08:42,07/sep/26 13:09,
Incidente,INC-17832,61168,Guías de despacho no disponibles en dispositivos de vendedores,Cristian Andres Galvez Hidalgo,712020:6f789acc-1c74-4a8f-ad81-8bdda7aa0b41,Benjamín Reyes Aravena,712020:69f5cef6-164b-4af6-9971-75c05d019041,Alta,Validación del usuario,,07/sep/26 08:52,07/sep/26 10:56,
AMS,AMS-2092,61176,Error HTTP 403 al intentar imprimir tarjetas de creación en el sistema Conéctate,Crhistopher Sepulveda Gomez,712020:13f39121-e6b4-4cda-a566-699f9a1d5cfd,Grupo 17 Cerdos Reprod,712020:1a72fc3c-e241-4f55-8a0c-90c73083840e,Alta,Validación del usuario,,07/sep/26 08:52,07/sep/26 13:20,
Requerimiento,REQ-3662,61218,Homologación de roles/permisos SAP Fiori,Marielin Liseth Villegas Escalona,712020:afb894d7-7e24-418f-a8c1-8593d8a70b54,Karol Dayanna Palomino Serrano,712020:e4df31f3-cc17-4db7-b128-efd436a7f3c9,Media,Validación con Usuario,,07/sep/26 09:31,09/sep/26 15:05,
Incidente S4,IS4-6946,61222,Ticket REQ-3525,,,Antonia Belen Fuenzalida Pena,712020:27c40a0b-6a9b-424b-97cd-e06c7e50f4a1,Alta,Creado,,07/sep/26 09:32,07/sep/26 09:36,
Requerimiento,REQ-3666,61240,Llamado de consulta,Jhonny Torres N,712020:3cecf351-efbc-43f7-8cdc-ccc90034c4a0,Jhonny Torres N,712020:3cecf351-efbc-43f7-8cdc-ccc90034c4a0,Media,Revisión del N1,,07/sep/26 09:48,07/sep/26 11:08,
Requerimiento,REQ-3668,61252,Creacion de usuario  Ambiente SAP,Daniela Denisse Luco Gallardo,712020:530df45e-5b61-46c0-ae32-f37b9f044736,Franco Guinez A,712020:a3795c3a-aa5f-4cea-8071-60172591b157,Media,Subtarea N1,,07/sep/26 09:56,08/sep/26 15:11,
Incidente,INC-17854,61254,AD bloqueo constante - adiaz,Jacinth Andrew Cordova Marcano,712020:2cbd7839-f70b-4079-a0ca-3c26f66080aa,Nicolas Prieto Camelo,712020:3f87e7d5-1b59-45ae-9674-027e748fb844,Alta,Diagnostico/Validación Inicial,,07/sep/26 09:57,07/sep/26 10:00,
Incidente,INC-17857,61266,oficina de ADM sin conectividad,Aldo Rodrigo Gonzalez Contreras,712020:444ef87b-e384-47e4-b76a-52abffc021d9,Karoline Yised Lasso Torres,712020:172259ea-a77e-46f6-af04-a5c338f112f8,Alta,Resuelto,,07/sep/26 10:20,08/sep/26 15:41,
Requerimiento,REQ-3675,61278,Asistencia con hora/fecha,,,Evelyn Pozo M,712020:8120de32-7eac-45d7-b464-84865a422b01,Media,Validación de requisitos,,07/sep/26 10:31,07/sep/26 10:31,
Requerimiento,REQ-3678,61296,instalacion de aplicacion instala datum_xp,Gustavo Adolfo Fierro Morales,712020:34251f21-925f-4970-bea7-659d3ebfa34a,Nicolas Prieto Camelo,712020:3f87e7d5-1b59-45ae-9674-027e748fb844,Media,Validación con Usuario,,07/sep/26 10:51,09/sep/26 17:45,
Requerimiento,REQ-3679,61298,Cambio contraseña SQR ext_cmendez_sofftek,Daniela Denisse Luco Gallardo,712020:530df45e-5b61-46c0-ae32-f37b9f044736,Sebastian Latife,712020:523fdaee-0def-45cd-99d0-88abc4b3104d,Media,Validación de requisitos,,07/sep/26 10:56,07/sep/26 12:24,
AMS,AMS-2099,61316,Falta de Ingreso de Guía de Alimento,Crhistopher Sepulveda Gomez,712020:13f39121-e6b4-4cda-a566-699f9a1d5cfd,La Copa Cerdos Crianza,712020:2a648875-fcbc-480e-a0c7-126dfb4d6655,Alta,Validación del usuario,,07/sep/26 11:10,09/sep/26 09:19,
AMS,AMS-2100,61328,Error 403 en conectate ,Benjamin Nicolas Vidal Caroca,712020:2062d08e-0238-40d5-a11c-67396d81019b,Grupo 14 Cerdos Reprod,712020:28445fb1-ff82-49d2-952b-1b1911e49b79,Alta,Validación del usuario,,07/sep/26 11:18,08/sep/26 16:40,
Requerimiento,REQ-3686,61334,configurar equipo nuevo (1),Javier Alejandro Gonzalez Abarca,712020:9fc9fa65-2e7a-4d4c-9ba5-288f12754593,Jhonny Torres N,712020:3cecf351-efbc-43f7-8cdc-ccc90034c4a0,Media,Validación con Usuario,,07/sep/26 11:21,09/sep/26 17:00,
Requerimiento,REQ-3687,61336,configurar equipo nuevo (2),Fernando Esteban Fuentes Morales,712020:fe5bcc67-ea2e-4406-b5b9-58211a6e5c8b,Jhonny Torres N,712020:3cecf351-efbc-43f7-8cdc-ccc90034c4a0,Media,Validación con Usuario,,07/sep/26 11:22,09/sep/26 17:00,
Incidente,INC-17873,61338,Recuperacion de carpeta en altiris ,DANILO ESTEBAN Rodriguez Leiva,637297188fd2d2d5f12bc7aa,Franco Guinez A,712020:a3795c3a-aa5f-4cea-8071-60172591b157,Alta,Validación del usuario,,07/sep/26 11:26,08/sep/26 18:30,
Requerimiento,REQ-3693,61358,Llamado de consulta,Jhonny Torres N,712020:3cecf351-efbc-43f7-8cdc-ccc90034c4a0,Jhonny Torres N,712020:3cecf351-efbc-43f7-8cdc-ccc90034c4a0,Media,Revisión del N1,,07/sep/26 11:50,07/sep/26 11:55,
Requerimiento,REQ-3695,61368,Permisos para acceso a carpeta onedrive a usuario externo,DANILO ESTEBAN Rodriguez Leiva,637297188fd2d2d5f12bc7aa,Sebastian Latife,712020:523fdaee-0def-45cd-99d0-88abc4b3104d,Media,Equipo Proveedor,,07/sep/26 12:00,07/sep/26 13:41,
Requerimiento,REQ-3697,61376,SOLICITUD BIBLIOTECA FIORI,Daniela Denisse Luco Gallardo,712020:530df45e-5b61-46c0-ae32-f37b9f044736,Sebastian Latife,712020:523fdaee-0def-45cd-99d0-88abc4b3104d,Media,Validación de requisitos,,07/sep/26 12:12,09/sep/26 13:51,
AMS,AMS-2105,61380,ERROR EN LA APLICACION CONECTATE ,Diego Flores,712020:314bedea-6181-4d50-97d5-e114b8742d38,Grupo 23 Cerdos Reprod,712020:423d11b8-341e-4b17-9b43-68468bd2b3ad,Alta,Validación del usuario,,07/sep/26 12:15,07/sep/26 19:35,
Requerimiento,REQ-3701,61400,Asignación de transacciones SAP,Francisco Javier Jimenez Soto,712020:d7eef56f-26a0-4307-9de7-855b3f2f1d22,Karol Dayanna Palomino Serrano,712020:e4df31f3-cc17-4db7-b128-efd436a7f3c9,Media,Validación de requisitos,,07/sep/26 12:45,08/sep/26 08:42,
Incidente,INC-17882,61402,Usuaria no puede visualizar PDF,Benjamin Nicolas Vidal Caroca,712020:2062d08e-0238-40d5-a11c-67396d81019b,Franco Guinez A,712020:a3795c3a-aa5f-4cea-8071-60172591b157,Alta,Validación del usuario,,07/sep/26 12:47,08/sep/26 09:09,
Requerimiento,REQ-3704,61408,Homologacion,Marielin Liseth Villegas Escalona,712020:afb894d7-7e24-418f-a8c1-8593d8a70b54,Jhonny Torres N,712020:3cecf351-efbc-43f7-8cdc-ccc90034c4a0,Media,Validación con Usuario,,07/sep/26 12:59,09/sep/26 15:20,
Incidente,INC-17895,61444,Robo de celular,Benjamin Nicolas Schwalm Jara,712020:7762ff16-6b68-4f6f-a0ad-2b1b9a40b257,Evelyn Pozo M,712020:8120de32-7eac-45d7-b464-84865a422b01,Alta,Resuelto,,07/sep/26 13:44,08/sep/26 10:26,
AMS,AMS-2117,61457, favor revertir movimiento 904,Angie Espinoza,712020:d2d363d3-b9ac-47bf-923a-f89eb5887a5d,Jesus Alberto Castro Orellana,712020:7bb8bf0b-19b9-49b3-9096-72b07bc9c56c,Alta,Validación del usuario,,07/sep/26 14:17,08/sep/26 18:05,
AMS,AMS-2118,61463,Problema para sacar tarjetas.,Diego Flores,712020:314bedea-6181-4d50-97d5-e114b8742d38,Grupo 24 Cerdos Reprod,712020:064248f1-71e0-4297-a6f6-bd36d9027be0,Alta,Validación del usuario,,07/sep/26 14:31,08/sep/26 15:00,
Incidente,INC-17901,61477,alza de temperatuda sala de datos planta de alimientos lo miranda  ,Oscar Antonio Brantes Valdebenito,712020:0fbd1309-df07-4f16-a340-115d3cf352de,Nicolas Prieto Camelo,712020:3f87e7d5-1b59-45ae-9674-027e748fb844,Alta,Validación del usuario,,07/sep/26 14:38,07/sep/26 14:46,
AMS,AMS-2119,61479,Error HTTP 403 al intentar imprimir tarjetas de creación en el sistema Conéctate,Benjamin Nicolas Vidal Caroca,712020:2062d08e-0238-40d5-a11c-67396d81019b,Grupo 15 Cerdos Reprod,712020:24cf2f9f-4600-4f61-bab1-635bb8b1c9c8,Alta,Validación del usuario,,07/sep/26 14:39,08/sep/26 15:35,
Incidente,INC-17904,61487,Problema de acceso a Sales and Service por SSO,,,Sebastian Latife,712020:523fdaee-0def-45cd-99d0-88abc4b3104d,Alta,Equipo Asignado,,07/sep/26 14:51,09/sep/26 11:12,
AMS,AMS-2121,61493,SAP devolución de contenedor de puerto a agua  contenedor 40595789 ,LUZ ADRIANA CORREDOR GARCIA,712020:c4cdd827-d310-4562-a053-e021cad8b4d8,Brenda Desiree Garcia Lopez,712020:9367c661-6e76-4c39-8ecd-ee1f7f4c523e,Alta,Validación del usuario,,07/sep/26 15:00,07/sep/26 20:50,
Requerimiento,REQ-3711,61499,Solicitud de permisos para rol del equipo de automatización,Francisco Javier Jimenez Soto,712020:d7eef56f-26a0-4307-9de7-855b3f2f1d22,Evelyn Pozo M,712020:8120de32-7eac-45d7-b464-84865a422b01,Media,Validación de requisitos,,07/sep/26 15:06,08/sep/26 08:42,
Incidente,INC-17909,61517,E- flujo error 13-TYPE MISMATCH,Enzo Sebastian Osorio Tiznado,712020:bdc566f5-eb54-4451-8fc0-407773ddbcaa,Nicolas Prieto Camelo,712020:3f87e7d5-1b59-45ae-9674-027e748fb844,Alta,Validación del usuario,,07/sep/26 15:15,09/sep/26 10:39,
Incidente,INC-17910,61523,Error en sharepoint,Jacinth Andrew Cordova Marcano,712020:2cbd7839-f70b-4079-a0ca-3c26f66080aa,Sebastian Latife,712020:523fdaee-0def-45cd-99d0-88abc4b3104d,Alta,Resuelto,,07/sep/26 15:27,07/sep/26 17:14,
Requerimiento,REQ-3720,61529,Creación de cuenta genérica.,Jacinth Andrew Cordova Marcano,712020:2cbd7839-f70b-4079-a0ca-3c26f66080aa,Benjamín Reyes Aravena,712020:69f5cef6-164b-4af6-9971-75c05d019041,Media,Validación de requisitos,,07/sep/26 15:34,09/sep/26 09:30,
Requerimiento,REQ-3721,61531,Solicitud de transacciones ,Francisco Javier Jimenez Soto,712020:d7eef56f-26a0-4307-9de7-855b3f2f1d22,Franco Guinez A,712020:a3795c3a-aa5f-4cea-8071-60172591b157,Media,Validación de requisitos,,07/sep/26 15:36,08/sep/26 08:42,
Incidente,INC-17912,61545, [Tecnoandina] Bosque Viejo Aves Crianza - No se ve reflejado el peso y la ganancia diaria ,Luis Nibaldo Bustos Arriagada,712020:164a2568-3825-4854-b34b-12934469c8eb,Evelyn Pozo M,712020:8120de32-7eac-45d7-b464-84865a422b01,Alta,Escalado Proveedores Marca,,07/sep/26 15:46,08/sep/26 11:22,
AMS,AMS-2127,61547,bajar datos de nacimiento y guías de despacho a legacy del 07-09-2026,Sebastian Suazo,712020:6b2b9a90-6b38-4d05-ae00-17b744f21325,Patricia Alejandra Gonzalez Gonzalez,712020:07c63278-b783-478e-aa14-bdb997864ab5,Alta,Validación del usuario,,07/sep/26 15:49,07/sep/26 21:15,
Incidente,INC-17914,61551,problemas de impresión ,Marcelo Enrique Molina Gonzalez,712020:6ff29a06-6a09-4d45-8fa6-b2455efeaf8c,Jhonny Torres N,712020:3cecf351-efbc-43f7-8cdc-ccc90034c4a0,Alta,Resuelto,,07/sep/26 15:50,08/sep/26 08:00,
Incidente,INC-17915,61553,problemas de impresión ,Marcelo Enrique Molina Gonzalez,712020:6ff29a06-6a09-4d45-8fa6-b2455efeaf8c,Jhonny Torres N,712020:3cecf351-efbc-43f7-8cdc-ccc90034c4a0,Alta,Resuelto,,07/sep/26 15:51,08/sep/26 07:59,
AMS,AMS-2128,61555,GUIAS SIN RESCATAR,Claudio Salamanca,6316239d3310c2492b5b2c5f,Bosque Viejo Aves Crianza,712020:76ae2428-bdcc-40b5-863e-e945af694906,Alta,Validación del usuario,,07/sep/26 15:52,09/sep/26 10:19,
Incidente,INC-17916,61559,equipo no enciende ,Marcelo Enrique Molina Gonzalez,712020:6ff29a06-6a09-4d45-8fa6-b2455efeaf8c,Jhonny Torres N,712020:3cecf351-efbc-43f7-8cdc-ccc90034c4a0,Alta,Resuelto,,07/sep/26 15:55,08/sep/26 07:59,
Requerimiento,REQ-3725,61561,Problema al recibir imagenes por DROPBOX,Fabian Esteban Poblete Ruiz,712020:99045e67-dd9e-4f6d-88cf-229900ec93a2,Sebastian Latife,712020:523fdaee-0def-45cd-99d0-88abc4b3104d,Media,Validación de requisitos,,07/sep/26 15:58,09/sep/26 19:09,
Requerimiento,REQ-3730,61585,Asignación de transacción.,Francisco Javier Jimenez Soto,712020:d7eef56f-26a0-4307-9de7-855b3f2f1d22,Benjamín Reyes Aravena,712020:69f5cef6-164b-4af6-9971-75c05d019041,Media,Validación de requisitos,,07/sep/26 16:21,08/sep/26 08:42,
Incidente,INC-17924,61598,CELULAR PREVENTA SE VA A NEGRO,Javier Alejandro Gonzalez Abarca,712020:9fc9fa65-2e7a-4d4c-9ba5-288f12754593,Ivette Sepulveda B,712020:563aa2d0-0127-4b79-a108-c061e76eb239,Alta,Esperando por el usuario,,07/sep/26 16:35,09/sep/26 09:38,
Requerimiento,REQ-3736,61608,[TICKET RESPALDO] Revisión de equipo para cambio de PC,Evelyn Pozo M,712020:8120de32-7eac-45d7-b464-84865a422b01,Evelyn Pozo M,712020:8120de32-7eac-45d7-b464-84865a422b01,Media,Subtarea N1,,07/sep/26 16:38,07/sep/26 16:46,
Incidente,INC-17927,61612,LENTITUD GENERAL DEL EQUIPO,Victor Manuel Currieco Marillan,712020:6499dafd-420b-45b4-8f3a-35c37c05a5c8,Ivette Sepulveda B,712020:563aa2d0-0127-4b79-a108-c061e76eb239,Alta,Esperando por el usuario,,07/sep/26 16:52,08/sep/26 16:29,
Incidente,INC-17929,61618,Lentitud general en notebook lenovo,Gustavo Adolfo Fierro Morales,712020:34251f21-925f-4970-bea7-659d3ebfa34a,Ivette Sepulveda B,712020:563aa2d0-0127-4b79-a108-c061e76eb239,Alta,Esperando por el usuario,,07/sep/26 16:58,09/sep/26 12:03,
Incidente,INC-17930,61620,RECUPERACION DE SITIO SHAREPOINT,Guillermo Andres Benavides  Farias,712020:fb05db58-0e87-4d5f-b8ef-019907a66fdc,Ivette Sepulveda B,712020:563aa2d0-0127-4b79-a108-c061e76eb239,Alta,Validación del usuario,,07/sep/26 17:08,09/sep/26 12:01,
Requerimiento,REQ-3749,61672,Habilitar punto de red,,,Leidy Tatiana León Lizcano,712020:7c332f1c-beea-4c36-850d-a4bebe955356,Media,Validación de requisitos,,07/sep/26 18:32,09/sep/26 14:34,
Requerimiento,REQ-3750,61674,Ingreso a  acceso compartido ,,,Felipe Esteban Ravellos Lara,712020:34aa28de-0baa-4f2f-92d4-785379a9a54c,Media,Validación de requisitos,,07/sep/26 18:32,07/sep/26 18:33,
Incidente,INC-17943,61690,LOGIN INVALIDO MMS,,,Ivette Sepulveda B,712020:563aa2d0-0127-4b79-a108-c061e76eb239,Alta,Equipo Asignado,,07/sep/26 19:22,07/sep/26 19:23,
Incidente,INC-17947,61698,CAMBIO DE LOTE,Felipe Andres Moya Medel,62992a6db407cc006900d279,Erik Avello,712020:9d91180a-22c7-4d43-9eab-97c8cf49ecbf,Alta,Resuelto,,07/sep/26 20:32,08/sep/26 14:13,
Incidente,INC-17952,61718,[Monitoreo] Desfase de horas en monitoreo de contigencias,Hector Mauricio Maturana Sepulveda,712020:5ef99b58-b0e5-4fa4-bf37-5ecd42e4f255,Erik Avello,712020:9d91180a-22c7-4d43-9eab-97c8cf49ecbf,Alta,Resuelto,,07/sep/26 23:48,08/sep/26 01:02,
Incidente,INC-17953,61722,Problemas HMI,Hector Mauricio Maturana Sepulveda,712020:5ef99b58-b0e5-4fa4-bf37-5ecd42e4f255,Leidy Tatiana León Lizcano,712020:7c332f1c-beea-4c36-850d-a4bebe955356,Alta,Resuelto,,07/sep/26 23:55,08/sep/26 00:11,
Incidente,INC-17963,61748,Problemas con conexión a internet,Jonathan Andres Navarro Azocar,712020:a5042667-d0d7-4571-b766-9934e56fa4cb,Cristian Fernando Gonzalez Salazar,712020:fea82959-496f-4b4f-b771-47213d3e02cd,Alta,Resolución del Incidente,,08/sep/26 07:43,08/sep/26 15:41,
Requerimiento,REQ-3755,61758,Homologación de cuenta mrojasm en SPR,Antonia Belen Fuenzalida Pena,712020:27c40a0b-6a9b-424b-97cd-e06c7e50f4a1,Sebastian Latife,712020:523fdaee-0def-45cd-99d0-88abc4b3104d,Media,Validación con Usuario,,08/sep/26 08:17,09/sep/26 17:10,
Requerimiento,REQ-3757,61764,Usuaria corta llamado.,Benjamín Reyes Aravena,712020:69f5cef6-164b-4af6-9971-75c05d019041,Benjamín Reyes Aravena,712020:69f5cef6-164b-4af6-9971-75c05d019041,Media,Revisión del N1,,08/sep/26 08:29,08/sep/26 10:06,
AMS,AMS-2149,61766,No puede imprimir en conectate,Benjamin Nicolas Vidal Caroca,712020:2062d08e-0238-40d5-a11c-67396d81019b,Grupo 21 Cerdos Reprod,712020:8b964ce2-27b1-4fa1-9ac8-7af7562265e5,Alta,Validación del usuario,,08/sep/26 08:34,08/sep/26 16:45,
AMS,AMS-2150,61778,Guia en conectacte no esta disponible ,Sebastian Suazo,712020:6b2b9a90-6b38-4d05-ae00-17b744f21325,Los Llanos Cerdos Crianza,712020:c2060f15-a552-4138-b2aa-e992acb61272,Alta,Validación del usuario,,08/sep/26 08:41,08/sep/26 18:40,
Requerimiento,REQ-3759,61780,Agregar MAC a lista blanca,Victor Mauricio Vera Nuñez,712020:46155656-0657-4144-9fa4-ba01a5c2fdf8,Evelyn Pozo M,712020:8120de32-7eac-45d7-b464-84865a422b01,Media,Equipo Proveedor,,08/sep/26 08:41,08/sep/26 13:06,
Requerimiento,REQ-3760,61782,Configuración de equipo,Javier Alejandro Gonzalez Abarca,712020:9fc9fa65-2e7a-4d4c-9ba5-288f12754593,Sebastian Latife,712020:523fdaee-0def-45cd-99d0-88abc4b3104d,Media,Equipo Proveedor,,08/sep/26 08:48,08/sep/26 11:26,
Incidente,INC-17970,61788,Bloqueo MinfoTI por forti,Scarlet Aracely Muñoz Castillo,712020:34dce0a0-0ac6-4759-a94a-13e2ae86b706,Alejandro Enrique Gonzalez Bracho,712020:2a91d042-9782-44ad-8944-fe1523f3889d,Alta,Esperando por el usuario,,08/sep/26 08:55,08/sep/26 15:15,
Incidente,INC-17971,61790,Equipo - falla con inicio de sesión ,Gustavo Adolfo Fierro Morales,712020:34251f21-925f-4970-bea7-659d3ebfa34a,Nicolas Prieto Camelo,712020:3f87e7d5-1b59-45ae-9674-027e748fb844,Alta,Esperando por el usuario,,08/sep/26 09:00,08/sep/26 14:00,
Incidente,INC-17975,61804,Autenticador se esta solicitando para todas las aplicaciones ,Guillermo Andres Benavides  Farias,712020:fb05db58-0e87-4d5f-b8ef-019907a66fdc,Franco Guinez A,712020:a3795c3a-aa5f-4cea-8071-60172591b157,Alta,Validación del usuario,,08/sep/26 09:18,09/sep/26 15:41,
Requerimiento,REQ-3764,61810,Configuracion de equipo nuevo ,Javier Alejandro Gonzalez Abarca,712020:9fc9fa65-2e7a-4d4c-9ba5-288f12754593,Nicolas Prieto Camelo,712020:3f87e7d5-1b59-45ae-9674-027e748fb844,Media,Equipo Proveedor,,08/sep/26 09:23,08/sep/26 11:29,
AMS,AMS-2154,61818,Realizar cambio de peso en materiales,Christian Mendez,712020:d3138b76-6aa2-432d-8832-e38d9cbf41e1,Juan Pablo Matamala Iraira,712020:7e6ce8bb-baca-43e3-b89c-493e2e12c737,Alta,Validación del usuario,,08/sep/26 09:30,08/sep/26 14:00,
Requerimiento,REQ-3765,61820,Solicita instalación de TeamViewer Host ,Javier Alejandro Gonzalez Abarca,712020:9fc9fa65-2e7a-4d4c-9ba5-288f12754593,Evelyn Pozo M,712020:8120de32-7eac-45d7-b464-84865a422b01,Media,Equipo Proveedor,,08/sep/26 09:31,09/sep/26 11:56,
Incidente,INC-17980,61824,Equipo deshabilitado,Javier Alejandro Gonzalez Abarca,712020:9fc9fa65-2e7a-4d4c-9ba5-288f12754593,Franco Guinez A,712020:a3795c3a-aa5f-4cea-8071-60172591b157,Alta,Esperando por el usuario,,08/sep/26 09:31,09/sep/26 09:39,
Requerimiento,REQ-3767,61834,Usuario solicita acceder al grupo de compras 840,Francisco Javier Jimenez Soto,712020:d7eef56f-26a0-4307-9de7-855b3f2f1d22,Alejandro Enrique Gonzalez Bracho,712020:2a91d042-9782-44ad-8944-fe1523f3889d,Media,Validación de requisitos,,08/sep/26 09:40,09/sep/26 08:08,
Incidente,INC-17983,61842,No puede ingresar a MMS - Error SSO/invalid login,,,Evelyn Pozo M,712020:8120de32-7eac-45d7-b464-84865a422b01,Alta,Equipo Asignado,,08/sep/26 09:46,08/sep/26 09:48,
Requerimiento,REQ-3771,61848,Usuario solicita cambio de grupo de compras,Francisco Javier Jimenez Soto,712020:d7eef56f-26a0-4307-9de7-855b3f2f1d22,Alejandro Enrique Gonzalez Bracho,712020:2a91d042-9782-44ad-8944-fe1523f3889d,Media,Validación de requisitos,,08/sep/26 09:52,09/sep/26 08:24,
Requerimiento,REQ-3772,61850,Desbloqueo de cuenta SAP SPR ,Daniela Denisse Luco Gallardo,712020:530df45e-5b61-46c0-ae32-f37b9f044736,Franco Guinez A,712020:a3795c3a-aa5f-4cea-8071-60172591b157,Media,Validación de requisitos,,08/sep/26 09:56,09/sep/26 08:08,
Requerimiento,REQ-3773,61854,Cotización de Punto de Red,Victor Mauricio Vera Nuñez,712020:46155656-0657-4144-9fa4-ba01a5c2fdf8,Benjamín Reyes Aravena,712020:69f5cef6-164b-4af6-9971-75c05d019041,Media,Equipo Proveedor,,08/sep/26 10:05,08/sep/26 14:58,
Incidente,INC-17984,61862,Cuenta deshabilitada en AD,Scarlet Aracely Muñoz Castillo,712020:34dce0a0-0ac6-4759-a94a-13e2ae86b706,Sebastian Latife,712020:523fdaee-0def-45cd-99d0-88abc4b3104d,Alta,Validación del usuario,,08/sep/26 10:11,08/sep/26 14:36,
AMS,AMS-2160,61872,Ajuste detalle guias de alimento,Diego Flores,712020:314bedea-6181-4d50-97d5-e114b8742d38,Joaquin Ignacio Molina Rehbein,712020:acf41590-bf02-4e76-84e8-8bd95587b0ed,Alta,Validación del usuario,,08/sep/26 10:22,08/sep/26 16:05,
Incidente,INC-17991,61896,Equipo sin internet,Javier Alejandro Gonzalez Abarca,712020:9fc9fa65-2e7a-4d4c-9ba5-288f12754593,Evelyn Pozo M,712020:8120de32-7eac-45d7-b464-84865a422b01,Alta,Validación del usuario,,08/sep/26 10:40,09/sep/26 09:35,
AMS,AMS-2162,61898,Nodos no se estan generando ,Sebastian Suazo,712020:6b2b9a90-6b38-4d05-ae00-17b744f21325,Grupo 26 Cerdos Reprod,712020:e0bc7811-ff64-48d6-8249-ca07fa72d0b9,Alta,Validación del usuario,,08/sep/26 10:42,08/sep/26 16:05,
Incidente,INC-17992,61900,Dispositivo deshabilitado por organizacion,Javier Alejandro Gonzalez Abarca,712020:9fc9fa65-2e7a-4d4c-9ba5-288f12754593,Sebastian Latife,712020:523fdaee-0def-45cd-99d0-88abc4b3104d,Alta,Validación del usuario,,08/sep/26 10:42,09/sep/26 09:38,
Incidente,INC-17995,61908,Error HTTP 403 al intentar imprimir tarjetas de creación en el sistema Conéctate,Benjamin Nicolas Vidal Caroca,712020:2062d08e-0238-40d5-a11c-67396d81019b,Endy Villasmil,712020:de760acd-5b27-4fc2-a4ea-e31854338f83,Alta,Resuelto,,08/sep/26 10:52,08/sep/26 12:15,
Incidente,INC-17997,61912,Error HTTP 403 al intentar imprimir tarjetas de creación en el sistema Conéctate,Benjamin Nicolas Vidal Caroca,712020:2062d08e-0238-40d5-a11c-67396d81019b,Endy Villasmil,712020:de760acd-5b27-4fc2-a4ea-e31854338f83,Alta,Validación del usuario,,08/sep/26 10:56,08/sep/26 12:51,
Incidente,INC-18003,61926,Error HTTP 403 al intentar imprimir tarjetas de creación en el sistema Conéctate,Benjamin Nicolas Vidal Caroca,712020:2062d08e-0238-40d5-a11c-67396d81019b,Endy Villasmil,712020:de760acd-5b27-4fc2-a4ea-e31854338f83,Alta,Validación del usuario,,08/sep/26 11:06,08/sep/26 14:37,
Incidente,INC-18004,61928,Error HTTP 403 al intentar imprimir tarjetas de creación en el sistema Conéctate,Benjamin Nicolas Vidal Caroca,712020:2062d08e-0238-40d5-a11c-67396d81019b,Endy Villasmil,712020:de760acd-5b27-4fc2-a4ea-e31854338f83,Alta,Validación del usuario,,08/sep/26 11:09,08/sep/26 14:47,
Incidente,INC-18006,61936,Error HTTP 403 al intentar imprimir tarjetas de creación en el sistema Conéctate,Fernando Esteban Fuentes Morales,712020:fe5bcc67-ea2e-4406-b5b9-58211a6e5c8b,Endy Villasmil,712020:de760acd-5b27-4fc2-a4ea-e31854338f83,Alta,Validación del usuario,,08/sep/26 11:15,08/sep/26 16:48,
Incidente,INC-18015,61970,bloqueo persistente cuenta ad ,Scarlet Aracely Muñoz Castillo,712020:34dce0a0-0ac6-4759-a94a-13e2ae86b706,Jhonny Torres N,712020:3cecf351-efbc-43f7-8cdc-ccc90034c4a0,Alta,Esperando por el usuario,,08/sep/26 11:41,08/sep/26 14:57,
Incidente,INC-18016,61972,Caida enlace Telxius,Victor Mauricio Vera Nuñez,712020:46155656-0657-4144-9fa4-ba01a5c2fdf8,Luis Nibaldo Bustos Arriagada,712020:164a2568-3825-4854-b34b-12934469c8eb,Alta,Validación del usuario,,08/sep/26 11:41,09/sep/26 17:13,
Incidente,INC-18018,61976,[TK Respaldo] Alza de temperatura en Sala de Datos,Fernando Sebastian Figueroa Terrazas,712020:503e3043-c6b5-46b9-91f8-4ef471e460aa,Benjamín Reyes Aravena,712020:69f5cef6-164b-4af6-9971-75c05d019041,Alta,Validación del usuario,,08/sep/26 11:47,08/sep/26 12:02,
Requerimiento,REQ-3796,61978,Password Reset Calidad SQR,Daniela Denisse Luco Gallardo,712020:530df45e-5b61-46c0-ae32-f37b9f044736,Josue Colocho Monge,712020:97142ce0-89ce-4eaa-a422-c23ce7a0960b,Media,Validación con Usuario,,08/sep/26 11:51,09/sep/26 17:25,
Requerimiento,REQ-3803,62008,solicitud de permisos ,Daniela Denisse Luco Gallardo,712020:530df45e-5b61-46c0-ae32-f37b9f044736,Jhonny Torres N,712020:3cecf351-efbc-43f7-8cdc-ccc90034c4a0,Media,Esperando por el usuario,,08/sep/26 12:28,09/sep/26 17:25,
Requerimiento,REQ-3804,62018,Agregar usuario externo a databricks ,Marcelo Patricio Celis Retamal,712020:077cd782-bf12-45d5-81ef-952c99739577,Franco Guinez A,712020:a3795c3a-aa5f-4cea-8071-60172591b157,Media,Subtarea N1,,08/sep/26 12:39,09/sep/26 11:16,
Requerimiento,REQ-3805,62024,Usaurio solicita configuración de su equipo,Benjamin Nicolas Vidal Caroca,712020:2062d08e-0238-40d5-a11c-67396d81019b,Alejandro Enrique Gonzalez Bracho,712020:2a91d042-9782-44ad-8944-fe1523f3889d,Media,Subtarea N1,,08/sep/26 12:48,09/sep/26 12:15,
Requerimiento,REQ-3806,62026,ACCESO A TRNSACCION,Francisco Javier Jimenez Soto,712020:d7eef56f-26a0-4307-9de7-855b3f2f1d22,Karoline Yised Lasso Torres,712020:172259ea-a77e-46f6-af04-a5c338f112f8,Media,Validación de requisitos,,08/sep/26 12:48,09/sep/26 08:07,
Incidente,INC-18025,62035,Cambiar hora en teams,Guillermo Andres Benavides  Farias,712020:fb05db58-0e87-4d5f-b8ef-019907a66fdc,Franco Guinez A,712020:a3795c3a-aa5f-4cea-8071-60172591b157,Alta,Escalado Proveedores Marca,,08/sep/26 13:07,09/sep/26 15:39,
Incidente,INC-18028,62043,Problemas con Equipo (Monitor),Javier Alejandro Gonzalez Abarca,712020:9fc9fa65-2e7a-4d4c-9ba5-288f12754593,Alejandro Enrique Gonzalez Bracho,712020:2a91d042-9782-44ad-8944-fe1523f3889d,Alta,Validación del usuario,,08/sep/26 13:17,09/sep/26 09:19,
Requerimiento,REQ-3810,62051,Acceso a transacciones,Francisco Javier Jimenez Soto,712020:d7eef56f-26a0-4307-9de7-855b3f2f1d22,Evelyn Pozo M,712020:8120de32-7eac-45d7-b464-84865a422b01,Media,Validación de requisitos,,08/sep/26 13:32,09/sep/26 08:07,
Incidente,INC-18037,62073,Usuario presenta problemas al ingresar en la App On Time (AS),Cristian Andres Galvez Hidalgo,712020:6f789acc-1c74-4a8f-ad81-8bdda7aa0b41,Alejandro Enrique Gonzalez Bracho,712020:2a91d042-9782-44ad-8944-fe1523f3889d,Alta,Validación del usuario,,08/sep/26 14:13,08/sep/26 19:12,
Requerimiento,REQ-3814,62075,cambio contraseña SQR,Daniela Denisse Luco Gallardo,712020:530df45e-5b61-46c0-ae32-f37b9f044736,Jhonny Torres N,712020:3cecf351-efbc-43f7-8cdc-ccc90034c4a0,Media,Validación con Usuario,,08/sep/26 14:20,09/sep/26 17:20,
Incidente,INC-18039,62079,Error HTTP 403 al intentar imprimir tarjetas de creación en el sistema Conéctate,Fernando Esteban Fuentes Morales,712020:fe5bcc67-ea2e-4406-b5b9-58211a6e5c8b,Endy Villasmil,712020:de760acd-5b27-4fc2-a4ea-e31854338f83,Alta,Validación del usuario,,08/sep/26 14:26,08/sep/26 15:31,
Requerimiento,REQ-3816,62085,Llamado de consulta,Jhonny Torres N,712020:3cecf351-efbc-43f7-8cdc-ccc90034c4a0,Jhonny Torres N,712020:3cecf351-efbc-43f7-8cdc-ccc90034c4a0,Media,Validación con Usuario,,08/sep/26 14:29,09/sep/26 14:00,
Incidente,INC-18044,62093,TECNOANDINA - PLATAFORMA WEB,Daniella Alejandra Molina Rojas,712020:b69fb040-89e8-4c71-be2a-7fccb7c55def,Jhonny Torres N,712020:3cecf351-efbc-43f7-8cdc-ccc90034c4a0,Alta,Equipo Asignado,,08/sep/26 14:35,09/sep/26 10:12,
Requerimiento,REQ-3818,62097,solicitud de permisos ,Francisco Javier Jimenez Soto,712020:d7eef56f-26a0-4307-9de7-855b3f2f1d22,Jhonny Torres N,712020:3cecf351-efbc-43f7-8cdc-ccc90034c4a0,Media,Validación de requisitos,,08/sep/26 14:41,09/sep/26 08:11,
Requerimiento,REQ-3828,62127,Usuario solicita revision de equipo de escritorio HP,Jonathan Andres Navarro Azocar,712020:a5042667-d0d7-4571-b766-9934e56fa4cb,Alejandro Enrique Gonzalez Bracho,712020:2a91d042-9782-44ad-8944-fe1523f3889d,Media,Validación de requisitos,,08/sep/26 14:55,09/sep/26 08:27,
Requerimiento,REQ-3829,62129,Consulta General,Benjamín Reyes Aravena,712020:69f5cef6-164b-4af6-9971-75c05d019041,Benjamín Reyes Aravena,712020:69f5cef6-164b-4af6-9971-75c05d019041,Media,Validación con Usuario,,08/sep/26 14:57,09/sep/26 14:00,
Requerimiento,REQ-3831,62133,Consulta de Ticket,Benjamín Reyes Aravena,712020:69f5cef6-164b-4af6-9971-75c05d019041,Benjamín Reyes Aravena,712020:69f5cef6-164b-4af6-9971-75c05d019041,Media,Validación con Usuario,,08/sep/26 15:01,09/sep/26 14:05,
Incidente,INC-18048,62135,Tecnoandina - no aparece la información peso pollo,Luis Nibaldo Bustos Arriagada,712020:164a2568-3825-4854-b34b-12934469c8eb,Nicolas Prieto Camelo,712020:3f87e7d5-1b59-45ae-9674-027e748fb844,Alta,Validación del usuario,,08/sep/26 15:01,09/sep/26 17:02,
AMS,AMS-2178,62147,No se puede subir suministros en conectate ,Crhistopher Sepulveda Gomez,712020:13f39121-e6b4-4cda-a566-699f9a1d5cfd,Sitio 4 Cerdos Crianza,712020:42700feb-84fd-4f1c-9833-748a40f7b413,Alta,Esperando por el usuario,,08/sep/26 15:30,09/sep/26 17:46,
Incidente,INC-18051,62149,Equipo con problemas,Fernando Esteban Fuentes Morales,712020:fe5bcc67-ea2e-4406-b5b9-58211a6e5c8b,Sebastian Latife,712020:523fdaee-0def-45cd-99d0-88abc4b3104d,Alta,Validación del usuario,,08/sep/26 15:31,09/sep/26 10:58,
Incidente,INC-18052,62155,Sector sin internet,Italo Hernan Pinto Montoya,712020:2f3e1c92-5fc9-40db-a408-9c532c1b54b5,Evelyn Pozo M,712020:8120de32-7eac-45d7-b464-84865a422b01,Alta,Validación del usuario,,08/sep/26 15:34,08/sep/26 17:01,
Incidente,INC-18053,62157,Equipo presenta cables cortados,Felipe Andres Jeria Rodriguez,712020:f0d4df3d-4510-4e4a-be63-7258c31884e1,Franco Guinez A,712020:a3795c3a-aa5f-4cea-8071-60172591b157,Alta,Escalado Proveedores Marca,,08/sep/26 15:36,09/sep/26 13:14,
Incidente,INC-18054,62159,Sector Santa Ana con intermitencia de internet,Italo Hernan Pinto Montoya,712020:2f3e1c92-5fc9-40db-a408-9c532c1b54b5,Sebastian Latife,712020:523fdaee-0def-45cd-99d0-88abc4b3104d,Alta,Diagnostico/Validación Inicial,,08/sep/26 15:38,08/sep/26 17:05,
Requerimiento,REQ-3833,62161,"-Automatización Transacción F110 - Revisión APP Fiori  ""F0770"" - Ambiente de SQR",,,Andrés Bravo Encalada,712020:e91c143b-982e-4157-afc9-36510ef11263,Media,Solicitud Recibida,,08/sep/26 15:38,09/sep/26 14:19,
Requerimiento,REQ-3835,62171,instalación IBP ,Fernando Esteban Fuentes Morales,712020:fe5bcc67-ea2e-4406-b5b9-58211a6e5c8b,Jhonny Torres N,712020:3cecf351-efbc-43f7-8cdc-ccc90034c4a0,Media,Validación con Usuario,,08/sep/26 15:46,09/sep/26 15:35,
Requerimiento,REQ-3836,62173,instalación de claude ,Javier Alejandro Gonzalez Abarca,712020:9fc9fa65-2e7a-4d4c-9ba5-288f12754593,Jhonny Torres N,712020:3cecf351-efbc-43f7-8cdc-ccc90034c4a0,Media,Validación con Usuario,,08/sep/26 15:50,09/sep/26 15:00,
Requerimiento,REQ-3837,62175,Cuenta SAP SPR con bloqueo por responsable del sistema ,Daniela Denisse Luco Gallardo,712020:530df45e-5b61-46c0-ae32-f37b9f044736,Evelyn Pozo M,712020:8120de32-7eac-45d7-b464-84865a422b01,Media,Validación de requisitos,,08/sep/26 15:52,09/sep/26 08:07,
Incidente,INC-18058,62179,sector sin internet ,Victor Mauricio Vera Nuñez,712020:46155656-0657-4144-9fa4-ba01a5c2fdf8,Jhonny Torres N,712020:3cecf351-efbc-43f7-8cdc-ccc90034c4a0,Alta,Escalado Proveedores Marca,,08/sep/26 15:54,08/sep/26 16:59,
Incidente,INC-18060,62185,Problema con los puertos USB,Victor Manuel Currieco Marillan,712020:6499dafd-420b-45b4-8f3a-35c37c05a5c8,Karoline Yised Lasso Torres,712020:172259ea-a77e-46f6-af04-a5c338f112f8,Alta,Diagnostico/Validación Inicial,,08/sep/26 15:59,09/sep/26 09:15,
Requerimiento,REQ-3838,62189,Llamado de consulta,Jhonny Torres N,712020:3cecf351-efbc-43f7-8cdc-ccc90034c4a0,Jhonny Torres N,712020:3cecf351-efbc-43f7-8cdc-ccc90034c4a0,Media,Validación con Usuario,,08/sep/26 16:00,09/sep/26 15:10,
Requerimiento,REQ-3840,62195,Llamado de consulta,Jhonny Torres N,712020:3cecf351-efbc-43f7-8cdc-ccc90034c4a0,Jhonny Torres N,712020:3cecf351-efbc-43f7-8cdc-ccc90034c4a0,Media,Revisión del N1,,08/sep/26 16:01,08/sep/26 16:29,
Requerimiento,REQ-3841,62199,Consultas generales,Evelyn Pozo M,712020:8120de32-7eac-45d7-b464-84865a422b01,Evelyn Pozo M,712020:8120de32-7eac-45d7-b464-84865a422b01,Media,Subtarea N1,,08/sep/26 16:03,08/sep/26 16:04,
Requerimiento,REQ-3842,62201,Llamado de consulta,Jhonny Torres N,712020:3cecf351-efbc-43f7-8cdc-ccc90034c4a0,Jhonny Torres N,712020:3cecf351-efbc-43f7-8cdc-ccc90034c4a0,Media,Validación de requisitos,,08/sep/26 16:04,08/sep/26 16:08,
Incidente,INC-18069,62215,#6824 - IBP - solicitud de creación de nuevo grupo en IBP módulo de demanda,Luis Nibaldo Bustos Arriagada,712020:164a2568-3825-4854-b34b-12934469c8eb,Nicolas Prieto Camelo,712020:3f87e7d5-1b59-45ae-9674-027e748fb844,Alta,Validación del usuario,,08/sep/26 16:14,09/sep/26 13:38,
Requerimiento,REQ-3843,62223,Configuración equipo para equipo de ventilación (1/4),Fernando Esteban Fuentes Morales,712020:fe5bcc67-ea2e-4406-b5b9-58211a6e5c8b,Sebastian Latife,712020:523fdaee-0def-45cd-99d0-88abc4b3104d,Media,Validación de requisitos,,08/sep/26 16:21,09/sep/26 08:39,
Requerimiento,REQ-3844,62225,Configuración equipo para equipo de ventilación (2/4),Fernando Esteban Fuentes Morales,712020:fe5bcc67-ea2e-4406-b5b9-58211a6e5c8b,Sebastian Latife,712020:523fdaee-0def-45cd-99d0-88abc4b3104d,Media,Validación de requisitos,,08/sep/26 16:22,09/sep/26 08:39,
Requerimiento,REQ-3845,62227,Configuración equipo para equipo de ventilación (3/4),Benjamin Nicolas Vidal Caroca,712020:2062d08e-0238-40d5-a11c-67396d81019b,Sebastian Latife,712020:523fdaee-0def-45cd-99d0-88abc4b3104d,Media,Validación de requisitos,,08/sep/26 16:22,09/sep/26 09:42,
Requerimiento,REQ-3846,62229,Configuración equipo para equipo de ventilación (4/4),Fernando Esteban Fuentes Morales,712020:fe5bcc67-ea2e-4406-b5b9-58211a6e5c8b,Sebastian Latife,712020:523fdaee-0def-45cd-99d0-88abc4b3104d,Media,Validación de requisitos,,08/sep/26 16:22,09/sep/26 09:42,
AMS,AMS-2186,62235,BAJAR GUÍAS DE DESPACHO DE POLLITOS A LEGACY DEL 08-09-2026,Sebastian Suazo,712020:6b2b9a90-6b38-4d05-ae00-17b744f21325,Patricia Alejandra Gonzalez Gonzalez,712020:07c63278-b783-478e-aa14-bdb997864ab5,Alta,Validación del usuario,,08/sep/26 16:31,08/sep/26 22:05,
Requerimiento,REQ-3847,62237,"Revisión señal antenas conéctate (Solucionado, solo ticket respaldo)",Felipe Andres Jeria Rodriguez,712020:f0d4df3d-4510-4e4a-be63-7258c31884e1,Sebastian Latife,712020:523fdaee-0def-45cd-99d0-88abc4b3104d,Media,Validación con Usuario,,08/sep/26 16:33,09/sep/26 17:35,
Requerimiento,REQ-3848,62239,"Configuración Equipo (solucionado, solo requiere ticket de respaldo)",Marcelo Enrique Molina Gonzalez,712020:6ff29a06-6a09-4d45-8fa6-b2455efeaf8c,Sebastian Latife,712020:523fdaee-0def-45cd-99d0-88abc4b3104d,Media,Validación con Usuario,,08/sep/26 16:33,09/sep/26 14:30,
Incidente,INC-18073,62241,Error al ingresar a eFlujo.,Benjamin Nicolas Vidal Caroca,712020:2062d08e-0238-40d5-a11c-67396d81019b,Benjamín Reyes Aravena,712020:69f5cef6-164b-4af6-9971-75c05d019041,Alta,Equipo Asignado,,08/sep/26 16:33,09/sep/26 08:19,
Requerimiento,REQ-3851,62247,Solicitud de transaccion ,Francisco Javier Jimenez Soto,712020:d7eef56f-26a0-4307-9de7-855b3f2f1d22,Franco Guinez A,712020:a3795c3a-aa5f-4cea-8071-60172591b157,Media,Validación de requisitos,,08/sep/26 16:34,09/sep/26 08:07,
Incidente,INC-18074,62253,Error en Eflujo por licencia,Guillermo Andres Benavides  Farias,712020:fb05db58-0e87-4d5f-b8ef-019907a66fdc,Franco Guinez A,712020:a3795c3a-aa5f-4cea-8071-60172591b157,Alta,Validación del usuario,,08/sep/26 16:36,09/sep/26 15:38,
Requerimiento,REQ-3853,62255,Solicitud de acceso a transacciones SAP,Marielin Liseth Villegas Escalona,712020:afb894d7-7e24-418f-a8c1-8593d8a70b54,Ivette Sepulveda B,712020:563aa2d0-0127-4b79-a108-c061e76eb239,Media,Subtarea N1,,08/sep/26 16:37,09/sep/26 11:41,
Requerimiento,REQ-3855,62259,Consultas generales ,Franco Guinez A,712020:a3795c3a-aa5f-4cea-8071-60172591b157,Franco Guinez A,712020:a3795c3a-aa5f-4cea-8071-60172591b157,Media,Validación con Usuario,,08/sep/26 16:44,09/sep/26 15:45,
Requerimiento,REQ-3856,62261,PUNTO DE RED NUEVO,Felipe Andres Jeria Rodriguez,712020:f0d4df3d-4510-4e4a-be63-7258c31884e1,Ivette Sepulveda B,712020:563aa2d0-0127-4b79-a108-c061e76eb239,Media,Equipo Proveedor,,08/sep/26 16:45,09/sep/26 09:35,
Requerimiento,REQ-3857,62263,CERTIFICACION DE PUNTOS DE RED,Felipe Andres Jeria Rodriguez,712020:f0d4df3d-4510-4e4a-be63-7258c31884e1,Ivette Sepulveda B,712020:563aa2d0-0127-4b79-a108-c061e76eb239,Media,Equipo Proveedor,,08/sep/26 16:47,09/sep/26 09:48,
Incidente,INC-18075,62265,[Tecnoandina] No aparece consumo de agua en pabellón 3,Luis Nibaldo Bustos Arriagada,712020:164a2568-3825-4854-b34b-12934469c8eb,Sebastian Latife,712020:523fdaee-0def-45cd-99d0-88abc4b3104d,Alta,Validación del usuario,,08/sep/26 16:52,09/sep/26 10:37,
Requerimiento,REQ-3859,62269,Homologacion cuenta SAP,Marielin Liseth Villegas Escalona,712020:afb894d7-7e24-418f-a8c1-8593d8a70b54,Leidy Tatiana León Lizcano,712020:7c332f1c-beea-4c36-850d-a4bebe955356,Media,Validación con Usuario,,08/sep/26 17:01,09/sep/26 16:00,
Requerimiento,REQ-3861,62279,ACCESOS A RECURSOS COMPARTIDOS,Ivette Sepulveda B,712020:563aa2d0-0127-4b79-a108-c061e76eb239,Ivette Sepulveda B,712020:563aa2d0-0127-4b79-a108-c061e76eb239,Media,Validación con Usuario,,08/sep/26 17:19,09/sep/26 16:25,
Requerimiento,REQ-3862,62281,Consulta,Leidy Tatiana León Lizcano,712020:7c332f1c-beea-4c36-850d-a4bebe955356,Leidy Tatiana León Lizcano,712020:7c332f1c-beea-4c36-850d-a4bebe955356,Media,Validación con Usuario,,08/sep/26 17:19,09/sep/26 16:35,
Incidente,INC-18079,62291,CAMBIO DE CLAVE SANDBOX,,,Ivette Sepulveda B,712020:563aa2d0-0127-4b79-a108-c061e76eb239,Alta,Equipo Asignado,,08/sep/26 17:35,08/sep/26 17:36,
Requerimiento,REQ-3865,62297,Consulta,Leidy Tatiana León Lizcano,712020:7c332f1c-beea-4c36-850d-a4bebe955356,Leidy Tatiana León Lizcano,712020:7c332f1c-beea-4c36-850d-a4bebe955356,Media,Validación con Usuario,,08/sep/26 17:42,09/sep/26 17:00,
Requerimiento,REQ-3866,62301,ASIGNACION DE TRANSACCION SAP SPR,Francisco Javier Jimenez Soto,712020:d7eef56f-26a0-4307-9de7-855b3f2f1d22,Ivette Sepulveda B,712020:563aa2d0-0127-4b79-a108-c061e76eb239,Media,Validación de requisitos,,08/sep/26 17:51,09/sep/26 12:59,
Requerimiento,REQ-3867,62303,SOLICITUD DE HOMOLOGACION SAP SPR,Marielin Liseth Villegas Escalona,712020:afb894d7-7e24-418f-a8c1-8593d8a70b54,Ivette Sepulveda B,712020:563aa2d0-0127-4b79-a108-c061e76eb239,Media,Validación de requisitos,,08/sep/26 17:57,09/sep/26 18:52,
Incidente,INC-18082,62307,ERROR DE DISTRIBUCION CARGA 88,Aldo Rodrigo Gonzalez Contreras,712020:444ef87b-e384-47e4-b76a-52abffc021d9,Ivette Sepulveda B,712020:563aa2d0-0127-4b79-a108-c061e76eb239,Alta,Resuelto,,08/sep/26 18:16,09/sep/26 10:38,
Incidente,INC-18087,62319,lote erroneo,Felipe Andres Moya Medel,62992a6db407cc006900d279,Felipe Esteban Ravellos Lara,712020:34aa28de-0baa-4f2f-92d4-785379a9a54c,Alta,Resuelto,,08/sep/26 18:38,09/sep/26 12:59,
Requerimiento,REQ-3868,62327,Homologación ,Marielin Liseth Villegas Escalona,712020:afb894d7-7e24-418f-a8c1-8593d8a70b54,Felipe Esteban Ravellos Lara,712020:34aa28de-0baa-4f2f-92d4-785379a9a54c,Media,Validación de requisitos,,08/sep/26 19:17,09/sep/26 08:06,
Incidente,INC-18091,62329,lote erroneo,Felipe Andres Moya Medel,62992a6db407cc006900d279,Ivette Sepulveda B,712020:563aa2d0-0127-4b79-a108-c061e76eb239,Alta,Resuelto,,08/sep/26 19:23,09/sep/26 12:34,
AMS,AMS-2192,62331,NUMERO DE CONTENEDOR NO SE VISUALIZA EN TRANSACCION,Magda Patricia Espinosa Bustos,712020:bb2e79ad-1f51-4542-9922-ae2652bcf9dd,Diego De Juliis .,712020:878a7d1a-2e41-4439-9be5-dc79232105d0,Alta,Validación del usuario,,08/sep/26 19:33,09/sep/26 00:50,
Incidente,INC-18092,62337,[Monitoreo] Pérdida de paquetes enlace telxius (SAO PAULO),Aldo Rodrigo Gonzalez Contreras,712020:444ef87b-e384-47e4-b76a-52abffc021d9,Erik Avello,712020:9d91180a-22c7-4d43-9eab-97c8cf49ecbf,Alta,Validación del usuario,,08/sep/26 19:51,09/sep/26 10:58,
Requerimiento,REQ-3871,62345,Llamada consulta ,Felipe Esteban Ravellos Lara,712020:34aa28de-0baa-4f2f-92d4-785379a9a54c,Felipe Esteban Ravellos Lara,712020:34aa28de-0baa-4f2f-92d4-785379a9a54c,Media,Validación con Usuario,,08/sep/26 21:12,09/sep/26 17:00,
Incidente,INC-18094,62347,Reincorporar VU fecha elaboracion,Felipe Andres Moya Medel,62992a6db407cc006900d279,Felipe Esteban Ravellos Lara,712020:34aa28de-0baa-4f2f-92d4-785379a9a54c,Alta,Resuelto,,08/sep/26 21:21,09/sep/26 17:13,
AMS,AMS-2195,62349,Pallet con error,Francisco Javier Meneses Labatut,712020:25b1599a-7d16-430d-9304-bd0a59164714,CONSTANZA DEL CARMEN BONTA BECA,712020:cd6b8e66-921a-459d-918b-070c1b13d324,Alta,Validación del usuario,,08/sep/26 21:33,09/sep/26 12:49,
AMS,AMS-2200,62359,no se puede recepcionar ump,Francisco Javier Meneses Labatut,712020:25b1599a-7d16-430d-9304-bd0a59164714,despac02@agrosuper.com,712020:d54b0491-291b-44f0-98a6-a348c6d8e4fb,Alta,Validación del usuario,,08/sep/26 22:48,09/sep/26 04:10,
Incidente,INC-18095,62371, [Monitoreo] Subida temperatura PALM,Fernando Sebastian Figueroa Terrazas,712020:503e3043-c6b5-46b9-91f8-4ef471e460aa,Matías Rafael Donoso Jiménez,712020:447c3261-7861-432f-9a7f-90c291135e15,Alta,Resuelto,,09/sep/26 01:16,09/sep/26 02:46,
Incidente,INC-18096,62377,Cambio de lote 1120468,Felipe Andres Moya Medel,62992a6db407cc006900d279,Bastian González M,712020:9607098c-323a-4de8-a44a-9176793df19d,Alta,Esperando por el usuario,,09/sep/26 03:28,09/sep/26 12:37,
Requerimiento,REQ-3873,62379,Solicitud VPN Usuario Externo,Fabian Esteban Poblete Ruiz,712020:99045e67-dd9e-4f6d-88cf-229900ec93a2,Bastian González M,712020:9607098c-323a-4de8-a44a-9176793df19d,Media,Validación con Usuario,,09/sep/26 03:37,09/sep/26 17:43,
Incidente,INC-18097,62381,Usuario solicita poder visualizar datos maestros personal,,,Cristian Fernando Gonzalez Salazar,712020:fea82959-496f-4b4f-b771-47213d3e02cd,Alta,Equipo Asignado,,09/sep/26 03:40,09/sep/26 12:38,
Incidente,INC-18098,62383, [Monitoreo] Pérdida de paquetes enlace telxius (SAO PAULO),Aldo Rodrigo Gonzalez Contreras,712020:444ef87b-e384-47e4-b76a-52abffc021d9,Matías Rafael Donoso Jiménez,712020:447c3261-7861-432f-9a7f-90c291135e15,Alta,Validación del usuario,,09/sep/26 04:03,09/sep/26 10:58,
AMS,AMS-2208,62389,Transporte planificado despachado,eyling rodriguez,712020:b143dc81-fa3d-4c22-a063-cf5a91d69ec8,romana01@agrosuper.com,712020:3e7fb601-33bf-4400-b228-34bf0891767a,Alta,Validación del usuario,,09/sep/26 07:14,09/sep/26 12:40,
Incidente,INC-18100,62391,REQ - Solicitud de Impresora HP - Tóner,Gustavo Adolfo Fierro Morales,712020:34251f21-925f-4970-bea7-659d3ebfa34a,Bastian González M,712020:9607098c-323a-4de8-a44a-9176793df19d,Alta,Validación del usuario,,09/sep/26 07:15,09/sep/26 09:53,
Requerimiento,REQ-3874,62401,Asignación de Transacciones ,Francisco Javier Jimenez Soto,712020:d7eef56f-26a0-4307-9de7-855b3f2f1d22,Cristian Fernando Gonzalez Salazar,712020:fea82959-496f-4b4f-b771-47213d3e02cd,Media,Validación de requisitos,,09/sep/26 07:54,09/sep/26 17:09,
Incidente,INC-18107,62409,Se solicita cambio de lote,Felipe Andres Moya Medel,62992a6db407cc006900d279,Bastian González M,712020:9607098c-323a-4de8-a44a-9176793df19d,Alta,Resuelto,,09/sep/26 08:10,09/sep/26 12:41,
Requerimiento,REQ-3875,62415,Asistencia BW,Sebastian Latife,712020:523fdaee-0def-45cd-99d0-88abc4b3104d,Sebastian Latife,712020:523fdaee-0def-45cd-99d0-88abc4b3104d,Media,Validación con Usuario,,09/sep/26 08:19,09/sep/26 17:00,
Requerimiento,REQ-3876,62417,CONSULTA TICKET REQ-3704,Evelyn Pozo M,712020:8120de32-7eac-45d7-b464-84865a422b01,Evelyn Pozo M,712020:8120de32-7eac-45d7-b464-84865a422b01,Media,Validación con Usuario,,09/sep/26 08:29,09/sep/26 17:00,
Incidente,INC-18110,62419,Problemas de conexión a Internet,Aldo Rodrigo Gonzalez Contreras,712020:444ef87b-e384-47e4-b76a-52abffc021d9,Benjamín Reyes Aravena,712020:69f5cef6-164b-4af6-9971-75c05d019041,Alta,Escalado Proveedores Marca,,09/sep/26 08:30,09/sep/26 14:58,
Requerimiento,REQ-3877,62427,USUARIO CORTA LLAMADA 722208524,Evelyn Pozo M,712020:8120de32-7eac-45d7-b464-84865a422b01,Evelyn Pozo M,712020:8120de32-7eac-45d7-b464-84865a422b01,Media,Validación con Usuario,,09/sep/26 08:52,09/sep/26 17:00,
Requerimiento,REQ-3879,62437,Se corta llamado.,Benjamín Reyes Aravena,712020:69f5cef6-164b-4af6-9971-75c05d019041,Benjamín Reyes Aravena,712020:69f5cef6-164b-4af6-9971-75c05d019041,Media,Validación con Usuario,,09/sep/26 09:07,09/sep/26 17:10,
AMS,AMS-2211,62439,Contabilización y reproceso PDA pair con error ,Francisco Javier Meneses Labatut,712020:25b1599a-7d16-430d-9304-bd0a59164714,Gilda Arenas Ortega,712020:831fa637-f1db-4f14-8474-66c19ee767a8,Alta,Validación del usuario,,09/sep/26 09:07,09/sep/26 16:15,
AMS,AMS-2214,62449,Hembras a resguardo mal asignado,Sebastian Suazo,712020:6b2b9a90-6b38-4d05-ae00-17b744f21325,Grupo 6 Cerdos Reprod,712020:eb271fbd-1b78-4a7a-a362-a9b5300aeb26,Alta,Validación del usuario,,09/sep/26 09:11,09/sep/26 14:10,
Requerimiento,REQ-3881,62451,Solicitud de creación de lista de correos.,Benjamín Reyes Aravena,712020:69f5cef6-164b-4af6-9971-75c05d019041,Benjamín Reyes Aravena,712020:69f5cef6-164b-4af6-9971-75c05d019041,Media,Validación con Usuario,,09/sep/26 09:12,09/sep/26 17:15,
Incidente,INC-18118,62455,Error 403 impresión tarjetas,Fernando Esteban Fuentes Morales,712020:fe5bcc67-ea2e-4406-b5b9-58211a6e5c8b,Sebastian Latife,712020:523fdaee-0def-45cd-99d0-88abc4b3104d,Alta,Validación del usuario,,09/sep/26 09:18,09/sep/26 10:09,
Incidente,INC-18120,62459,Solicitud de transacciones ,Daniela Denisse Luco Gallardo,712020:530df45e-5b61-46c0-ae32-f37b9f044736,Evelyn Pozo M,712020:8120de32-7eac-45d7-b464-84865a422b01,Alta,Validación del usuario,,09/sep/26 09:22,09/sep/26 11:01,
Requerimiento,REQ-3882,62465,Usuario solicita la instalación de la aplicación de Copilot para SQL Management,Victor Manuel Currieco Marillan,712020:6499dafd-420b-45b4-8f3a-35c37c05a5c8,Alejandro Enrique Gonzalez Bracho,712020:2a91d042-9782-44ad-8944-fe1523f3889d,Media,Validación de requisitos,,09/sep/26 09:27,09/sep/26 09:44,
Requerimiento,REQ-3883,62467,solicitud de transacciones ,,,Jhonny Torres N,712020:3cecf351-efbc-43f7-8cdc-ccc90034c4a0,Media,Validación de requisitos,,09/sep/26 09:28,09/sep/26 09:30,
Requerimiento,REQ-3884,62469,Solicitud de transacción ,,,Evelyn Pozo M,712020:8120de32-7eac-45d7-b464-84865a422b01,Media,Validación de requisitos,,09/sep/26 09:32,09/sep/26 09:35,
Requerimiento,REQ-3885,62471,.error en EQDZ,,,Karoline Yised Lasso Torres,712020:172259ea-a77e-46f6-af04-a5c338f112f8,Media,Validación de requisitos,,09/sep/26 09:32,09/sep/26 11:42,
AMS,AMS-2215,62473,ELIMINAR TRANSPORTE PROCESO DE EXPEDICIÓN - TICKET SOFTECK,Angie Espinoza,712020:d2d363d3-b9ac-47bf-923a-f89eb5887a5d,Erick Alexander Quintero Yepes,712020:68408aa7-575f-48b0-a79a-9afc75f13fba,Alta,Validación del usuario,,09/sep/26 09:33,09/sep/26 13:50,
Requerimiento,REQ-3886,62477,configurar equipo,Fernando Esteban Fuentes Morales,712020:fe5bcc67-ea2e-4406-b5b9-58211a6e5c8b,Jhonny Torres N,712020:3cecf351-efbc-43f7-8cdc-ccc90034c4a0,Media,Validación de requisitos,,09/sep/26 09:37,09/sep/26 13:51,
Requerimiento,REQ-3887,62479,SOLICITUD ACCESO SANDBOX ECP,,,Evelyn Pozo M,712020:8120de32-7eac-45d7-b464-84865a422b01,Media,Validación de requisitos,,09/sep/26 09:42,09/sep/26 09:59,
AMS,AMS-2217,62483,Recuperar UMP eliminadas en pallet mixtos,Angie Espinoza,712020:d2d363d3-b9ac-47bf-923a-f89eb5887a5d,despac02@agrosuper.com,712020:d54b0491-291b-44f0-98a6-a348c6d8e4fb,Alta,Esperando por el usuario,,09/sep/26 09:43,09/sep/26 18:56,
Incidente,INC-18123,62485,Tecnoandina - sin datos de ventilación sector cerdos crianza el totem,Marisel Edith Vergara Norambuena,712020:656a14e4-2420-468d-9903-a996e0185924,Nicolas Prieto Camelo,712020:3f87e7d5-1b59-45ae-9674-027e748fb844,Alta,Esperando por el usuario,,09/sep/26 09:46,09/sep/26 15:18,
Requerimiento,REQ-3889,62489,Homologacion,Marielin Liseth Villegas Escalona,712020:afb894d7-7e24-418f-a8c1-8593d8a70b54,Jhonny Torres N,712020:3cecf351-efbc-43f7-8cdc-ccc90034c4a0,Media,Validación con Usuario,,09/sep/26 09:50,09/sep/26 14:30,
Requerimiento,REQ-3890,62491,Solicitud de permisos para función “Nuevo Cliente”,,,Benjamín Reyes Aravena,712020:69f5cef6-164b-4af6-9971-75c05d019041,Media,Esperando por el usuario,,09/sep/26 09:50,09/sep/26 17:55,
Requerimiento,REQ-3891,62495,Llamado de consulta,Jhonny Torres N,712020:3cecf351-efbc-43f7-8cdc-ccc90034c4a0,Jhonny Torres N,712020:3cecf351-efbc-43f7-8cdc-ccc90034c4a0,Media,Validación con Usuario,,09/sep/26 09:53,09/sep/26 14:40,
Requerimiento,REQ-3892,62501,Llamado de consulta,Jhonny Torres N,712020:3cecf351-efbc-43f7-8cdc-ccc90034c4a0,Jhonny Torres N,712020:3cecf351-efbc-43f7-8cdc-ccc90034c4a0,Media,Validación con Usuario,,09/sep/26 09:56,09/sep/26 14:50,
Requerimiento,REQ-3894,62505,Homologacion externos,,,Jhonny Torres N,712020:3cecf351-efbc-43f7-8cdc-ccc90034c4a0,Media,Validación de requisitos,,09/sep/26 10:00,09/sep/26 11:31,
Incidente,INC-18128,62509,Error de Lote No permite Despachar,Felipe Andres Moya Medel,62992a6db407cc006900d279,Nicolas Prieto Camelo,712020:3f87e7d5-1b59-45ae-9674-027e748fb844,Alta,Esperando por el usuario,,09/sep/26 10:04,09/sep/26 12:57,
Incidente,INC-18129,62511,Sector sin internet,Aldo Rodrigo Gonzalez Contreras,712020:444ef87b-e384-47e4-b76a-52abffc021d9,Evelyn Pozo M,712020:8120de32-7eac-45d7-b464-84865a422b01,Alta,Validación del usuario,,09/sep/26 10:06,09/sep/26 10:57,
AMS,AMS-2218,62515,Eliminación de paletizado N° 282000828401 por error en peso bruto.,Claudio Salamanca,6316239d3310c2492b5b2c5f,Milysen Del Pilar Bustamante Galvez,712020:acd7e61e-8c9d-427d-bf3d-eb8ad58c7f08,Alta,Validación del usuario,,09/sep/26 10:12,09/sep/26 18:55,
Requerimiento,REQ-3895,62521,Sharepoint - modificar permisos ,Marcelo Patricio Celis Retamal,712020:077cd782-bf12-45d5-81ef-952c99739577,Nicolas Prieto Camelo,712020:3f87e7d5-1b59-45ae-9674-027e748fb844,Media,Validación con Usuario,,09/sep/26 10:21,09/sep/26 14:55,
Requerimiento,REQ-3896,62525,Configuracion de equipo ,Fernando Esteban Fuentes Morales,712020:fe5bcc67-ea2e-4406-b5b9-58211a6e5c8b,Karoline Yised Lasso Torres,712020:172259ea-a77e-46f6-af04-a5c338f112f8,Media,Validación con Usuario,,09/sep/26 10:21,09/sep/26 15:59,
AMS,AMS-2219,62527,Error despacho transporte 0070181359,LUZ ADRIANA CORREDOR GARCIA,712020:c4cdd827-d310-4562-a053-e021cad8b4d8,Carlos Alexander Mora Andrade,712020:a0814fa5-9386-4f51-9dae-e7a494f40c36,Alta,Validación del usuario,,09/sep/26 10:23,09/sep/26 16:55,
AMS,AMS-2221,62533,Error en peso de producto despachado,Angie Espinoza,712020:d2d363d3-b9ac-47bf-923a-f89eb5887a5d,Belen Macarena Diutour Cagliero,712020:f18533a6-6697-4dd2-8f1b-365a81201189,Alta,Esperando por el usuario,,09/sep/26 10:27,09/sep/26 17:57,
Requerimiento,REQ-3898,62535,Llamado consulta,Sebastian Latife,712020:523fdaee-0def-45cd-99d0-88abc4b3104d,Sebastian Latife,712020:523fdaee-0def-45cd-99d0-88abc4b3104d,Media,Validación con Usuario,,09/sep/26 10:31,09/sep/26 14:35,
Requerimiento,REQ-3899,62539,Usuario solicita configuración de Equipo Nuevo,Gustavo Adolfo Fierro Morales,712020:34251f21-925f-4970-bea7-659d3ebfa34a,Alejandro Enrique Gonzalez Bracho,712020:2a91d042-9782-44ad-8944-fe1523f3889d,Media,Subtarea N1,,09/sep/26 10:36,09/sep/26 12:27,
Requerimiento,REQ-3900,62541,Instalación de Aplicativo.,Benjamin Nicolas Vidal Caroca,712020:2062d08e-0238-40d5-a11c-67396d81019b,Benjamín Reyes Aravena,712020:69f5cef6-164b-4af6-9971-75c05d019041,Media,Esperando por el usuario,,09/sep/26 10:37,09/sep/26 16:12,
Incidente,INC-18135,62543,usuaria no puede acceder a one drive,Victor Manuel Currieco Marillan,712020:6499dafd-420b-45b4-8f3a-35c37c05a5c8,Karoline Yised Lasso Torres,712020:172259ea-a77e-46f6-af04-a5c338f112f8,Alta,Diagnostico/Validación Inicial,,09/sep/26 10:44,09/sep/26 12:05,
Incidente,INC-18136,62547,Equipo con lentitud,Benjamin Nicolas Vidal Caroca,712020:2062d08e-0238-40d5-a11c-67396d81019b,Sebastian Latife,712020:523fdaee-0def-45cd-99d0-88abc4b3104d,Alta,Esperando por el usuario,,09/sep/26 10:46,09/sep/26 11:37,
Requerimiento,REQ-3904,62561,Llamado de consulta,Jhonny Torres N,712020:3cecf351-efbc-43f7-8cdc-ccc90034c4a0,Jhonny Torres N,712020:3cecf351-efbc-43f7-8cdc-ccc90034c4a0,Media,Validación con Usuario,,09/sep/26 10:59,09/sep/26 15:10,
Incidente,INC-18139,62563,Modificar lote ,Felipe Andres Moya Medel,62992a6db407cc006900d279,Evelyn Pozo M,712020:8120de32-7eac-45d7-b464-84865a422b01,Alta,Diagnostico/Validación Inicial,,09/sep/26 11:00,09/sep/26 13:24,
Requerimiento,REQ-3906,62569,Llamado de consulta,Jhonny Torres N,712020:3cecf351-efbc-43f7-8cdc-ccc90034c4a0,Jhonny Torres N,712020:3cecf351-efbc-43f7-8cdc-ccc90034c4a0,Media,Validación con Usuario,,09/sep/26 11:00,09/sep/26 15:10,
Requerimiento,REQ-3907,62571,Contraseña Sandbox,,,Sebastian Latife,712020:523fdaee-0def-45cd-99d0-88abc4b3104d,Media,Esperando por el usuario,,09/sep/26 11:00,09/sep/26 15:05,
Requerimiento,REQ-3908,62573,Llamado de consulta,Jhonny Torres N,712020:3cecf351-efbc-43f7-8cdc-ccc90034c4a0,Jhonny Torres N,712020:3cecf351-efbc-43f7-8cdc-ccc90034c4a0,Media,Validación con Usuario,,09/sep/26 11:01,09/sep/26 15:15,
Incidente,INC-18141,62577,DERSI -Radar no carga información ,Guillermo Andres Benavides  Farias,712020:fb05db58-0e87-4d5f-b8ef-019907a66fdc,Nicolas Prieto Camelo,712020:3f87e7d5-1b59-45ae-9674-027e748fb844,Alta,Escalado Proveedores Marca,,09/sep/26 11:05,09/sep/26 16:46,
Requerimiento,REQ-3910,62585,Consulta de Ticket.,Benjamín Reyes Aravena,712020:69f5cef6-164b-4af6-9971-75c05d019041,Benjamín Reyes Aravena,712020:69f5cef6-164b-4af6-9971-75c05d019041,Media,Validación con Usuario,,09/sep/26 11:13,09/sep/26 15:15,
Requerimiento,REQ-3911,62587,Llamado de consulta,Jhonny Torres N,712020:3cecf351-efbc-43f7-8cdc-ccc90034c4a0,Jhonny Torres N,712020:3cecf351-efbc-43f7-8cdc-ccc90034c4a0,Media,Validación con Usuario,,09/sep/26 11:14,09/sep/26 15:20,
AMS,AMS-2224,62589,Reversar ajuste manual ,Angie Espinoza,712020:d2d363d3-b9ac-47bf-923a-f89eb5887a5d,Jose Carlos Suarez Añez,712020:d2a0dbc9-b77d-4373-9cf5-33ae09b627c8,Alta,Esperando por el usuario,,09/sep/26 11:22,09/sep/26 16:17,
Requerimiento,REQ-3912,62597,Relanzamiento Transporte,Sebastian Latife,712020:523fdaee-0def-45cd-99d0-88abc4b3104d,Sebastian Latife,712020:523fdaee-0def-45cd-99d0-88abc4b3104d,Media,Validación con Usuario,,09/sep/26 11:34,09/sep/26 15:40,
Incidente,INC-18146,62599,intermitencias de conexión ,Kevin Alexis Maldonado Muñoz,712020:c8eacfb5-650a-4c88-857f-2414a8f12044,Jhonny Torres N,712020:3cecf351-efbc-43f7-8cdc-ccc90034c4a0,Alta,Escalado Proveedores Marca,,09/sep/26 11:38,09/sep/26 12:36,
Incidente,INC-18148,62603,Pantallazo azul y reinicios inesperados del equipo,Gustavo Adolfo Fierro Morales,712020:34251f21-925f-4970-bea7-659d3ebfa34a,Benjamín Reyes Aravena,712020:69f5cef6-164b-4af6-9971-75c05d019041,Alta,Equipo Asignado,,09/sep/26 11:41,09/sep/26 13:52,
Requerimiento,REQ-3913,62605,Homologacion de cuenta SPR hpaez con jlira,Antonia Belen Fuenzalida Pena,712020:27c40a0b-6a9b-424b-97cd-e06c7e50f4a1,Jhonny Torres N,712020:3cecf351-efbc-43f7-8cdc-ccc90034c4a0,Media,Validación con Usuario,,09/sep/26 11:41,09/sep/26 15:50,
AMS,AMS-2226,62617,Eliminar guias de conectate,Francisco Javier Meneses Labatut,712020:25b1599a-7d16-430d-9304-bd0a59164714,Joaquin Ignacio Molina Rehbein,712020:acf41590-bf02-4e76-84e8-8bd95587b0ed,Alta,Resolución del Incidente,,09/sep/26 11:52,09/sep/26 19:40,
Incidente,INC-18154,62619,Usuario no existe en SSO,,,Sebastian Latife,712020:523fdaee-0def-45cd-99d0-88abc4b3104d,Alta,Equipo Asignado,,09/sep/26 11:54,09/sep/26 11:55,
Requerimiento,REQ-3914,62621,Error Autorización SAP SQR,,,Alejandro Enrique Gonzalez Bracho,712020:2a91d042-9782-44ad-8944-fe1523f3889d,Media,Validación de requisitos,,09/sep/26 11:58,09/sep/26 12:00,
Incidente,INC-18155,62623,Usuario no puede ingresar a SAP IBP ,,,Evelyn Pozo M,712020:8120de32-7eac-45d7-b464-84865a422b01,Alta,Equipo Asignado,,09/sep/26 12:00,09/sep/26 12:05,
AMS,AMS-2227,62625,Cambio de status de UMP de P a A para regularización de stock,Angie Espinoza,712020:d2d363d3-b9ac-47bf-923a-f89eb5887a5d,Karin Yolanda Farfan Sotelo,712020:72773b08-b97e-43cf-b3d2-0a5335ab99d2,Alta,Esperando por el usuario,,09/sep/26 12:02,09/sep/26 19:04,
Requerimiento,REQ-3915,62633,Homologacion,,,Jhonny Torres N,712020:3cecf351-efbc-43f7-8cdc-ccc90034c4a0,Media,Validación de requisitos,,09/sep/26 12:12,09/sep/26 16:20,
Requerimiento,REQ-3917,62639,Configuración SAP IBP,Javier Alejandro Gonzalez Abarca,712020:9fc9fa65-2e7a-4d4c-9ba5-288f12754593,Alejandro Enrique Gonzalez Bracho,712020:2a91d042-9782-44ad-8944-fe1523f3889d,Media,Validación de requisitos,,09/sep/26 12:23,09/sep/26 13:33,
Requerimiento,REQ-3918,62645,Usuario solicita información para creación de usuario preventa en VM,Alejandro Enrique Gonzalez Bracho,712020:2a91d042-9782-44ad-8944-fe1523f3889d,Alejandro Enrique Gonzalez Bracho,712020:2a91d042-9782-44ad-8944-fe1523f3889d,Media,Validación con Usuario,,09/sep/26 12:40,09/sep/26 16:45,
Incidente,INC-18160,62647,Problema con datos de panel en PowerBI,Marcelo Patricio Celis Retamal,712020:077cd782-bf12-45d5-81ef-952c99739577,Sebastian Latife,712020:523fdaee-0def-45cd-99d0-88abc4b3104d,Alta,Resuelto,,09/sep/26 12:49,09/sep/26 15:32,
Requerimiento,REQ-3919,62649,Creación usuario VM - preventa Valdivia,,,Alejandro Enrique Gonzalez Bracho,712020:2a91d042-9782-44ad-8944-fe1523f3889d,Media,Esperando por el usuario,,09/sep/26 12:49,09/sep/26 16:50,
Incidente,INC-18163,62655,cambiar fecha a lotes,Felipe Andres Moya Medel,62992a6db407cc006900d279,Karol Dayanna Palomino Serrano,712020:e4df31f3-cc17-4db7-b128-efd436a7f3c9,Alta,Resuelto,,09/sep/26 12:59,09/sep/26 17:44,
Incidente,INC-18165,62659,Cambio fecha lotes,,,Karol Dayanna Palomino Serrano,712020:e4df31f3-cc17-4db7-b128-efd436a7f3c9,Alta,Equipo Asignado,,09/sep/26 13:06,09/sep/26 13:09,
Incidente,INC-18166,62661,Ingreso de fechas de faena y caducidad en lotes de Materias Primas (MMPP),Felipe Andres Moya Medel,62992a6db407cc006900d279,Karol Dayanna Palomino Serrano,712020:e4df31f3-cc17-4db7-b128-efd436a7f3c9,Alta,Resuelto,,09/sep/26 13:15,09/sep/26 14:45,
Requerimiento,REQ-3920,62665,Usuario presenta problemas para ingresar al complemento IBP.,,,Alejandro Enrique Gonzalez Bracho,712020:2a91d042-9782-44ad-8944-fe1523f3889d,Media,Esperando por el usuario,,09/sep/26 13:21,09/sep/26 17:25,
Requerimiento,REQ-3921,62673,USUARIO CORTA LLAMADA,Evelyn Pozo M,712020:8120de32-7eac-45d7-b464-84865a422b01,Evelyn Pozo M,712020:8120de32-7eac-45d7-b464-84865a422b01,Media,Validación con Usuario,,09/sep/26 13:39,09/sep/26 17:45,
Requerimiento,REQ-3922,62675,SAP Homologacion de cuenta calarconm,Marielin Liseth Villegas Escalona,712020:afb894d7-7e24-418f-a8c1-8593d8a70b54,Nicolas Prieto Camelo,712020:3f87e7d5-1b59-45ae-9674-027e748fb844,Media,Validación con Usuario,,09/sep/26 13:41,09/sep/26 16:01,
Requerimiento,REQ-3923,62679,[TICKET RESPALDO] - Revisión de monitor ,Evelyn Pozo M,712020:8120de32-7eac-45d7-b464-84865a422b01,Evelyn Pozo M,712020:8120de32-7eac-45d7-b464-84865a422b01,Media,Validación con Usuario,,09/sep/26 13:44,09/sep/26 17:50,
AMS,AMS-2234,62687,Modificar guía ,Francisco Javier Meneses Labatut,712020:25b1599a-7d16-430d-9304-bd0a59164714,Grupo 19 Cerdos Reprod,712020:8d12d6fd-a6f1-429c-98bc-ad032c0f71cb,Alta,Resolución del Incidente,,09/sep/26 13:55,09/sep/26 19:39,
AMS,AMS-2235,62691,Diferencia de kilos en etiqueta v/s despacho,Angie Espinoza,712020:d2d363d3-b9ac-47bf-923a-f89eb5887a5d,Cristian Marcelo Marchant Lazo,712020:974ddc0f-137f-405b-b43f-cc4897d8705a,Alta,Esperando por el usuario,,09/sep/26 14:15,09/sep/26 18:55,
Requerimiento,REQ-3924,62693,desbloqueo sandbox,,,Jhonny Torres N,712020:3cecf351-efbc-43f7-8cdc-ccc90034c4a0,Media,Esperando por el usuario,,09/sep/26 14:16,09/sep/26 14:16,
Requerimiento,REQ-3925,62695,Llamado de consulta,Jhonny Torres N,712020:3cecf351-efbc-43f7-8cdc-ccc90034c4a0,Jhonny Torres N,712020:3cecf351-efbc-43f7-8cdc-ccc90034c4a0,Media,Validación con Usuario,,09/sep/26 14:22,09/sep/26 15:28,
Requerimiento,REQ-3926,62697,Llamado de consulta,Jhonny Torres N,712020:3cecf351-efbc-43f7-8cdc-ccc90034c4a0,Jhonny Torres N,712020:3cecf351-efbc-43f7-8cdc-ccc90034c4a0,Media,Validación con Usuario,,09/sep/26 14:23,09/sep/26 15:28,
Requerimiento,REQ-3928,62701,Llamado de consulta,Jhonny Torres N,712020:3cecf351-efbc-43f7-8cdc-ccc90034c4a0,Jhonny Torres N,712020:3cecf351-efbc-43f7-8cdc-ccc90034c4a0,Media,Validación con Usuario,,09/sep/26 14:24,09/sep/26 15:29,
Requerimiento,REQ-3929,62703,Llamado de consulta,Jhonny Torres N,712020:3cecf351-efbc-43f7-8cdc-ccc90034c4a0,Jhonny Torres N,712020:3cecf351-efbc-43f7-8cdc-ccc90034c4a0,Media,Validación con Usuario,,09/sep/26 14:25,09/sep/26 15:29,
AMS,AMS-2236,62705,Error en PDAs. Pallet dividido ,Francisco Javier Meneses Labatut,712020:25b1599a-7d16-430d-9304-bd0a59164714,Camila Alexandra Soto Saxton,712020:1f4e38fb-6ac1-4c81-b863-ad36f1502b40,Alta,Asignación Resolutor,,09/sep/26 14:25,09/sep/26 14:26,
Requerimiento,REQ-3930,62707,Llamado de consulta,Jhonny Torres N,712020:3cecf351-efbc-43f7-8cdc-ccc90034c4a0,Jhonny Torres N,712020:3cecf351-efbc-43f7-8cdc-ccc90034c4a0,Media,Validación con Usuario,,09/sep/26 14:25,09/sep/26 15:30,
Requerimiento,REQ-3931,62709,Homologación de usuarios en SPR con usuario jsuareza,Antonia Belen Fuenzalida Pena,712020:27c40a0b-6a9b-424b-97cd-e06c7e50f4a1,Sebastian Latife,712020:523fdaee-0def-45cd-99d0-88abc4b3104d,Media,Esperando por el usuario,,09/sep/26 14:26,09/sep/26 16:40,
Requerimiento,REQ-3932,62711,Llamado de consulta,Jhonny Torres N,712020:3cecf351-efbc-43f7-8cdc-ccc90034c4a0,Jhonny Torres N,712020:3cecf351-efbc-43f7-8cdc-ccc90034c4a0,Media,Validación con Usuario,,09/sep/26 14:26,09/sep/26 15:30,
Requerimiento,REQ-3933,62713,Homologacion de usuario,,,Karoline Yised Lasso Torres,712020:172259ea-a77e-46f6-af04-a5c338f112f8,Media,Esperando por el usuario,,09/sep/26 14:37,09/sep/26 14:37,
AMS,AMS-2238,62721,Problema en BW,Gustavo Adolfo Morales Paez,712020:2dfd4595-86d1-4051-8c30-07794c08fa6f,Patricio Alonso Lobos Gajardo,712020:503bb2fe-db78-4190-bbed-89e068663ba5,Alta,Esperando por el usuario,,09/sep/26 14:42,09/sep/26 16:04,
Requerimiento,REQ-3936,62725,bloqueado por el responsable del sistema,,,Jhonny Torres N,712020:3cecf351-efbc-43f7-8cdc-ccc90034c4a0,Media,Esperando por el usuario,,09/sep/26 14:47,09/sep/26 14:47,
Requerimiento,REQ-3937,62727,Homologacion,Antonia Belen Fuenzalida Pena,712020:27c40a0b-6a9b-424b-97cd-e06c7e50f4a1,Karoline Yised Lasso Torres,712020:172259ea-a77e-46f6-af04-a5c338f112f8,Media,Esperando por el usuario,,09/sep/26 14:47,09/sep/26 16:42,
Incidente,INC-18173,62729,Fallas con teams y onedrive,,,Nicolas Prieto Camelo,712020:3f87e7d5-1b59-45ae-9674-027e748fb844,Alta,Equipo Asignado,,09/sep/26 14:48,09/sep/26 14:53,
AMS,AMS-2239,62731,Problemas para recepcionar guía de solicitud de semen.,Diego Flores,712020:314bedea-6181-4d50-97d5-e114b8742d38,Coya 2 Cerdos Reprod,712020:369ecf5c-751c-48ca-bd75-390842e9ff4c,Alta,Esperando por el usuario,,09/sep/26 14:50,09/sep/26 19:21,
Requerimiento,REQ-3938,62733,Solicita acceso para grupo de compras,Antonia Belen Fuenzalida Pena,712020:27c40a0b-6a9b-424b-97cd-e06c7e50f4a1,Evelyn Pozo M,712020:8120de32-7eac-45d7-b464-84865a422b01,Media,Esperando por el usuario,,09/sep/26 14:52,09/sep/26 15:20,
AMS,AMS-2240,62735,Usuario solicita ingresar TIOSULFATO DE SODIO PRIORIDAD ALTA,Sebastian Suazo,712020:6b2b9a90-6b38-4d05-ae00-17b744f21325,Paulina Alejandra Chacana Escobar,712020:4a7e2332-217f-43c5-a9c9-0a5fdcb200c0,Alta,Validación del usuario,,09/sep/26 14:57,09/sep/26 19:25,
AMS,AMS-2241,62741,Diferencia entre guia de despacho VS tarja de cajas ,LUZ ADRIANA CORREDOR GARCIA,712020:c4cdd827-d310-4562-a053-e021cad8b4d8,Victor Javier Enrique Riveros Crespo,712020:e1e8fff9-faa5-4f29-9e17-a2fcd1fbb35a,Alta,Esperando por el usuario,,09/sep/26 15:00,09/sep/26 19:16,
Incidente,INC-18176,62743,Problema al sincronizar hora en equipo,Javier Alejandro Gonzalez Abarca,712020:9fc9fa65-2e7a-4d4c-9ba5-288f12754593,Sebastian Latife,712020:523fdaee-0def-45cd-99d0-88abc4b3104d,Alta,Equipo Asignado,,09/sep/26 15:01,09/sep/26 16:22,
AMS,AMS-2242,62745,Usaurio solicita realizar la corrección en la recepción de guías de alimento y en la cuadratura de alimento en Legacy ,Francisco Javier Meneses Labatut,712020:25b1599a-7d16-430d-9304-bd0a59164714,Paulina Alejandra Chacana Escobar,712020:4a7e2332-217f-43c5-a9c9-0a5fdcb200c0,Alta,Asignación Resolutor,,09/sep/26 15:05,09/sep/26 19:06,
Incidente,INC-18177,62747,Cambio de lote productos,,,Evelyn Pozo M,712020:8120de32-7eac-45d7-b464-84865a422b01,Alta,Equipo Asignado,,09/sep/26 15:05,09/sep/26 15:06,
Incidente,INC-18179,62751,Lote AD20260903 del material 1040359 con problemas,,,Evelyn Pozo M,712020:8120de32-7eac-45d7-b464-84865a422b01,Alta,Creado,,09/sep/26 15:08,09/sep/26 17:18,
AMS,AMS-2243,62755,BAJAR DESCARTE A CARGA Y HUEVO BOTADO YA QUE NO CAYO A LEGACY,Sebastian Suazo,712020:6b2b9a90-6b38-4d05-ae00-17b744f21325,Patricia Alejandra Gonzalez Gonzalez,712020:07c63278-b783-478e-aa14-bdb997864ab5,Alta,Validación del usuario,,09/sep/26 15:10,09/sep/26 16:57,
AMS,AMS-2244,62757,PDA 2831451619 SIN PODER RECEPCIONAR,Francisco Javier Meneses Labatut,712020:25b1599a-7d16-430d-9304-bd0a59164714,Posicionamiento Fdra.Sn.Vcte,712020:3be7ecbd-357b-445f-8122-351d406148ba,Alta,Validación del usuario,,09/sep/26 15:11,09/sep/26 19:31,
Incidente,INC-18182,62761,Cambio de lote productos,,,Evelyn Pozo M,712020:8120de32-7eac-45d7-b464-84865a422b01,Alta,Equipo Asignado,,09/sep/26 15:12,09/sep/26 15:13,
AMS,AMS-2245,62763,Cierre de pabellón las varillas crianza 45,Francisco Javier Meneses Labatut,712020:25b1599a-7d16-430d-9304-bd0a59164714,Joaquin Ignacio Molina Rehbein,712020:acf41590-bf02-4e76-84e8-8bd95587b0ed,Alta,Resolución del Incidente,,09/sep/26 15:12,09/sep/26 19:38,
AMS,AMS-2246,62767,Error de valor de merma en rendición cerrada,Magda Patricia Espinosa Bustos,712020:bb2e79ad-1f51-4542-9922-ae2652bcf9dd,Roxana Elena Torres Segura,712020:8326d106-a554-45f3-8595-9cc04eba9080,Alta,Asignación Resolutor,,09/sep/26 15:19,09/sep/26 18:16,
Incidente,INC-18183,62769,CAMBIO DE LOTE,,,Evelyn Pozo M,712020:8120de32-7eac-45d7-b464-84865a422b01,Alta,Creado,,09/sep/26 15:20,09/sep/26 17:26,
Requerimiento,REQ-3940,62771,Equipo instalacion de complemento de IBP,Javier Alejandro Gonzalez Abarca,712020:9fc9fa65-2e7a-4d4c-9ba5-288f12754593,Nicolas Prieto Camelo,712020:3f87e7d5-1b59-45ae-9674-027e748fb844,Media,Validación con Usuario,,09/sep/26 15:32,09/sep/26 16:43,
Requerimiento,REQ-3941,62773,Solicitud de transacciones para equipo de operarios ,,,Evelyn Pozo M,712020:8120de32-7eac-45d7-b464-84865a422b01,Media,Esperando por el usuario,,09/sep/26 15:38,09/sep/26 15:38,
Requerimiento,REQ-3942,62775,AUTORIZACION CENTRO T164  ,,,Evelyn Pozo M,712020:8120de32-7eac-45d7-b464-84865a422b01,Media,Validación de requisitos,,09/sep/26 15:45,09/sep/26 15:51,
Requerimiento,REQ-3943,62777,Llamado de consulta,Jhonny Torres N,712020:3cecf351-efbc-43f7-8cdc-ccc90034c4a0,Jhonny Torres N,712020:3cecf351-efbc-43f7-8cdc-ccc90034c4a0,Media,Validación con Usuario,,09/sep/26 15:46,09/sep/26 15:50,
Requerimiento,REQ-3944,62783,Instalación de impresora en Sitio 8,,,Karol Dayanna Palomino Serrano,712020:e4df31f3-cc17-4db7-b128-efd436a7f3c9,Media,Validación de requisitos,,09/sep/26 15:48,09/sep/26 15:49,
Requerimiento,REQ-3945,62785,Llamado de consulta,Jhonny Torres N,712020:3cecf351-efbc-43f7-8cdc-ccc90034c4a0,Jhonny Torres N,712020:3cecf351-efbc-43f7-8cdc-ccc90034c4a0,Media,Validación con Usuario,,09/sep/26 15:49,09/sep/26 15:51,
Requerimiento,REQ-3946,62789,Instalación de impresora en sector La Tosca - Peralillo / La Estrella,,,Karol Dayanna Palomino Serrano,712020:e4df31f3-cc17-4db7-b128-efd436a7f3c9,Media,Validación de requisitos,,09/sep/26 15:51,09/sep/26 15:51,
Requerimiento,REQ-3947,62791,Instalación de aplicativo. (1/2),,,Benjamín Reyes Aravena,712020:69f5cef6-164b-4af6-9971-75c05d019041,Media,Validación de requisitos,,09/sep/26 15:54,09/sep/26 15:54,
Requerimiento,REQ-3948,62793,Instalación de aplicativo. (2/2),,,Benjamín Reyes Aravena,712020:69f5cef6-164b-4af6-9971-75c05d019041,Media,Validación de requisitos,,09/sep/26 15:54,09/sep/26 15:54,
Requerimiento,REQ-3949,62797,Llamado de consulta,Jhonny Torres N,712020:3cecf351-efbc-43f7-8cdc-ccc90034c4a0,Jhonny Torres N,712020:3cecf351-efbc-43f7-8cdc-ccc90034c4a0,Media,Revisión del N1,,09/sep/26 15:57,09/sep/26 15:59,
Requerimiento,REQ-3950,62799,Instalación de Aplicativo,Javier Alejandro Gonzalez Abarca,712020:9fc9fa65-2e7a-4d4c-9ba5-288f12754593,Benjamín Reyes Aravena,712020:69f5cef6-164b-4af6-9971-75c05d019041,Media,Validación con Usuario,,09/sep/26 15:58,09/sep/26 16:43,
AMS,AMS-2248,62801,Anular ingreso de transporte a centro T106 Nro.6683223. Tarja pallets Nro.100000000047234006,LUZ ADRIANA CORREDOR GARCIA,712020:c4cdd827-d310-4562-a053-e021cad8b4d8,Ricardo Andres Velasquez Ruiz,712020:fdf457d6-a264-4eea-bc68-6b71bbd5a31d,Alta,Esperando por el usuario,,09/sep/26 16:00,09/sep/26 16:36,
Requerimiento,REQ-3951,62803,contraseña SQR,,,Jhonny Torres N,712020:3cecf351-efbc-43f7-8cdc-ccc90034c4a0,Media,Validación de requisitos,,09/sep/26 16:02,09/sep/26 16:02,
Requerimiento,REQ-3952,62805,Cambio de nombre en el workflow de liberación,,,Evelyn Pozo M,712020:8120de32-7eac-45d7-b464-84865a422b01,Media,Validación de requisitos,,09/sep/26 16:06,09/sep/26 16:07,
Incidente,INC-18187,62807,Servicio: Shoplogix.Connector (Servicio (WMI)) ,Marcelo Patricio Celis Retamal,712020:077cd782-bf12-45d5-81ef-952c99739577,Luis Nibaldo Bustos Arriagada,712020:164a2568-3825-4854-b34b-12934469c8eb,Alta,Documentación Incidente,,09/sep/26 16:06,09/sep/26 17:28,
Incidente,INC-18188,62809,Tareas se crean sin ID SAP,,,Evelyn Pozo M,712020:8120de32-7eac-45d7-b464-84865a422b01,Alta,Equipo Asignado,,09/sep/26 16:07,09/sep/26 16:39,
Requerimiento,REQ-3953,62811,cambio contraseña SQR,,,Jhonny Torres N,712020:3cecf351-efbc-43f7-8cdc-ccc90034c4a0,Media,Validación de requisitos,,09/sep/26 16:11,09/sep/26 16:11,
Requerimiento,REQ-3954,62813,Solicitud de asignación de transacción,,,Nicolas Prieto Camelo,712020:3f87e7d5-1b59-45ae-9674-027e748fb844,Media,Validación de requisitos,,09/sep/26 16:11,09/sep/26 16:12,
Requerimiento,REQ-3955,62815,Homologacion usuario iduarte con cmillaf en SPR,,,Sebastian Latife,712020:523fdaee-0def-45cd-99d0-88abc4b3104d,Media,Validación de requisitos,,09/sep/26 16:14,09/sep/26 19:37,
Incidente,INC-18190,62821,Bloqueo de cuenta y problemas de acceso a aplicativos Microsoft y VPN,,,Benjamín Reyes Aravena,712020:69f5cef6-164b-4af6-9971-75c05d019041,Alta,Creado,,09/sep/26 16:23,09/sep/26 17:12,
Requerimiento,REQ-3956,62823,Bloqueo por responsable de sistema,,,Evelyn Pozo M,712020:8120de32-7eac-45d7-b464-84865a422b01,Media,Validación de requisitos,,09/sep/26 16:24,09/sep/26 16:33,
Requerimiento,REQ-3957,62825,Llamado de consulta,Jhonny Torres N,712020:3cecf351-efbc-43f7-8cdc-ccc90034c4a0,Jhonny Torres N,712020:3cecf351-efbc-43f7-8cdc-ccc90034c4a0,Media,Validación con Usuario,,09/sep/26 16:24,09/sep/26 16:25,
Incidente,INC-18191,62827,Prueba ambiente de SQR - Pago Bofa con receptor de pago alternativo,,,Karoline Yised Lasso Torres,712020:172259ea-a77e-46f6-af04-a5c338f112f8,Alta,Equipo Asignado,,09/sep/26 16:26,09/sep/26 16:28,
Requerimiento,REQ-3958,62829,Usuario solita la configuración de equipo nuevo (Notebook) 1/2,,,Alejandro Enrique Gonzalez Bracho,712020:2a91d042-9782-44ad-8944-fe1523f3889d,Media,Validación de requisitos,,09/sep/26 16:32,09/sep/26 16:32,
Requerimiento,REQ-3959,62831,Usuario solita la configuración de equipo nuevo (Notebook) 2/2,,,Alejandro Enrique Gonzalez Bracho,712020:2a91d042-9782-44ad-8944-fe1523f3889d,Media,Validación de requisitos,,09/sep/26 16:32,09/sep/26 16:32,
AMS,AMS-2250,62833,Para el palet ingresado no hay ninguna UMP pendiente.,Diego Flores,712020:314bedea-6181-4d50-97d5-e114b8742d38,Luis Eduardo Velasquez Lemp,712020:b8165202-f7dc-49b8-98cb-184e9940292a,Alta,Validación del usuario,,09/sep/26 16:33,09/sep/26 17:42,
Requerimiento,REQ-3961,62843,LLAMADA CONSULTA,Ivette Sepulveda B,712020:563aa2d0-0127-4b79-a108-c061e76eb239,Ivette Sepulveda B,712020:563aa2d0-0127-4b79-a108-c061e76eb239,Media,Validación con Usuario,,09/sep/26 16:54,09/sep/26 16:56,
Requerimiento,REQ-3962,62845,LLAMADA CONSULTA,Ivette Sepulveda B,712020:563aa2d0-0127-4b79-a108-c061e76eb239,Ivette Sepulveda B,712020:563aa2d0-0127-4b79-a108-c061e76eb239,Media,Validación con Usuario,,09/sep/26 16:56,09/sep/26 16:58,
Incidente,INC-18194,62849,LLAMADAS ENTRANTES EXTERNAS A ANEXOS NO FUNCIONAN,,,Ivette Sepulveda B,712020:563aa2d0-0127-4b79-a108-c061e76eb239,Alta,Equipo Asignado,,09/sep/26 17:10,09/sep/26 17:19,
Incidente,INC-18195,62851,No reflejan los ambientes de SAP ,,,Felipe Esteban Ravellos Lara,712020:34aa28de-0baa-4f2f-92d4-785379a9a54c,Alta,Equipo Asignado,,09/sep/26 17:13,09/sep/26 17:23,
Requerimiento,REQ-3963,62853,EXTENSION DE VALIDEZ EN SAP,,,Ivette Sepulveda B,712020:563aa2d0-0127-4b79-a108-c061e76eb239,Media,Validación de requisitos,,09/sep/26 17:15,09/sep/26 17:42,
Incidente,INC-18197,62859,Incorporación de fechas a LOTES de producto de MMPP,,,Felipe Esteban Ravellos Lara,712020:34aa28de-0baa-4f2f-92d4-785379a9a54c,Alta,Equipo Asignado,,09/sep/26 18:05,09/sep/26 18:08,
Requerimiento,REQ-3964,62861,Solicitud VPN Usuario Externo - Derivar a Ciberseguridad,,,Ivette Sepulveda B,712020:563aa2d0-0127-4b79-a108-c061e76eb239,Media,Validación de requisitos,,09/sep/26 18:11,09/sep/26 18:12,
Incidente,INC-18198,62863,Usuario presenta problemas para registrar la mortalidad y suministros,,,Felipe Esteban Ravellos Lara,712020:34aa28de-0baa-4f2f-92d4-785379a9a54c,Alta,Equipo Asignado,,09/sep/26 18:13,09/sep/26 18:18,
Requerimiento,REQ-3965,62865,Homologación de perfil SAP SPR para consultores externos Aktivgroup,,,Karol Dayanna Palomino Serrano,712020:e4df31f3-cc17-4db7-b128-efd436a7f3c9,Media,Validación de requisitos,,09/sep/26 18:21,09/sep/26 18:25,
Requerimiento,REQ-3966,62867,LLAMADA CONSULTA,Ivette Sepulveda B,712020:563aa2d0-0127-4b79-a108-c061e76eb239,Ivette Sepulveda B,712020:563aa2d0-0127-4b79-a108-c061e76eb239,Media,Validación con Usuario,,09/sep/26 18:27,09/sep/26 18:31,
Incidente,INC-18199,62869,PROBLEMAS CON HMI,Hector Mauricio Maturana Sepulveda,712020:5ef99b58-b0e5-4fa4-bf37-5ecd42e4f255,Ivette Sepulveda B,712020:563aa2d0-0127-4b79-a108-c061e76eb239,Alta,Resuelto,,09/sep/26 18:27,09/sep/26 19:21,
Requerimiento,REQ-3967,62871,Sharepoint se ha quedado sin espacio de almacenamiento ,,,Karol Dayanna Palomino Serrano,712020:e4df31f3-cc17-4db7-b128-efd436a7f3c9,Media,Validación de requisitos,,09/sep/26 18:36,09/sep/26 18:38,
AMS,AMS-2254,62875,ELIMINAR TRANSPORTES ,Magda Patricia Espinosa Bustos,712020:bb2e79ad-1f51-4542-9922-ae2652bcf9dd,Francisco Javier Llempe Huichaqueo,712020:95350773-99a8-4649-a090-b6b9c65de0dd,Alta,Asignación Resolutor,,09/sep/26 18:40,09/sep/26 18:54,
AMS,AMS-2255,62879,cecina en transito,Magda Patricia Espinosa Bustos,712020:bb2e79ad-1f51-4542-9922-ae2652bcf9dd,Francisco Javier Llempe Huichaqueo,712020:95350773-99a8-4649-a090-b6b9c65de0dd,Alta,Asignación Resolutor,,09/sep/26 18:47,09/sep/26 18:56,
